date,region_id,region_intensity,urbanization_index,rainfall_mm,soil_saturation_pct,reservoir_level_pct,flash_flood,month,day_of_year,is_monsoon,rainfall_3d_sum,rainfall_7d_sum
2020-01-01,region_1,1.319,0.439,22.9,25.7,31.0,0,1,1,0,22.9,22.9
2020-01-02,region_1,1.319,0.439,0.1,41.5,30.4,0,1,2,0,23.0,23.0
2020-01-03,region_1,1.319,0.439,10.3,37.6,31.6,0,1,3,0,33.3,33.3
2020-01-04,region_1,1.319,0.439,0.3,42.0,30.4,0,1,4,0,10.700000000000001,33.6
2020-01-05,region_1,1.319,0.439,0.7,42.5,28.2,0,1,5,0,11.3,34.3
2020-01-06,region_1,1.319,0.439,1.0,41.1,27.4,0,1,6,0,2.0,35.3
2020-01-07,region_1,1.319,0.439,6.3,39.6,28.4,0,1,7,0,8.0,41.6
2020-01-08,region_1,1.319,0.439,0.4,41.3,26.9,0,1,8,0,7.7,19.1
2020-01-09,region_1,1.319,0.439,0.4,40.7,27.8,0,1,9,0,7.1,19.4
2020-01-10,region_1,1.319,0.439,1.5,40.7,27.4,0,1,10,0,2.3,10.6
2020-01-11,region_1,1.319,0.439,0.2,38.4,26.9,0,1,11,0,2.1,10.5
2020-01-12,region_1,1.319,0.439,0.7,33.8,24.4,0,1,12,0,2.4,10.5
2020-01-13,region_1,1.319,0.439,0.4,34.0,25.6,0,1,13,0,1.2999999999999998,9.9
2020-01-14,region_1,1.319,0.439,0.1,32.6,24.4,0,1,14,0,1.2,3.7
2020-01-15,region_1,1.319,0.439,0.7,30.9,22.9,0,1,15,0,1.2,4.0
2020-01-16,region_1,1.319,0.439,9.9,27.9,22.7,0,1,16,0,10.700000000000001,13.5
2020-01-17,region_1,1.319,0.439,0.3,38.7,23.3,0,1,17,0,10.900000000000002,12.3
2020-01-18,region_1,1.319,0.439,0.5,33.0,21.5,0,1,18,0,10.700000000000001,12.600000000000001
2020-01-19,region_1,1.319,0.439,0.3,31.9,22.0,0,1,19,0,1.1,12.2
2020-01-20,region_1,1.319,0.439,0.0,28.8,22.6,0,1,20,0,0.7999999999999999,11.8
2020-01-21,region_1,1.319,0.439,0.3,31.5,21.5,0,1,21,0,0.6,12.0
2020-01-22,region_1,1.319,0.439,0.3,28.8,20.1,0,1,22,0,0.6,11.6
2020-01-23,region_1,1.319,0.439,52.4,27.3,19.7,0,1,23,0,53.0,54.099999999999994
2020-01-24,region_1,1.319,0.439,0.5,69.7,21.1,0,1,24,0,53.2,54.300000000000004
2020-01-25,region_1,1.319,0.439,0.1,68.2,20.7,0,1,25,0,53.0,53.900000000000006
2020-01-26,region_1,1.319,0.439,10.1,63.5,19.2,0,1,26,0,10.7,63.7
2020-01-27,region_1,1.319,0.439,0.1,65.6,22.7,0,1,27,0,10.299999999999999,63.8
2020-01-28,region_1,1.319,0.439,1.2,63.5,22.6,0,1,28,0,11.4,64.7
2020-01-29,region_1,1.319,0.439,1.2,61.3,21.6,0,1,29,0,2.5,65.60000000000001
2020-01-30,region_1,1.319,0.439,0.9,61.6,20.6,0,1,30,0,3.3,14.1
2020-01-31,region_1,1.319,0.439,0.2,60.4,21.2,0,1,31,0,2.3,13.799999999999999
2020-02-01,region_1,1.319,0.439,0.0,58.6,21.9,0,2,32,0,1.1,13.7
2020-02-02,region_1,1.319,0.439,0.3,51.3,20.9,0,2,33,0,0.5,3.9
2020-02-03,region_1,1.319,0.439,1.3,52.3,19.5,0,2,34,0,1.6,5.1
2020-02-04,region_1,1.319,0.439,12.4,49.2,21.3,0,2,35,0,14.0,16.3
2020-02-05,region_1,1.319,0.439,0.1,61.0,24.0,0,2,36,0,13.799999999999999,15.2
2020-02-06,region_1,1.319,0.439,0.6,56.1,20.2,0,2,37,0,13.1,14.899999999999999
2020-02-07,region_1,1.319,0.439,0.3,54.4,20.1,0,2,38,0,1.0,15.0
2020-02-08,region_1,1.319,0.439,0.7,50.9,20.5,0,2,39,0,1.6,15.7
2020-02-09,region_1,1.319,0.439,0.6,48.4,18.5,0,2,40,0,1.5999999999999999,16.0
2020-02-10,region_1,1.319,0.439,0.1,45.5,19.9,0,2,41,0,1.4000000000000001,14.799999999999999
2020-02-11,region_1,1.319,0.439,0.3,43.0,18.6,0,2,42,0,1.0,2.6999999999999984
2020-02-12,region_1,1.319,0.439,0.1,40.8,18.4,0,2,43,0,0.5000000000000001,2.699999999999998
2020-02-13,region_1,1.319,0.439,0.5,41.1,17.0,0,2,44,0,0.9000000000000001,2.599999999999998
2020-02-14,region_1,1.319,0.439,0.1,40.9,16.4,0,2,45,0,0.7000000000000001,2.399999999999998
2020-02-15,region_1,1.319,0.439,0.2,36.3,14.8,0,2,46,0,0.8000000000000002,1.8999999999999981
2020-02-16,region_1,1.319,0.439,0.3,34.2,17.8,0,2,47,0,0.6000000000000001,1.599999999999998
2020-02-17,region_1,1.319,0.439,15.2,31.6,16.9,0,2,48,0,15.7,16.699999999999996
2020-02-18,region_1,1.319,0.439,1.0,45.5,17.4,0,2,49,0,16.5,17.4
2020-02-19,region_1,1.319,0.439,1.0,45.6,16.7,0,2,50,0,17.2,18.299999999999997
2020-02-20,region_1,1.319,0.439,1.6,44.4,13.8,0,2,51,0,3.6,19.4
2020-02-21,region_1,1.319,0.439,0.5,43.9,15.1,0,2,52,0,3.1,19.799999999999997
2020-02-22,region_1,1.319,0.439,0.7,40.8,15.2,0,2,53,0,2.8,20.299999999999997
2020-02-23,region_1,1.319,0.439,0.1,39.0,14.1,0,2,54,0,1.3,20.099999999999998
2020-02-24,region_1,1.319,0.439,5.2,39.0,13.1,0,2,55,0,6.0,10.099999999999998
2020-02-25,region_1,1.319,0.439,0.4,37.3,13.9,0,2,56,0,5.7,9.499999999999998
2020-02-26,region_1,1.319,0.439,7.2,36.7,14.6,0,2,57,0,12.8,15.7
2020-02-27,region_1,1.319,0.439,6.2,42.4,15.0,0,2,58,0,13.8,20.3
2020-02-28,region_1,1.319,0.439,0.1,40.3,16.0,0,2,59,0,13.5,19.9
2020-02-29,region_1,1.319,0.439,0.1,40.0,16.8,0,2,60,0,6.4,19.3
2020-03-01,region_1,1.319,0.439,2.9,39.2,15.0,0,3,61,0,3.1,22.099999999999998
2020-03-02,region_1,1.319,0.439,0.6,38.7,14.1,0,3,62,0,3.6,17.5
2020-03-03,region_1,1.319,0.439,1.4,39.0,15.8,0,3,63,0,4.9,18.499999999999996
2020-03-04,region_1,1.319,0.439,0.1,38.8,12.2,0,3,64,0,2.1,11.399999999999999
2020-03-05,region_1,1.319,0.439,0.5,35.6,11.3,0,3,65,0,2.0,5.699999999999998
2020-03-06,region_1,1.319,0.439,0.1,35.6,12.2,0,3,66,0,0.7,5.699999999999998
2020-03-07,region_1,1.319,0.439,8.4,30.6,13.5,0,3,67,0,9.0,13.999999999999998
2020-03-08,region_1,1.319,0.439,1.3,36.4,13.3,0,3,68,0,9.8,12.399999999999999
2020-03-09,region_1,1.319,0.439,0.4,39.6,11.7,0,3,69,0,10.1,12.199999999999998
2020-03-10,region_1,1.319,0.439,4.9,37.6,11.8,0,3,70,0,6.6000000000000005,15.7
2020-03-11,region_1,1.319,0.439,0.1,34.5,11.5,0,3,71,0,5.4,15.7
2020-03-12,region_1,1.319,0.439,0.5,34.7,11.1,0,3,72,0,5.5,15.7
2020-03-13,region_1,1.319,0.439,2.1,33.7,13.6,0,3,73,0,2.7,17.7
2020-03-14,region_1,1.319,0.439,0.3,34.1,11.8,0,3,74,0,2.9,9.6
2020-03-15,region_1,1.319,0.439,0.2,34.0,13.4,0,3,75,0,2.6,8.499999999999998
2020-03-16,region_1,1.319,0.439,0.9,33.5,10.5,0,3,76,0,1.4,9.0
2020-03-17,region_1,1.319,0.439,0.3,30.1,11.6,0,3,77,0,1.4,4.399999999999999
2020-03-18,region_1,1.319,0.439,1.2,30.5,11.1,0,3,78,0,2.4,5.499999999999998
2020-03-19,region_1,1.319,0.439,0.6,29.3,11.5,0,3,79,0,2.1,5.599999999999999
2020-03-20,region_1,1.319,0.439,1.1,27.3,10.6,0,3,80,0,2.9000000000000004,4.599999999999998
2020-03-21,region_1,1.319,0.439,0.2,24.5,11.1,0,3,81,0,1.9000000000000001,4.499999999999998
2020-03-22,region_1,1.319,0.439,14.4,27.5,10.4,0,3,82,0,15.700000000000001,18.7
2020-03-23,region_1,1.319,0.439,2.1,34.9,9.3,0,3,83,0,16.700000000000003,19.9
2020-03-24,region_1,1.319,0.439,16.7,34.5,11.1,0,3,84,0,33.2,36.3
2020-03-25,region_1,1.319,0.439,59.7,44.7,11.4,0,3,85,0,78.5,94.8
2020-03-26,region_1,1.319,0.439,1.0,96.8,20.9,0,3,86,0,77.4,95.2
2020-03-27,region_1,1.319,0.439,17.0,90.2,22.4,0,3,87,0,77.7,111.1
2020-03-28,region_1,1.319,0.439,1.0,94.8,32.8,0,3,88,0,19.0,111.9
2020-03-29,region_1,1.319,0.439,8.3,90.8,31.3,0,3,89,0,26.3,105.8
2020-03-30,region_1,1.319,0.439,0.7,95.2,36.1,0,3,90,0,10.0,104.39999999999999
2020-03-31,region_1,1.319,0.439,1.7,91.2,34.5,0,3,91,0,10.700000000000001,89.4
2020-04-01,region_1,1.319,0.439,0.2,86.7,34.1,0,4,92,0,2.6,29.900000000000002
2020-04-02,region_1,1.319,0.439,4.2,84.2,34.9,0,4,93,0,6.1000000000000005,33.1
2020-04-03,region_1,1.319,0.439,2.0,83.5,36.5,0,4,94,0,6.4,18.1
2020-04-04,region_1,1.319,0.439,1.1,80.1,35.2,0,4,95,0,7.300000000000001,18.2
2020-04-05,region_1,1.319,0.439,47.6,76.0,36.7,0,4,96,0,50.7,57.5
2020-04-06,region_1,1.319,0.439,20.1,100.0,54.3,0,4,97,0,68.80000000000001,76.9
2020-04-07,region_1,1.319,0.439,0.6,100.0,69.4,0,4,98,0,68.30000000000001,75.8
2020-04-08,region_1,1.319,0.439,7.5,96.6,67.9,0,4,99,0,28.200000000000003,83.10000000000001
2020-04-09,region_1,1.319,0.439,1.7,96.6,70.9,0,4,100,0,9.799999999999999,80.60000000000001
2020-04-10,region_1,1.319,0.439,5.2,92.6,68.4,0,4,101,0,14.4,83.80000000000001
2020-04-11,region_1,1.319,0.439,0.6,94.0,71.4,0,4,102,0,7.5,83.3
2020-04-12,region_1,1.319,0.439,5.8,91.3,69.5,0,4,103,0,11.6,41.5
2020-04-13,region_1,1.319,0.439,3.6,92.2,71.5,0,4,104,0,10.0,25.0
2020-04-14,region_1,1.319,0.439,0.3,89.5,72.7,0,4,105,0,9.7,24.7
2020-04-15,region_1,1.319,0.439,3.8,84.0,70.8,0,4,106,0,7.699999999999999,21.0
2020-04-16,region_1,1.319,0.439,13.8,81.8,71.7,0,4,107,0,17.9,33.1
2020-04-17,region_1,1.319,0.439,0.1,91.1,75.5,0,4,108,0,17.7,28.0
2020-04-18,region_1,1.319,0.439,5.9,86.8,74.1,0,4,109,0,19.8,33.3
2020-04-19,region_1,1.319,0.439,81.0,88.4,75.5,0,4,110,0,87.0,108.5
2020-04-20,region_1,1.319,0.439,0.2,99.3,100.0,0,4,111,0,87.10000000000001,105.10000000000001
2020-04-21,region_1,1.319,0.439,0.2,94.8,97.1,0,4,112,0,81.4,105.0
2020-04-22,region_1,1.319,0.439,25.3,94.1,94.7,0,4,113,0,25.7,126.5
2020-04-23,region_1,1.319,0.439,47.3,100.0,100.0,0,4,114,0,72.8,160.0
2020-04-24,region_1,1.319,0.439,2.4,98.7,99.7,0,4,115,0,75.0,162.3
2020-04-25,region_1,1.319,0.439,2.6,99.6,99.6,0,4,116,0,52.3,159.0
2020-04-26,region_1,1.319,0.439,0.0,92.7,100.0,0,4,117,0,5.0,78.0
2020-04-27,region_1,1.319,0.439,1.8,89.3,94.2,0,4,118,0,4.4,79.6
2020-04-28,region_1,1.319,0.439,4.1,86.6,95.5,0,4,119,0,5.9,83.5
2020-04-29,region_1,1.319,0.439,1.5,85.5,92.9,0,4,120,0,7.4,59.699999999999996
2020-04-30,region_1,1.319,0.439,17.8,83.4,92.9,0,4,121,0,23.400000000000002,30.2
2020-05-01,region_1,1.319,0.439,1.4,92.0,97.2,0,5,122,0,20.700000000000003,29.2
2020-05-02,region_1,1.319,0.439,45.4,89.4,95.6,0,5,123,0,64.6,72.0
2020-05-03,region_1,1.319,0.439,0.3,99.4,99.8,0,5,124,0,47.099999999999994,72.3
2020-05-04,region_1,1.319,0.439,0.5,96.1,97.3,0,5,125,0,46.199999999999996,71.0
2020-05-05,region_1,1.319,0.439,46.8,91.4,94.4,0,5,126,0,47.599999999999994,113.69999999999999
2020-05-06,region_1,1.319,0.439,15.1,97.9,100.0,0,5,127,0,62.4,127.29999999999998
2020-05-07,region_1,1.319,0.439,3.9,100.0,99.8,0,5,128,0,65.8,113.39999999999998
2020-05-08,region_1,1.319,0.439,44.7,98.0,100.0,0,5,129,0,63.7,156.7
2020-05-09,region_1,1.319,0.439,1.9,98.9,98.6,0,5,130,0,50.5,113.19999999999999
2020-05-10,region_1,1.319,0.439,2.4,95.9,98.5,0,5,131,0,49.0,115.3
2020-05-11,region_1,1.319,0.439,2.8,93.0,99.1,0,5,132,0,7.1,117.6
2020-05-12,region_1,1.319,0.439,0.6,90.6,98.1,0,5,133,0,5.799999999999999,71.39999999999999
2020-05-13,region_1,1.319,0.439,21.9,89.7,95.0,0,5,134,0,25.299999999999997,78.19999999999999
2020-05-14,region_1,1.319,0.439,10.7,100.0,100.0,0,5,135,1,33.199999999999996,85.0
2020-05-15,region_1,1.319,0.439,6.2,95.9,99.4,0,5,136,1,38.8,46.49999999999999
2020-05-16,region_1,1.319,0.439,14.5,100.0,99.9,0,5,137,1,31.4,59.099999999999994
2020-05-17,region_1,1.319,0.439,27.2,100.0,98.5,0,5,138,1,47.9,83.89999999999999
2020-05-18,region_1,1.319,0.439,0.5,99.7,99.6,0,5,139,1,42.199999999999996,81.6
2020-05-19,region_1,1.319,0.439,2.5,97.0,99.5,0,5,140,1,30.2,83.49999999999999
2020-05-20,region_1,1.319,0.439,10.4,95.3,96.6,0,5,141,1,13.4,72.0
2020-05-21,region_1,1.319,0.439,0.3,95.0,98.5,0,5,142,1,13.200000000000001,61.599999999999994
2020-05-22,region_1,1.319,0.439,1.2,92.9,98.4,0,5,143,1,11.9,56.59999999999999
2020-05-23,region_1,1.319,0.439,39.8,92.0,96.2,0,5,144,1,41.3,81.89999999999999
2020-05-24,region_1,1.319,0.439,3.5,98.1,100.0,0,5,145,1,44.5,58.19999999999999
2020-05-25,region_1,1.319,0.439,6.6,98.0,99.1,0,5,146,1,49.9,64.29999999999998
2020-05-26,region_1,1.319,0.439,6.4,96.7,99.0,0,5,147,1,16.5,68.19999999999999
2020-05-27,region_1,1.319,0.439,82.2,99.1,99.8,1,5,148,1,95.2,140.0
2020-05-28,region_1,1.319,0.439,3.3,100.0,100.0,0,5,149,1,91.9,142.99999999999997
2020-05-29,region_1,1.319,0.439,3.1,97.9,99.9,0,5,150,1,88.60000000000001,144.89999999999998
2020-05-30,region_1,1.319,0.439,47.0,95.3,99.8,0,5,151,1,53.4,152.1
2020-05-31,region_1,1.319,0.439,0.4,97.4,99.5,0,5,152,1,50.5,149.0
2020-06-01,region_1,1.319,0.439,48.5,97.8,98.0,0,6,153,1,95.9,190.89999999999998
2020-06-02,region_1,1.319,0.439,4.2,99.5,100.0,0,6,154,1,53.1,188.7
2020-06-03,region_1,1.319,0.439,55.4,98.6,98.7,0,6,155,1,108.1,161.89999999999998
2020-06-04,region_1,1.319,0.439,15.3,100.0,100.0,0,6,156,1,74.9,173.89999999999998
2020-06-05,region_1,1.319,0.439,2.0,100.0,99.6,0,6,157,1,72.7,172.79999999999998
2020-06-06,region_1,1.319,0.439,19.0,98.3,99.3,0,6,158,1,36.3,144.79999999999998
2020-06-07,region_1,1.319,0.439,23.5,100.0,100.0,0,6,159,1,44.5,167.89999999999998
2020-06-08,region_1,1.319,0.439,7.4,100.0,100.0,0,6,160,1,49.9,126.79999999999998
2020-06-09,region_1,1.319,0.439,93.4,100.0,98.4,1,6,161,1,124.30000000000001,216.0
2020-06-10,region_1,1.319,0.439,70.4,98.3,99.0,1,6,162,1,171.20000000000002,231.0
2020-06-11,region_1,1.319,0.439,6.6,99.8,99.4,0,6,163,1,170.4,222.3
2020-06-12,region_1,1.319,0.439,62.1,100.0,99.2,0,6,164,1,139.10000000000002,282.4
2020-06-13,region_1,1.319,0.439,4.7,98.7,99.5,0,6,165,1,73.4,268.1
2020-06-14,region_1,1.319,0.439,10.5,97.7,100.0,0,6,166,1,77.30000000000001,255.1
2020-06-15,region_1,1.319,0.439,50.5,98.7,100.0,1,6,167,1,65.7,298.2
2020-06-16,region_1,1.319,0.439,1.3,100.0,99.6,0,6,168,1,62.3,206.1
2020-06-17,region_1,1.319,0.439,68.8,98.3,99.1,1,6,169,1,120.6,204.5
2020-06-18,region_1,1.319,0.439,4.2,100.0,100.0,0,6,170,1,74.3,202.1
2020-06-19,region_1,1.319,0.439,45.7,95.0,100.0,0,6,171,1,118.7,185.7
2020-06-20,region_1,1.319,0.439,11.3,100.0,100.0,0,6,172,1,61.2,192.29999999999998
2020-06-21,region_1,1.319,0.439,65.5,99.3,99.3,1,6,173,1,122.5,247.29999999999998
2020-06-22,region_1,1.319,0.439,68.3,100.0,100.0,1,6,174,1,145.1,265.09999999999997
2020-06-23,region_1,1.319,0.439,50.5,99.8,98.9,0,6,175,1,184.29999999999998,314.29999999999995
2020-06-24,region_1,1.319,0.439,9.0,98.7,99.0,0,6,176,1,127.8,254.5
2020-06-25,region_1,1.319,0.439,1.7,99.9,98.6,0,6,177,1,61.2,252.0
2020-06-26,region_1,1.319,0.439,14.7,95.9,97.7,0,6,178,1,25.4,220.99999999999997
2020-06-27,region_1,1.319,0.439,0.3,100.0,100.0,0,6,179,1,16.7,209.99999999999997
2020-06-28,region_1,1.319,0.439,0.4,94.2,97.2,0,6,180,1,15.399999999999999,144.9
2020-06-29,region_1,1.319,0.439,2.6,89.6,95.0,0,6,181,1,3.3000000000000003,79.19999999999999
2020-06-30,region_1,1.319,0.439,66.7,89.7,94.0,0,6,182,1,69.7,95.39999999999999
2020-07-01,region_1,1.319,0.439,0.3,100.0,100.0,0,7,183,1,69.6,86.69999999999999
2020-07-02,region_1,1.319,0.439,7.1,96.3,96.4,0,7,184,1,74.10000000000001,92.1
2020-07-03,region_1,1.319,0.439,38.9,94.5,98.6,0,7,185,1,46.3,116.3
2020-07-04,region_1,1.319,0.439,140.2,98.9,99.2,1,7,186,1,186.2,256.2
2020-07-05,region_1,1.319,0.439,8.8,99.0,99.9,0,7,187,1,187.9,264.59999999999997
2020-07-06,region_1,1.319,0.439,31.8,100.0,100.0,1,7,188,1,180.79999999999998,293.8
2020-07-07,region_1,1.319,0.439,1.4,98.8,100.0,0,7,189,1,42.0,228.49999999999997
2020-07-08,region_1,1.319,0.439,46.7,97.5,99.0,0,7,190,1,79.9,274.9
2020-07-09,region_1,1.319,0.439,76.0,100.0,99.9,1,7,191,1,124.1,343.79999999999995
2020-07-10,region_1,1.319,0.439,38.8,100.0,99.6,0,7,192,1,161.5,343.7
2020-07-11,region_1,1.319,0.439,90.2,100.0,100.0,1,7,193,1,205.0,293.7
2020-07-12,region_1,1.319,0.439,212.4,100.0,97.2,1,7,194,1,341.4,497.3
2020-07-13,region_1,1.319,0.439,4.8,97.8,100.0,0,7,195,1,307.4,470.3
2020-07-14,region_1,1.319,0.439,2.0,100.0,100.0,0,7,196,1,219.20000000000002,470.90000000000003
2020-07-15,region_1,1.319,0.439,202.0,95.8,100.0,0,7,197,1,208.8,626.2
2020-07-16,region_1,1.319,0.439,100.3,99.4,98.3,0,7,198,1,304.3,650.5
2020-07-17,region_1,1.319,0.439,5.1,100.0,99.6,0,7,199,1,307.4,616.8000000000001
2020-07-18,region_1,1.319,0.439,16.4,99.3,98.6,0,7,200,1,121.8,543.0
2020-07-19,region_1,1.319,0.439,4.9,99.2,98.2,0,7,201,1,26.4,335.5
2020-07-20,region_1,1.319,0.439,55.2,100.0,99.8,0,7,202,1,76.5,385.9
2020-07-21,region_1,1.319,0.439,37.6,99.4,100.0,0,7,203,1,97.7,421.5
2020-07-22,region_1,1.319,0.439,66.7,99.1,100.0,0,7,204,1,159.5,286.2
2020-07-23,region_1,1.319,0.439,130.4,98.3,99.5,0,7,205,1,234.70000000000002,316.3
2020-07-24,region_1,1.319,0.439,4.5,98.8,100.0,0,7,206,1,201.60000000000002,315.70000000000005
2020-07-25,region_1,1.319,0.439,92.0,97.1,99.8,0,7,207,1,226.9,391.3
2020-07-26,region_1,1.319,0.439,3.5,100.0,100.0,0,7,208,1,100.0,389.90000000000003
2020-07-27,region_1,1.319,0.439,1.4,96.2,100.0,0,7,209,1,96.9,336.1
2020-07-28,region_1,1.319,0.439,20.5,91.3,97.8,0,7,210,1,25.4,319.0
2020-07-29,region_1,1.319,0.439,57.6,100.0,100.0,0,7,211,1,79.5,309.90000000000003
2020-07-30,region_1,1.319,0.439,4.5,99.0,98.8,0,7,212,1,82.6,184.0
2020-07-31,region_1,1.319,0.439,28.0,98.6,100.0,0,7,213,1,90.1,207.5
2020-08-01,region_1,1.319,0.439,14.0,100.0,100.0,0,8,214,1,46.5,129.5
2020-08-02,region_1,1.319,0.439,21.8,100.0,100.0,0,8,215,1,63.8,147.8
2020-08-03,region_1,1.319,0.439,66.6,100.0,98.8,1,8,216,1,102.39999999999999,213.0
2020-08-04,region_1,1.319,0.439,7.9,99.9,99.8,0,8,217,1,96.3,200.39999999999998
2020-08-05,region_1,1.319,0.439,83.7,100.0,100.0,0,8,218,1,158.2,226.5
2020-08-06,region_1,1.319,0.439,16.1,99.2,100.0,0,8,219,1,107.70000000000002,238.1
2020-08-07,region_1,1.319,0.439,4.4,100.0,100.0,0,8,220,1,104.2,214.5
2020-08-08,region_1,1.319,0.439,11.9,97.8,100.0,0,8,221,1,32.400000000000006,212.4
2020-08-09,region_1,1.319,0.439,10.6,98.8,98.7,0,8,222,1,26.9,201.2
2020-08-10,region_1,1.319,0.439,126.8,99.7,99.8,1,8,223,1,149.3,261.40000000000003
2020-08-11,region_1,1.319,0.439,10.6,98.0,98.3,0,8,224,1,148.0,264.1
2020-08-12,region_1,1.319,0.439,77.3,100.0,100.0,0,8,225,1,214.7,257.7
2020-08-13,region_1,1.319,0.439,7.4,99.5,100.0,0,8,226,1,95.3,249.0
2020-08-14,region_1,1.319,0.439,0.1,100.0,100.0,0,8,227,1,84.8,244.7
2020-08-15,region_1,1.319,0.439,20.6,93.1,98.4,0,8,228,1,28.1,253.39999999999998
2020-08-16,region_1,1.319,0.439,91.6,100.0,100.0,0,8,229,1,112.3,334.4
2020-08-17,region_1,1.319,0.439,104.8,100.0,100.0,0,8,230,1,217.0,312.4
2020-08-18,region_1,1.319,0.439,11.9,100.0,99.7,0,8,231,1,208.29999999999998,313.7
2020-08-19,region_1,1.319,0.439,6.7,100.0,100.0,0,8,232,1,123.39999999999999,243.1
2020-08-20,region_1,1.319,0.439,4.8,100.0,100.0,0,8,233,1,23.4,240.49999999999997
2020-08-21,region_1,1.319,0.439,1.0,98.5,97.9,0,8,234,1,12.5,241.39999999999998
2020-08-22,region_1,1.319,0.439,0.8,95.9,98.1,0,8,235,1,6.6,221.6
2020-08-23,region_1,1.319,0.439,7.3,91.0,95.8,0,8,236,1,9.1,137.3
2020-08-24,region_1,1.319,0.439,69.6,89.9,100.0,0,8,237,1,77.69999999999999,102.1
2020-08-25,region_1,1.319,0.439,74.3,100.0,99.9,0,8,238,1,151.2,164.5
2020-08-26,region_1,1.319,0.439,20.3,99.6,99.2,0,8,239,1,164.2,178.1
2020-08-27,region_1,1.319,0.439,3.8,97.8,100.0,0,8,240,1,98.39999999999999,177.1
2020-08-28,region_1,1.319,0.439,30.6,97.0,100.0,0,8,241,1,54.7,206.7
2020-08-29,region_1,1.319,0.439,0.7,99.7,99.9,0,8,242,1,35.10000000000001,206.6
2020-08-30,region_1,1.319,0.439,1.1,95.8,96.7,0,8,243,1,32.4,200.4
2020-08-31,region_1,1.319,0.439,18.2,92.1,95.9,0,8,244,1,20.0,149.0
2020-09-01,region_1,1.319,0.439,0.6,100.0,99.4,0,9,245,1,19.900000000000002,75.3
2020-09-02,region_1,1.319,0.439,4.3,93.8,97.6,0,9,246,1,23.099999999999998,59.300000000000004
2020-09-03,region_1,1.319,0.439,59.4,94.7,98.3,0,9,247,1,64.3,114.9
2020-09-04,region_1,1.319,0.439,3.2,98.7,99.3,0,9,248,1,66.89999999999999,87.5
2020-09-05,region_1,1.319,0.439,0.7,100.0,99.3,0,9,249,1,63.3,87.5
2020-09-06,region_1,1.319,0.439,5.9,93.2,98.0,0,9,250,1,9.8,92.3
2020-09-07,region_1,1.319,0.439,0.8,93.1,97.4,0,9,251,1,7.4,74.89999999999999
2020-09-08,region_1,1.319,0.439,28.5,91.5,98.3,0,9,252,1,35.2,102.8
2020-09-09,region_1,1.319,0.439,54.2,100.0,100.0,1,9,253,1,83.5,152.7
2020-09-10,region_1,1.319,0.439,3.4,100.0,98.8,0,9,254,1,86.10000000000001,96.7
2020-09-11,region_1,1.319,0.439,6.2,95.2,99.0,0,9,255,1,63.80000000000001,99.7
2020-09-12,region_1,1.319,0.439,73.4,98.7,99.1,0,9,256,1,83.00000000000001,172.4
2020-09-13,region_1,1.319,0.439,92.0,100.0,99.2,0,9,257,1,171.60000000000002,258.5
2020-09-14,region_1,1.319,0.439,3.0,99.9,100.0,0,9,258,1,168.40000000000003,260.7
2020-09-15,region_1,1.319,0.439,29.8,97.9,98.3,0,9,259,1,124.80000000000001,262.0
2020-09-16,region_1,1.319,0.439,1.3,100.0,99.7,0,9,260,1,34.100000000000016,209.1
2020-09-17,region_1,1.319,0.439,49.9,97.7,99.6,0,9,261,1,81.00000000000001,255.6
2020-09-18,region_1,1.319,0.439,73.6,100.0,99.5,1,9,262,1,124.80000000000001,323.0
2020-09-19,region_1,1.319,0.439,10.9,100.0,100.0,0,9,263,1,134.4,260.5
2020-09-20,region_1,1.319,0.439,2.7,100.0,98.3,0,9,264,1,87.2,171.2
2020-09-21,region_1,1.319,0.439,39.3,96.3,98.4,0,9,265,1,52.90000000000001,207.5
2020-09-22,region_1,1.319,0.439,14.8,97.6,99.1,0,9,266,0,56.80000000000001,192.49999999999997
2020-09-23,region_1,1.319,0.439,38.6,99.6,100.0,1,9,267,0,92.70000000000002,229.8
2020-09-24,region_1,1.319,0.439,21.6,100.0,99.0,0,9,268,0,75.00000000000003,201.5
2020-09-25,region_1,1.319,0.439,153.4,100.0,100.0,0,9,269,0,213.60000000000002,281.3
2020-09-26,region_1,1.319,0.439,66.4,99.2,98.4,0,9,270,0,241.40000000000003,336.80000000000007
2020-09-27,region_1,1.319,0.439,81.2,100.0,100.0,1,9,271,0,301.00000000000006,415.3
2020-09-28,region_1,1.319,0.439,0.2,97.8,100.0,0,9,272,0,147.80000000000004,376.20000000000005
2020-09-29,region_1,1.319,0.439,5.0,97.0,97.8,0,9,273,0,86.40000000000003,366.40000000000003
2020-09-30,region_1,1.319,0.439,0.8,94.2,98.4,0,9,274,0,6.000000000000028,328.6
2020-10-01,region_1,1.319,0.439,1.3,89.9,98.2,0,10,275,0,7.100000000000028,308.30000000000007
2020-10-02,region_1,1.319,0.439,5.2,90.2,97.0,0,10,276,0,7.300000000000029,160.10000000000002
2020-10-03,region_1,1.319,0.439,0.1,88.2,94.3,0,10,277,0,6.600000000000029,93.8
2020-10-04,region_1,1.319,0.439,0.5,81.0,92.2,0,10,278,0,5.800000000000029,13.1
2020-10-05,region_1,1.319,0.439,30.3,78.9,89.3,0,10,279,0,30.900000000000027,43.2
2020-10-06,region_1,1.319,0.439,60.8,100.0,96.5,0,10,280,0,91.60000000000002,99.0
2020-10-07,region_1,1.319,0.439,71.8,100.0,100.0,0,10,281,0,162.90000000000003,170.0
2020-10-08,region_1,1.319,0.439,19.6,100.0,100.0,0,10,282,0,152.20000000000002,188.29999999999998
2020-10-09,region_1,1.319,0.439,3.4,97.2,98.4,0,10,283,0,94.80000000000003,186.5
2020-10-10,region_1,1.319,0.439,0.1,99.9,100.0,0,10,284,0,23.10000000000003,186.5
2020-10-11,region_1,1.319,0.439,11.1,92.4,97.3,0,10,285,0,14.600000000000028,197.1
2020-10-12,region_1,1.319,0.439,1.5,97.9,99.4,0,10,286,0,12.700000000000028,168.29999999999998
2020-10-13,region_1,1.319,0.439,2.7,91.2,97.7,0,10,287,0,15.30000000000003,110.2
2020-10-14,region_1,1.319,0.439,17.6,90.4,97.5,0,10,288,0,21.800000000000033,56.0
2020-10-15,region_1,1.319,0.439,1.2,94.9,100.0,0,10,289,0,21.500000000000032,37.6
2020-10-16,region_1,1.319,0.439,23.0,91.6,98.5,0,10,290,0,41.80000000000003,57.2
2020-10-17,region_1,1.319,0.439,1.7,100.0,100.0,0,10,291,0,25.90000000000003,58.800000000000004
2020-10-18,region_1,1.319,0.439,4.9,94.7,97.6,0,10,292,0,29.600000000000033,52.6
2020-10-19,region_1,1.319,0.439,0.2,99.6,99.0,0,10,293,0,6.800000000000033,51.3
2020-10-20,region_1,1.319,0.439,4.6,90.1,97.5,0,10,294,0,9.700000000000031,53.2
2020-10-21,region_1,1.319,0.439,1.9,89.5,96.3,0,10,295,0,6.700000000000031,37.49999999999999
2020-10-22,region_1,1.319,0.439,0.2,89.3,96.2,0,10,296,0,6.700000000000031,36.5
2020-10-23,region_1,1.319,0.439,0.0,86.3,94.1,0,10,297,0,2.100000000000032,13.5
2020-10-24,region_1,1.319,0.439,1.9,80.0,91.1,0,10,298,0,2.1000000000000316,13.700000000000001
2020-10-25,region_1,1.319,0.439,3.2,76.6,89.8,0,10,299,0,5.100000000000032,12.0
2020-10-26,region_1,1.319,0.439,10.8,75.6,88.4,0,10,300,0,15.900000000000032,22.6
2020-10-27,region_1,1.319,0.439,48.2,79.9,90.4,0,10,301,0,62.20000000000003,66.2
2020-10-28,region_1,1.319,0.439,0.3,100.0,98.8,0,10,302,0,59.300000000000026,64.60000000000001
2020-10-29,region_1,1.319,0.439,0.1,95.4,97.5,0,10,303,0,48.60000000000003,64.50000000000001
2020-10-30,region_1,1.319,0.439,2.3,91.7,96.4,0,10,304,0,2.700000000000028,66.80000000000001
2020-10-31,region_1,1.319,0.439,0.3,88.7,94.9,0,10,305,0,2.700000000000028,65.2
2020-11-01,region_1,1.319,0.439,3.0,85.4,91.2,0,11,306,0,5.600000000000028,65.0
2020-11-02,region_1,1.319,0.439,1.9,81.3,90.4,0,11,307,0,5.200000000000028,56.1
2020-11-03,region_1,1.319,0.439,32.3,78.4,88.7,0,11,308,0,37.200000000000024,40.199999999999996
2020-11-04,region_1,1.319,0.439,0.8,100.0,98.5,0,11,309,0,35.00000000000002,40.699999999999996
2020-11-05,region_1,1.319,0.439,0.2,95.8,97.1,0,11,310,0,33.300000000000026,40.8
2020-11-06,region_1,1.319,0.439,0.4,91.8,95.4,0,11,311,0,1.4000000000000286,38.89999999999999
2020-11-07,region_1,1.319,0.439,0.2,86.3,94.3,0,11,312,0,0.8000000000000285,38.8
2020-11-08,region_1,1.319,0.439,2.3,84.3,88.9,0,11,313,0,2.9000000000000283,38.099999999999994
2020-11-09,region_1,1.319,0.439,0.8,79.6,89.2,0,11,314,0,3.3000000000000282,37.0
2020-11-10,region_1,1.319,0.439,0.1,77.5,87.2,0,11,315,0,3.200000000000028,4.8
2020-11-11,region_1,1.319,0.439,2.2,76.2,84.1,0,11,316,0,3.1000000000000285,6.2
2020-11-12,region_1,1.319,0.439,0.1,70.9,81.8,0,11,317,0,2.4000000000000283,6.1
2020-11-13,region_1,1.319,0.439,0.3,70.8,80.9,0,11,318,0,2.6000000000000285,6.0
2020-11-14,region_1,1.319,0.439,2.1,64.1,80.7,0,11,319,0,2.5000000000000284,7.9
2020-11-15,region_1,1.319,0.439,1.0,62.6,77.3,0,11,320,0,3.4000000000000283,6.6
2020-11-16,region_1,1.319,0.439,0.9,60.6,74.5,0,11,321,0,4.000000000000028,6.7
2020-11-17,region_1,1.319,0.439,2.2,60.6,73.4,0,11,322,0,4.100000000000028,8.8
2020-11-18,region_1,1.319,0.439,0.2,60.5,71.1,0,11,323,0,3.3000000000000287,6.8
2020-11-19,region_1,1.319,0.439,0.4,58.7,70.4,0,11,324,0,2.8000000000000287,7.1000000000000005
2020-11-20,region_1,1.319,0.439,0.5,56.2,69.3,0,11,325,0,1.1000000000000285,7.3
2020-11-21,region_1,1.319,0.439,1.8,53.4,66.2,0,11,326,0,2.7000000000000286,7.0
2020-11-22,region_1,1.319,0.439,0.1,49.8,62.3,0,11,327,0,2.4000000000000288,6.1000000000000005
2020-11-23,region_1,1.319,0.439,1.5,47.4,64.1,0,11,328,0,3.4000000000000288,6.7
2020-11-24,region_1,1.319,0.439,0.0,48.5,61.9,0,11,329,0,1.6000000000000285,4.5
2020-11-25,region_1,1.319,0.439,0.3,47.2,60.0,0,11,330,0,1.8000000000000285,4.6000000000000005
2020-11-26,region_1,1.319,0.439,0.2,41.6,58.4,0,11,331,0,0.5000000000000284,4.4
2020-11-27,region_1,1.319,0.439,0.6,43.2,58.1,0,11,332,0,1.1000000000000285,4.5
2020-11-28,region_1,1.319,0.439,8.0,36.9,55.8,0,11,333,0,8.80000000000003,10.7
2020-11-29,region_1,1.319,0.439,3.4,44.3,56.4,0,11,334,0,12.00000000000003,14.0
2020-11-30,region_1,1.319,0.439,7.4,44.5,55.4,0,11,335,0,18.80000000000003,19.9
2020-12-01,region_1,1.319,0.439,0.9,48.5,53.7,0,12,336,0,11.70000000000003,20.8
2020-12-02,region_1,1.319,0.439,4.8,47.2,52.2,0,12,337,0,13.10000000000003,25.3
2020-12-03,region_1,1.319,0.439,1.2,47.6,52.0,0,12,338,0,6.9000000000000306,26.3
2020-12-04,region_1,1.319,0.439,17.7,48.0,50.5,0,12,339,0,23.70000000000003,43.4
2020-12-05,region_1,1.319,0.439,0.4,56.3,49.9,0,12,340,0,19.300000000000026,35.8
2020-12-06,region_1,1.319,0.439,0.1,55.2,52.3,0,12,341,0,18.200000000000028,32.5
2020-12-07,region_1,1.319,0.439,2.1,53.7,49.8,0,12,342,0,2.6000000000000285,27.200000000000003
2020-12-08,region_1,1.319,0.439,0.7,50.6,47.7,0,12,343,0,2.9000000000000288,27.0
2020-12-09,region_1,1.319,0.439,0.2,47.4,45.1,0,12,344,0,3.0000000000000284,22.4
2020-12-10,region_1,1.319,0.439,0.0,44.8,45.6,0,12,345,0,0.9000000000000283,21.2
2020-12-11,region_1,1.319,0.439,1.3,46.8,44.0,0,12,346,0,1.5000000000000284,4.8
2020-12-12,region_1,1.319,0.439,0.7,45.5,43.5,0,12,347,0,2.0000000000000284,5.1
2020-12-13,region_1,1.319,0.439,21.0,42.9,40.3,0,12,348,0,23.00000000000003,26.0
2020-12-14,region_1,1.319,0.439,0.2,56.1,43.7,0,12,349,0,21.900000000000027,24.099999999999998
2020-12-15,region_1,1.319,0.439,0.8,54.7,42.7,0,12,350,0,22.00000000000003,24.2
2020-12-16,region_1,1.319,0.439,1.0,53.5,41.9,0,12,351,0,2.0000000000000284,25.0
2020-12-17,region_1,1.319,0.439,0.3,48.9,40.9,0,12,352,0,2.1000000000000285,25.3
2020-12-18,region_1,1.319,0.439,0.5,47.8,40.2,0,12,353,0,1.8000000000000285,24.5
2020-12-19,region_1,1.319,0.439,2.0,44.1,40.7,0,12,354,0,2.8000000000000282,25.8
2020-12-20,region_1,1.319,0.439,2.9,44.8,38.0,0,12,355,0,5.400000000000029,7.7
2020-12-21,region_1,1.319,0.439,1.3,47.6,37.0,0,12,356,0,6.200000000000029,8.8
2020-12-22,region_1,1.319,0.439,0.4,45.6,35.4,0,12,357,0,4.600000000000029,8.399999999999999
2020-12-23,region_1,1.319,0.439,0.1,42.4,35.7,0,12,358,0,1.800000000000029,7.5
2020-12-24,region_1,1.319,0.439,1.1,36.2,33.8,0,12,359,0,1.600000000000029,8.3
2020-12-25,region_1,1.319,0.439,13.4,38.1,35.4,0,12,360,0,14.60000000000003,21.200000000000003
2020-12-26,region_1,1.319,0.439,7.7,46.7,35.1,0,12,361,0,22.20000000000003,26.900000000000002
2020-12-27,region_1,1.319,0.439,7.8,50.6,36.1,0,12,362,0,28.900000000000027,31.800000000000004
2020-12-28,region_1,1.319,0.439,0.6,54.1,37.4,0,12,363,0,16.10000000000003,31.1
2020-12-29,region_1,1.319,0.439,0.3,52.3,34.3,0,12,364,0,8.700000000000031,31.0
2020-12-30,region_1,1.319,0.439,0.4,48.8,33.9,0,12,365,0,1.3000000000000302,31.3
2020-12-31,region_1,1.319,0.439,0.3,47.6,34.8,0,12,366,0,1.0000000000000302,30.5
2021-01-01,region_1,1.319,0.439,0.4,45.4,32.8,0,1,1,0,1.1000000000000303,17.5
2021-01-02,region_1,1.319,0.439,0.1,42.8,32.3,0,1,2,0,0.8000000000000302,9.899999999999999
2021-01-03,region_1,1.319,0.439,0.1,44.6,32.0,0,1,3,0,0.6000000000000303,2.2
2021-01-04,region_1,1.319,0.439,0.6,39.2,31.1,0,1,4,0,0.8000000000000301,2.2
2021-01-05,region_1,1.319,0.439,0.3,35.1,29.8,0,1,5,0,1.0000000000000302,2.2
2021-01-06,region_1,1.319,0.439,0.3,39.5,30.1,0,1,6,0,1.20000000000003,2.1
2021-01-07,region_1,1.319,0.439,0.0,34.1,27.9,0,1,7,0,0.6000000000000302,1.8000000000000003
2021-01-08,region_1,1.319,0.439,5.3,35.0,27.7,0,1,8,0,5.60000000000003,6.7
2021-01-09,region_1,1.319,0.439,0.4,36.1,26.6,0,1,9,0,5.70000000000003,7.000000000000001
2021-01-10,region_1,1.319,0.439,0.0,36.6,27.2,0,1,10,0,5.70000000000003,6.9
2021-01-11,region_1,1.319,0.439,0.1,34.0,24.8,0,1,11,0,0.5000000000000302,6.4
2021-01-12,region_1,1.319,0.439,0.4,34.0,23.1,0,1,12,0,0.5000000000000302,6.500000000000001
2021-01-13,region_1,1.319,0.439,0.0,31.0,24.8,0,1,13,0,0.5000000000000302,6.2
2021-01-14,region_1,1.319,0.439,0.2,28.8,22.5,0,1,14,0,0.6000000000000303,6.3999999999999995
2021-01-15,region_1,1.319,0.439,0.1,28.9,21.8,0,1,15,0,0.30000000000003024,1.2
2021-01-16,region_1,1.319,0.439,0.4,26.7,23.6,0,1,16,0,0.7000000000000303,1.2000000000000002
2021-01-17,region_1,1.319,0.439,0.4,23.3,22.7,0,1,17,0,0.9000000000000302,1.6
2021-01-18,region_1,1.319,0.439,0.4,24.3,20.8,0,1,18,0,1.2000000000000002,1.9
2021-01-19,region_1,1.319,0.439,0.7,28.6,17.6,0,1,19,0,1.5000000000000302,2.2
2021-01-20,region_1,1.319,0.439,0.3,21.0,20.6,0,1,20,0,1.4000000000000303,2.5
2021-01-21,region_1,1.319,0.439,14.3,23.2,20.3,0,1,21,0,15.300000000000031,16.6
2021-01-22,region_1,1.319,0.439,1.0,31.1,20.0,0,1,22,0,15.600000000000032,17.5
2021-01-23,region_1,1.319,0.439,0.5,33.7,19.4,0,1,23,0,15.800000000000031,17.6
2021-01-24,region_1,1.319,0.439,3.6,28.1,18.3,0,1,24,0,5.10000000000003,20.800000000000004
2021-01-25,region_1,1.319,0.439,0.5,31.0,17.9,0,1,25,0,4.60000000000003,20.900000000000002
2021-01-26,region_1,1.319,0.439,0.1,30.9,16.7,0,1,26,0,4.20000000000003,20.3
2021-01-27,region_1,1.319,0.439,10.9,28.2,16.6,0,1,27,0,11.50000000000003,30.9
2021-01-28,region_1,1.319,0.439,0.6,35.7,17.9,0,1,28,0,11.60000000000003,17.2
2021-01-29,region_1,1.319,0.439,0.6,35.5,17.5,0,1,29,0,12.10000000000003,16.8
2021-01-30,region_1,1.319,0.439,1.4,33.8,17.5,0,1,30,0,2.60000000000003,17.7
2021-01-31,region_1,1.319,0.439,0.2,33.4,15.1,0,1,31,0,2.20000000000003,14.3
2021-02-01,region_1,1.319,0.439,0.5,33.8,14.4,0,2,32,0,2.10000000000003,14.3
2021-02-02,region_1,1.319,0.439,0.4,31.8,15.3,0,2,33,0,1.1000000000000303,14.6
2021-02-03,region_1,1.319,0.439,0.0,30.8,14.3,0,2,34,0,0.9000000000000302,3.6999999999999997
2021-02-04,region_1,1.319,0.439,0.2,29.1,15.1,0,2,35,0,0.6000000000000303,3.3
2021-02-05,region_1,1.319,0.439,66.2,28.8,13.2,0,2,36,0,66.40000000000003,68.9
2021-02-06,region_1,1.319,0.439,0.3,84.2,19.4,0,2,37,0,66.70000000000003,67.8
2021-02-07,region_1,1.319,0.439,0.1,78.1,17.0,0,2,38,0,66.60000000000004,67.70000000000002
2021-02-08,region_1,1.319,0.439,0.4,76.1,19.0,0,2,39,0,0.8000000000000285,67.60000000000001
2021-02-09,region_1,1.319,0.439,0.8,69.6,17.6,0,2,40,0,1.3000000000000285,68.0
2021-02-10,region_1,1.319,0.439,16.9,65.4,15.8,0,2,41,0,18.100000000000026,84.9
2021-02-11,region_1,1.319,0.439,0.6,80.8,24.7,0,2,42,0,18.30000000000003,85.3
2021-02-12,region_1,1.319,0.439,0.2,74.3,22.5,0,2,43,0,17.700000000000028,19.3
2021-02-13,region_1,1.319,0.439,0.7,71.8,21.9,0,2,44,0,1.5000000000000284,19.7
2021-02-14,region_1,1.319,0.439,26.3,66.6,21.3,0,2,45,0,27.200000000000028,45.900000000000006
2021-02-15,region_1,1.319,0.439,1.5,81.3,31.2,0,2,46,0,28.50000000000003,47.0
2021-02-16,region_1,1.319,0.439,11.4,79.5,31.2,0,2,47,0,39.20000000000003,57.6
2021-02-17,region_1,1.319,0.439,0.4,84.8,35.1,0,2,48,0,13.30000000000003,41.1
2021-02-18,region_1,1.319,0.439,25.4,79.4,35.0,0,2,49,0,37.20000000000003,65.9
2021-02-19,region_1,1.319,0.439,0.5,95.7,43.1,0,2,50,0,26.30000000000003,66.19999999999999
2021-02-20,region_1,1.319,0.439,0.2,91.0,42.7,0,2,51,0,26.100000000000026,65.7
2021-02-21,region_1,1.319,0.439,0.1,89.6,41.7,0,2,52,0,0.8000000000000285,39.49999999999999
2021-02-22,region_1,1.319,0.439,1.6,85.1,40.3,0,2,53,0,1.9000000000000286,39.6
2021-02-23,region_1,1.319,0.439,8.3,80.3,39.1,0,2,54,0,10.000000000000028,36.5
2021-02-24,region_1,1.319,0.439,6.1,84.7,41.2,0,2,55,0,16.00000000000003,42.2
2021-02-25,region_1,1.319,0.439,9.5,83.8,42.9,0,2,56,0,23.900000000000027,26.3
2021-02-26,region_1,1.319,0.439,0.4,87.1,47.5,0,2,57,0,16.000000000000025,26.2
2021-02-27,region_1,1.319,0.439,0.3,83.6,45.2,0,2,58,0,10.200000000000026,26.3
2021-02-28,region_1,1.319,0.439,0.8,81.0,44.6,0,2,59,0,1.5000000000000266,27.0
2021-03-01,region_1,1.319,0.439,0.0,75.5,44.2,0,3,60,0,1.1000000000000267,25.400000000000002
2021-03-02,region_1,1.319,0.439,1.4,74.0,42.8,0,3,61,0,2.200000000000027,18.5
2021-03-03,region_1,1.319,0.439,0.2,74.5,42.2,0,3,62,0,1.6000000000000265,12.6
2021-03-04,region_1,1.319,0.439,0.2,67.8,40.3,0,3,63,0,1.8000000000000265,3.3
2021-03-05,region_1,1.319,0.439,0.2,64.5,40.4,0,3,64,0,0.6000000000000001,3.1
2021-03-06,region_1,1.319,0.439,1.4,61.4,38.8,0,3,65,0,1.8000000000000267,4.199999999999999
2021-03-07,region_1,1.319,0.439,1.8,60.5,38.4,0,3,66,0,3.400000000000027,5.2
2021-03-08,region_1,1.319,0.439,3.0,55.7,39.2,0,3,67,0,6.200000000000027,8.2
2021-03-09,region_1,1.319,0.439,0.9,60.0,38.1,0,3,68,0,5.700000000000028,7.7
2021-03-10,region_1,1.319,0.439,8.8,57.1,36.3,0,3,69,0,12.700000000000028,16.3
2021-03-11,region_1,1.319,0.439,0.2,58.0,37.9,0,3,70,0,9.900000000000027,16.3
2021-03-12,region_1,1.319,0.439,0.7,56.4,38.7,0,3,71,0,9.700000000000028,16.8
2021-03-13,region_1,1.319,0.439,0.2,53.4,36.0,0,3,72,0,1.1000000000000265,15.6
2021-03-14,region_1,1.319,0.439,2.5,52.3,35.4,0,3,73,0,3.4000000000000266,16.3
2021-03-15,region_1,1.319,0.439,17.0,51.6,35.6,0,3,74,0,19.700000000000028,30.3
2021-03-16,region_1,1.319,0.439,0.1,62.1,37.7,0,3,75,0,19.60000000000003,29.5
2021-03-17,region_1,1.319,0.439,0.5,57.4,36.1,0,3,76,0,17.60000000000003,21.200000000000003
2021-03-18,region_1,1.319,0.439,0.1,55.8,34.9,0,3,77,0,0.7000000000000284,21.099999999999998
2021-03-19,region_1,1.319,0.439,0.4,55.6,34.7,0,3,78,0,1.0000000000000284,20.8
2021-03-20,region_1,1.319,0.439,1.8,50.9,34.5,0,3,79,0,2.3000000000000282,22.4
2021-03-21,region_1,1.319,0.439,0.5,46.8,34.6,0,3,80,0,2.7000000000000286,20.4
2021-03-22,region_1,1.319,0.439,5.1,48.4,31.0,0,3,81,0,7.400000000000029,8.5
2021-03-23,region_1,1.319,0.439,3.9,54.0,34.2,0,3,82,0,9.500000000000028,12.3
2021-03-24,region_1,1.319,0.439,26.8,52.0,31.9,0,3,83,0,35.800000000000026,38.6
2021-03-25,region_1,1.319,0.439,0.9,64.3,37.9,0,3,84,0,31.600000000000026,39.4
2021-03-26,region_1,1.319,0.439,1.0,62.8,35.6,0,3,85,0,28.700000000000028,40.0
2021-03-27,region_1,1.319,0.439,5.2,61.5,33.9,0,3,86,0,7.100000000000028,43.400000000000006
2021-03-28,region_1,1.319,0.439,33.6,59.3,34.6,0,3,87,0,39.800000000000026,76.5
2021-03-29,region_1,1.319,0.439,13.4,79.8,42.1,0,3,88,0,52.20000000000003,84.8
2021-03-30,region_1,1.319,0.439,0.4,88.8,46.1,0,3,89,0,47.40000000000003,81.30000000000001
2021-03-31,region_1,1.319,0.439,1.5,86.7,44.7,0,3,90,0,15.30000000000003,56.0
2021-04-01,region_1,1.319,0.439,0.1,80.8,43.9,0,4,91,0,2.0000000000000284,55.2
2021-04-02,region_1,1.319,0.439,1.9,80.0,44.1,0,4,92,0,3.5000000000000284,56.1
2021-04-03,region_1,1.319,0.439,1.7,74.3,42.7,0,4,93,0,3.7000000000000286,52.6
2021-04-04,region_1,1.319,0.439,19.0,67.9,42.4,0,4,94,0,22.60000000000003,38.0
2021-04-05,region_1,1.319,0.439,1.7,86.4,52.7,0,4,95,0,22.40000000000003,26.3
2021-04-06,region_1,1.319,0.439,4.4,83.3,49.2,0,4,96,0,25.10000000000003,30.3
2021-04-07,region_1,1.319,0.439,0.2,82.5,48.9,0,4,97,0,6.300000000000029,29.0
2021-04-08,region_1,1.319,0.439,36.7,78.7,48.9,0,4,98,0,41.30000000000003,65.60000000000001
2021-04-09,region_1,1.319,0.439,0.1,100.0,67.0,0,4,99,0,37.000000000000036,63.80000000000001
2021-04-10,region_1,1.319,0.439,1.3,95.0,64.9,0,4,100,0,38.10000000000003,63.400000000000006
2021-04-11,region_1,1.319,0.439,5.5,91.6,63.9,0,4,101,0,6.900000000000029,49.900000000000006
2021-04-12,region_1,1.319,0.439,1.4,91.1,66.6,0,4,102,0,8.20000000000003,49.6
2021-04-13,region_1,1.319,0.439,1.5,87.7,65.5,0,4,103,0,8.400000000000029,46.7
2021-04-14,region_1,1.319,0.439,0.2,82.5,63.0,0,4,104,0,3.1000000000000285,46.70000000000001
2021-04-15,region_1,1.319,0.439,51.4,79.5,60.9,0,4,105,0,53.10000000000003,61.400000000000006
2021-04-16,region_1,1.319,0.439,31.7,99.8,88.3,0,4,106,0,83.30000000000003,93.0
2021-04-17,region_1,1.319,0.439,2.3,96.6,99.4,0,4,107,0,85.40000000000002,94.0
2021-04-18,region_1,1.319,0.439,2.5,94.1,99.5,0,4,108,0,36.50000000000003,91.0
2021-04-19,region_1,1.319,0.439,0.4,94.0,98.0,0,4,109,0,5.200000000000029,90.0
2021-04-20,region_1,1.319,0.439,5.3,90.1,97.8,0,4,110,0,8.200000000000028,93.8
2021-04-21,region_1,1.319,0.439,0.7,88.8,96.7,0,4,111,0,6.400000000000029,94.3
2021-04-22,region_1,1.319,0.439,7.7,82.0,92.1,0,4,112,0,13.700000000000028,50.60000000000001
2021-04-23,region_1,1.319,0.439,0.2,90.6,93.7,0,4,113,0,8.600000000000028,19.10000000000001
2021-04-24,region_1,1.319,0.439,28.8,82.1,90.0,0,4,114,0,36.70000000000003,45.60000000000001
2021-04-25,region_1,1.319,0.439,0.5,98.8,97.9,0,4,115,0,29.50000000000003,43.60000000000001
2021-04-26,region_1,1.319,0.439,1.6,93.8,97.8,0,4,116,0,30.90000000000003,44.80000000000001
2021-04-27,region_1,1.319,0.439,46.3,94.5,95.2,0,4,117,0,48.40000000000003,85.80000000000001
2021-04-28,region_1,1.319,0.439,2.9,100.0,100.0,0,4,118,0,50.800000000000026,88.00000000000001
2021-04-29,region_1,1.319,0.439,2.5,97.1,100.0,0,4,119,0,51.700000000000024,82.80000000000001
2021-04-30,region_1,1.319,0.439,44.0,93.9,98.8,0,4,120,0,49.40000000000003,126.6
2021-05-01,region_1,1.319,0.439,3.6,100.0,99.7,0,5,121,0,50.10000000000003,101.4
2021-05-02,region_1,1.319,0.439,0.2,95.8,100.0,0,5,122,0,47.800000000000026,101.10000000000001
2021-05-03,region_1,1.319,0.439,0.1,93.7,98.8,0,5,123,0,3.9000000000000283,99.60000000000001
2021-05-04,region_1,1.319,0.439,0.4,88.0,93.7,0,5,124,0,0.7000000000000285,53.7
2021-05-05,region_1,1.319,0.439,0.5,85.7,91.2,0,5,125,0,1.0000000000000284,51.300000000000004
2021-05-06,region_1,1.319,0.439,1.6,82.1,89.8,0,5,126,0,2.5000000000000284,50.400000000000006
2021-05-07,region_1,1.319,0.439,3.1,77.7,88.8,0,5,127,0,5.200000000000029,9.500000000000007
2021-05-08,region_1,1.319,0.439,13.0,74.0,87.0,0,5,128,0,17.700000000000028,18.900000000000006
2021-05-09,region_1,1.319,0.439,0.9,81.9,90.5,0,5,129,0,17.000000000000025,19.60000000000001
2021-05-10,region_1,1.319,0.439,3.3,76.8,90.2,0,5,130,0,17.200000000000028,22.800000000000008
2021-05-11,region_1,1.319,0.439,0.6,78.1,85.5,0,5,131,0,4.800000000000028,23.000000000000007
2021-05-12,region_1,1.319,0.439,0.2,74.2,84.4,0,5,132,0,4.100000000000028,22.700000000000006
2021-05-13,region_1,1.319,0.439,0.1,70.4,81.3,0,5,133,0,0.9000000000000284,21.200000000000006
2021-05-14,region_1,1.319,0.439,5.2,66.0,79.7,0,5,134,0,5.500000000000028,23.300000000000004
2021-05-15,region_1,1.319,0.439,14.3,69.7,79.5,0,5,135,1,19.60000000000003,24.60000000000001
2021-05-16,region_1,1.319,0.439,10.9,75.8,83.0,0,5,136,1,30.400000000000027,34.60000000000001
2021-05-17,region_1,1.319,0.439,2.3,86.2,87.3,0,5,137,1,27.50000000000003,33.60000000000001
2021-05-18,region_1,1.319,0.439,0.2,80.8,85.5,0,5,138,1,13.400000000000029,33.2
2021-05-19,region_1,1.319,0.439,4.5,77.6,83.5,0,5,139,1,7.000000000000028,37.500000000000014
2021-05-20,region_1,1.319,0.439,6.9,76.3,82.3,0,5,140,1,11.60000000000003,44.30000000000001
2021-05-21,region_1,1.319,0.439,1.1,77.4,82.5,0,5,141,1,12.50000000000003,40.20000000000001
2021-05-22,region_1,1.319,0.439,26.2,75.8,80.7,0,5,142,1,34.20000000000003,52.10000000000001
2021-05-23,region_1,1.319,0.439,44.4,89.6,86.0,0,5,143,1,71.70000000000002,85.6
2021-05-24,region_1,1.319,0.439,3.4,97.4,100.0,0,5,144,1,74.00000000000003,86.7
2021-05-25,region_1,1.319,0.439,68.0,99.3,97.4,1,5,145,1,115.80000000000003,154.5
2021-05-26,region_1,1.319,0.439,51.5,100.0,100.0,0,5,146,1,122.90000000000002,201.5
2021-05-27,region_1,1.319,0.439,16.1,100.0,99.1,0,5,147,1,135.60000000000002,210.7
2021-05-28,region_1,1.319,0.439,37.9,100.0,99.7,0,5,148,1,105.50000000000001,247.5
2021-05-29,region_1,1.319,0.439,141.1,100.0,98.4,0,5,149,1,195.10000000000002,362.4
2021-05-30,region_1,1.319,0.439,3.6,100.0,99.6,0,5,150,1,182.6,321.59999999999997
2021-05-31,region_1,1.319,0.439,84.9,96.6,99.7,0,5,151,1,229.6,403.1
2021-06-01,region_1,1.319,0.439,8.3,98.2,100.0,0,6,152,1,96.8,343.4
2021-06-02,region_1,1.319,0.439,2.5,100.0,98.8,0,6,153,1,95.7,294.4
2021-06-03,region_1,1.319,0.439,54.2,99.2,99.3,0,6,154,1,65.0,332.5
2021-06-04,region_1,1.319,0.439,48.4,97.0,100.0,1,6,155,1,105.1,343.0
2021-06-05,region_1,1.319,0.439,4.6,100.0,99.5,0,6,156,1,107.2,206.5
2021-06-06,region_1,1.319,0.439,78.7,99.2,100.0,1,6,157,1,131.7,281.6
2021-06-07,region_1,1.319,0.439,17.6,97.3,97.9,0,6,158,1,100.9,214.3
2021-06-08,region_1,1.319,0.439,9.3,100.0,99.1,0,6,159,1,105.60000000000001,215.29999999999998
2021-06-09,region_1,1.319,0.439,0.0,100.0,100.0,0,6,160,1,26.900000000000002,212.79999999999998
2021-06-10,region_1,1.319,0.439,0.4,94.7,98.3,0,6,161,1,9.700000000000001,159.0
2021-06-11,region_1,1.319,0.439,57.6,89.5,94.4,0,6,162,1,58.0,168.2
2021-06-12,region_1,1.319,0.439,17.2,100.0,100.0,0,6,163,1,75.2,180.8
2021-06-13,region_1,1.319,0.439,1.8,99.0,100.0,0,6,164,1,76.6,103.9
2021-06-14,region_1,1.319,0.439,23.8,98.6,97.4,0,6,165,1,42.8,110.10000000000001
2021-06-15,region_1,1.319,0.439,4.5,97.7,100.0,0,6,166,1,30.1,105.3
2021-06-16,region_1,1.319,0.439,294.0,99.3,98.7,0,6,167,1,322.3,399.3
2021-06-17,region_1,1.319,0.439,16.6,100.0,100.0,0,6,168,1,315.1,415.50000000000006
2021-06-18,region_1,1.319,0.439,4.2,100.0,99.1,0,6,169,1,314.8,362.1
2021-06-19,region_1,1.319,0.439,82.4,100.0,98.6,1,6,170,1,103.2,427.3
2021-06-20,region_1,1.319,0.439,29.0,98.8,100.0,0,6,171,1,115.6,454.5
2021-06-21,region_1,1.319,0.439,3.0,100.0,99.7,0,6,172,1,114.4,433.7
2021-06-22,region_1,1.319,0.439,17.9,95.1,100.0,0,6,173,1,49.9,447.1
2021-06-23,region_1,1.319,0.439,5.6,97.9,99.0,0,6,174,1,26.5,158.7
2021-06-24,region_1,1.319,0.439,8.0,98.5,98.4,0,6,175,1,31.5,150.1
2021-06-25,region_1,1.319,0.439,4.2,100.0,99.5,0,6,176,1,17.8,150.1
2021-06-26,region_1,1.319,0.439,122.3,100.0,100.0,1,6,177,1,134.5,190.0
2021-06-27,region_1,1.319,0.439,69.1,100.0,100.0,0,6,178,1,195.6,230.1
2021-06-28,region_1,1.319,0.439,59.8,99.5,100.0,0,6,179,1,251.2,286.9
2021-06-29,region_1,1.319,0.439,43.0,100.0,100.0,0,6,180,1,171.89999999999998,312.0
2021-06-30,region_1,1.319,0.439,1.2,100.0,99.5,0,6,181,1,104.0,307.59999999999997
2021-07-01,region_1,1.319,0.439,32.6,97.3,100.0,0,7,182,1,76.80000000000001,332.2
2021-07-02,region_1,1.319,0.439,18.9,99.7,100.0,0,7,183,1,52.7,346.9
2021-07-03,region_1,1.319,0.439,116.5,100.0,100.0,1,7,184,1,168.0,341.1
2021-07-04,region_1,1.319,0.439,99.7,99.8,100.0,1,7,185,1,235.10000000000002,371.7
2021-07-05,region_1,1.319,0.439,4.8,99.7,98.7,0,7,186,1,221.0,316.70000000000005
2021-07-06,region_1,1.319,0.439,38.2,99.1,99.1,0,7,187,1,142.7,311.90000000000003
2021-07-07,region_1,1.319,0.439,59.3,99.8,99.8,1,7,188,1,102.3,370.0
2021-07-08,region_1,1.319,0.439,58.8,99.4,100.0,0,7,189,1,156.3,396.2
2021-07-09,region_1,1.319,0.439,83.3,98.3,98.7,0,7,190,1,201.39999999999998,460.59999999999997
2021-07-10,region_1,1.319,0.439,17.2,100.0,99.9,0,7,191,1,159.29999999999998,361.3
2021-07-11,region_1,1.319,0.439,4.5,100.0,99.8,0,7,192,1,105.0,266.09999999999997
2021-07-12,region_1,1.319,0.439,188.8,100.0,98.4,1,7,193,1,210.5,450.09999999999997
2021-07-13,region_1,1.319,0.439,183.4,100.0,99.5,1,7,194,1,376.70000000000005,595.3
2021-07-14,region_1,1.319,0.439,3.1,99.4,100.0,0,7,195,1,375.3,539.1
2021-07-15,region_1,1.319,0.439,0.6,96.3,98.3,0,7,196,1,187.1,480.90000000000003
2021-07-16,region_1,1.319,0.439,0.9,93.3,99.0,0,7,197,1,4.6,398.5
2021-07-17,region_1,1.319,0.439,0.2,90.2,96.1,0,7,198,1,1.7,381.5
2021-07-18,region_1,1.319,0.439,0.0,84.9,93.5,0,7,199,1,1.1,377.0
2021-07-19,region_1,1.319,0.439,46.6,79.0,90.7,0,7,200,1,46.800000000000004,234.8
2021-07-20,region_1,1.319,0.439,108.0,98.9,98.9,0,7,201,1,154.6,159.4
2021-07-21,region_1,1.319,0.439,8.4,100.0,99.4,0,7,202,1,163.0,164.70000000000002
2021-07-22,region_1,1.319,0.439,156.9,100.0,100.0,1,7,203,1,273.3,321.0
2021-07-23,region_1,1.319,0.439,23.0,97.8,99.3,0,7,204,1,188.3,343.1
2021-07-24,region_1,1.319,0.439,129.4,100.0,100.0,1,7,205,1,309.3,472.3
2021-07-25,region_1,1.319,0.439,3.0,100.0,99.1,0,7,206,1,155.4,475.3
2021-07-26,region_1,1.319,0.439,11.3,96.6,99.4,0,7,207,1,143.70000000000002,440.00000000000006
2021-07-27,region_1,1.319,0.439,2.0,99.1,100.0,0,7,208,1,16.3,334.0
2021-07-28,region_1,1.319,0.439,1.9,95.6,97.5,0,7,209,1,15.200000000000001,327.5
2021-07-29,region_1,1.319,0.439,8.9,93.7,98.1,0,7,210,1,12.8,179.5
2021-07-30,region_1,1.319,0.439,10.3,98.5,98.5,0,7,211,1,21.1,166.8
2021-07-31,region_1,1.319,0.439,5.1,100.0,98.1,0,7,212,1,24.300000000000004,42.5
2021-08-01,region_1,1.319,0.439,7.7,96.9,99.4,0,8,213,1,23.1,47.2
2021-08-02,region_1,1.319,0.439,7.2,99.7,100.0,0,8,214,1,20.0,43.10000000000001
2021-08-03,region_1,1.319,0.439,17.3,96.7,100.0,0,8,215,1,32.2,58.400000000000006
2021-08-04,region_1,1.319,0.439,73.8,100.0,100.0,0,8,216,1,98.3,130.3
2021-08-05,region_1,1.319,0.439,4.9,100.0,100.0,0,8,217,1,96.0,126.3
2021-08-06,region_1,1.319,0.439,2.9,100.0,100.0,0,8,218,1,81.6,118.89999999999999
2021-08-07,region_1,1.319,0.439,197.0,93.9,99.8,0,8,219,1,204.8,310.8
2021-08-08,region_1,1.319,0.439,112.6,98.4,99.4,1,8,220,1,312.5,415.70000000000005
2021-08-09,region_1,1.319,0.439,54.3,100.0,100.0,0,8,221,1,363.90000000000003,462.8
2021-08-10,region_1,1.319,0.439,62.1,97.6,100.0,0,8,222,1,229.0,507.6
2021-08-11,region_1,1.319,0.439,19.6,100.0,100.0,0,8,223,1,136.0,453.4
2021-08-12,region_1,1.319,0.439,34.3,100.0,100.0,0,8,224,1,116.0,482.8
2021-08-13,region_1,1.319,0.439,51.8,98.1,100.0,0,8,225,1,105.69999999999999,531.7
2021-08-14,region_1,1.319,0.439,7.8,100.0,100.0,0,8,226,1,93.9,342.5
2021-08-15,region_1,1.319,0.439,15.4,98.2,99.8,0,8,227,1,75.0,245.29999999999998
2021-08-16,region_1,1.319,0.439,140.7,100.0,100.0,1,8,228,1,163.89999999999998,331.7
2021-08-17,region_1,1.319,0.439,3.0,100.0,100.0,0,8,229,1,159.09999999999997,272.59999999999997
2021-08-18,region_1,1.319,0.439,3.0,96.8,98.8,0,8,230,1,146.7,255.99999999999997
2021-08-19,region_1,1.319,0.439,1.3,93.3,97.8,0,8,231,1,7.3,223.0
2021-08-20,region_1,1.319,0.439,3.2,92.1,96.1,0,8,232,1,7.5,174.39999999999998
2021-08-21,region_1,1.319,0.439,3.9,91.5,95.1,0,8,233,1,8.4,170.49999999999997
2021-08-22,region_1,1.319,0.439,1.8,86.7,95.0,0,8,234,1,8.9,156.89999999999998
2021-08-23,region_1,1.319,0.439,0.3,84.3,92.2,0,8,235,1,6.0,16.5
2021-08-24,region_1,1.319,0.439,1.6,80.1,92.4,0,8,236,1,3.7,15.1
2021-08-25,region_1,1.319,0.439,12.4,80.8,89.4,0,8,237,1,14.3,24.5
2021-08-26,region_1,1.319,0.439,5.1,81.6,91.1,0,8,238,1,19.1,28.299999999999997
2021-08-27,region_1,1.319,0.439,2.4,85.5,90.3,0,8,239,1,19.900000000000002,27.5
2021-08-28,region_1,1.319,0.439,79.4,80.8,89.2,0,8,240,1,86.9,103.0
2021-08-29,region_1,1.319,0.439,5.7,99.9,97.8,0,8,241,1,87.50000000000001,106.9
2021-08-30,region_1,1.319,0.439,1.1,99.5,100.0,0,8,242,1,86.2,107.7
2021-08-31,region_1,1.319,0.439,1.4,96.5,96.9,0,8,243,1,8.2,107.5
2021-09-01,region_1,1.319,0.439,10.1,91.6,95.3,0,9,244,1,12.600000000000001,105.19999999999999
2021-09-02,region_1,1.319,0.439,3.3,96.6,100.0,0,9,245,1,14.8,103.39999999999999
2021-09-03,region_1,1.319,0.439,60.0,94.6,98.7,0,9,246,1,73.4,161.0
2021-09-04,region_1,1.319,0.439,45.0,98.5,100.0,1,9,247,1,108.3,126.6
2021-09-05,region_1,1.319,0.439,17.2,100.0,100.0,0,9,248,1,122.2,138.1
2021-09-06,region_1,1.319,0.439,0.0,99.5,100.0,0,9,249,1,62.2,137.0
2021-09-07,region_1,1.319,0.439,63.8,95.4,97.5,0,9,250,1,81.0,199.39999999999998
2021-09-08,region_1,1.319,0.439,52.5,100.0,98.5,0,9,251,1,116.3,241.8
2021-09-09,region_1,1.319,0.439,59.8,99.0,100.0,1,9,252,1,176.1,298.29999999999995
2021-09-10,region_1,1.319,0.439,2.2,100.0,100.0,0,9,253,1,114.5,240.49999999999997
2021-09-11,region_1,1.319,0.439,8.6,97.7,100.0,0,9,254,1,70.6,204.1
2021-09-12,region_1,1.319,0.439,9.7,99.7,98.8,0,9,255,1,20.5,196.6
2021-09-13,region_1,1.319,0.439,2.3,100.0,99.3,0,9,256,1,20.6,198.9
2021-09-14,region_1,1.319,0.439,3.1,97.2,99.8,0,9,257,1,15.1,138.20000000000002
2021-09-15,region_1,1.319,0.439,3.3,92.9,97.5,0,9,258,1,8.7,89.0
2021-09-16,region_1,1.319,0.439,4.9,91.2,95.7,0,9,259,1,11.3,34.1
2021-09-17,region_1,1.319,0.439,15.7,89.2,99.0,0,9,260,1,23.9,47.6
2021-09-18,region_1,1.319,0.439,0.3,96.4,100.0,0,9,261,1,20.9,39.3
2021-09-19,region_1,1.319,0.439,2.3,94.4,97.4,0,9,262,1,18.299999999999997,31.9
2021-09-20,region_1,1.319,0.439,0.4,90.6,96.6,0,9,263,1,2.9999999999999996,29.999999999999996
2021-09-21,region_1,1.319,0.439,2.4,83.7,94.1,0,9,264,1,5.1,29.3
2021-09-22,region_1,1.319,0.439,39.3,82.9,92.5,0,9,265,1,42.099999999999994,65.3
2021-09-23,region_1,1.319,0.439,2.2,100.0,100.0,0,9,266,0,43.9,62.6
2021-09-24,region_1,1.319,0.439,32.3,98.0,100.0,0,9,267,0,73.8,79.19999999999999
2021-09-25,region_1,1.319,0.439,46.1,99.0,99.0,0,9,268,0,80.6,125.0
2021-09-26,region_1,1.319,0.439,4.7,98.1,100.0,0,9,269,0,83.1,127.4
2021-09-27,region_1,1.319,0.439,2.8,98.0,98.8,0,9,270,0,53.6,129.8
2021-09-28,region_1,1.319,0.439,1.8,96.6,98.5,0,9,271,0,9.3,129.20000000000002
2021-09-29,region_1,1.319,0.439,1.7,92.7,98.9,0,9,272,0,6.3,91.6
2021-09-30,region_1,1.319,0.439,0.7,87.8,95.1,0,9,273,0,4.2,90.10000000000001
2021-10-01,region_1,1.319,0.439,1.7,88.0,93.8,0,10,274,0,4.1,59.5
2021-10-02,region_1,1.319,0.439,10.1,82.3,94.8,0,10,275,0,12.5,23.5
2021-10-03,region_1,1.319,0.439,18.7,85.6,95.7,0,10,276,0,30.499999999999996,37.5
2021-10-04,region_1,1.319,0.439,1.3,93.1,98.8,0,10,277,0,30.099999999999998,36.0
2021-10-05,region_1,1.319,0.439,2.3,92.2,97.1,0,10,278,0,22.299999999999997,36.5
2021-10-06,region_1,1.319,0.439,53.6,88.5,96.4,0,10,279,0,57.2,88.4
2021-10-07,region_1,1.319,0.439,0.2,100.0,100.0,0,10,280,0,56.1,87.89999999999999
2021-10-08,region_1,1.319,0.439,3.2,93.7,96.5,0,10,281,0,56.99999999999999,89.4
2021-10-09,region_1,1.319,0.439,8.6,94.7,96.0,0,10,282,0,11.999999999999993,87.9
2021-10-10,region_1,1.319,0.439,0.7,96.5,100.0,0,10,283,0,12.499999999999993,69.9
2021-10-11,region_1,1.319,0.439,5.0,92.8,95.5,0,10,284,0,14.299999999999994,73.6
2021-10-12,region_1,1.319,0.439,5.9,91.2,97.3,0,10,285,0,11.599999999999994,77.2
2021-10-13,region_1,1.319,0.439,48.3,90.2,98.0,0,10,286,0,59.19999999999999,71.9
2021-10-14,region_1,1.319,0.439,2.3,99.7,100.0,0,10,287,0,56.499999999999986,74.0
2021-10-15,region_1,1.319,0.439,7.2,100.0,97.8,0,10,288,0,57.79999999999999,78.0
2021-10-16,region_1,1.319,0.439,1.1,96.6,100.0,0,10,289,0,10.599999999999993,70.5
2021-10-17,region_1,1.319,0.439,4.1,91.7,98.6,0,10,290,0,12.399999999999993,73.89999999999999
2021-10-18,region_1,1.319,0.439,2.6,91.7,96.7,0,10,291,0,7.799999999999992,71.5
2021-10-19,region_1,1.319,0.439,6.2,89.5,98.1,0,10,292,0,12.899999999999993,71.80000000000001
2021-10-20,region_1,1.319,0.439,0.5,92.2,98.4,0,10,293,0,9.299999999999994,24.0
2021-10-21,region_1,1.319,0.439,3.1,84.4,94.7,0,10,294,0,9.799999999999994,24.8
2021-10-22,region_1,1.319,0.439,23.7,83.5,96.4,0,10,295,0,27.29999999999999,41.3
2021-10-23,region_1,1.319,0.439,28.7,98.8,99.5,0,10,296,0,55.49999999999999,68.9
2021-10-24,region_1,1.319,0.439,0.7,100.0,100.0,0,10,297,0,53.099999999999994,65.5
2021-10-25,region_1,1.319,0.439,0.1,96.9,97.4,0,10,298,0,29.499999999999993,63.0
2021-10-26,region_1,1.319,0.439,3.0,93.8,96.0,0,10,299,0,3.7999999999999927,59.8
2021-10-27,region_1,1.319,0.439,0.1,89.8,94.1,0,10,300,0,3.1999999999999926,59.4
2021-10-28,region_1,1.319,0.439,3.2,84.8,91.7,0,10,301,0,6.299999999999994,59.5
2021-10-29,region_1,1.319,0.439,0.3,84.7,91.2,0,10,302,0,3.599999999999993,36.099999999999994
2021-10-30,region_1,1.319,0.439,35.6,77.7,88.7,0,10,303,0,39.099999999999994,43.0
2021-10-31,region_1,1.319,0.439,0.1,97.4,100.0,0,10,304,0,35.99999999999999,42.4
2021-11-01,region_1,1.319,0.439,0.1,96.8,96.1,0,11,305,0,35.8,42.400000000000006
2021-11-02,region_1,1.319,0.439,0.4,91.2,94.8,0,11,306,0,0.599999999999993,39.800000000000004
2021-11-03,region_1,1.319,0.439,0.6,88.4,92.7,0,11,307,0,1.099999999999993,40.300000000000004
2021-11-04,region_1,1.319,0.439,0.3,81.9,90.4,0,11,308,0,1.2999999999999927,37.4
2021-11-05,region_1,1.319,0.439,0.2,81.4,89.2,0,11,309,0,1.099999999999993,37.300000000000004
2021-11-06,region_1,1.319,0.439,0.2,76.8,84.5,0,11,310,0,0.6999999999999929,1.9
2021-11-07,region_1,1.319,0.439,13.6,72.4,84.4,0,11,311,0,13.999999999999993,15.399999999999999
2021-11-08,region_1,1.319,0.439,0.1,79.2,84.1,0,11,312,0,13.899999999999993,15.4
2021-11-09,region_1,1.319,0.439,11.5,75.7,82.6,0,11,313,0,25.199999999999992,26.5
2021-11-10,region_1,1.319,0.439,2.8,80.3,83.1,0,11,314,0,14.399999999999991,28.7
2021-11-11,region_1,1.319,0.439,21.5,79.6,83.5,0,11,315,0,35.79999999999999,49.900000000000006
2021-11-12,region_1,1.319,0.439,1.3,92.7,91.0,0,11,316,0,25.59999999999999,51.0
2021-11-13,region_1,1.319,0.439,1.3,88.2,91.7,0,11,317,0,24.09999999999999,52.1
2021-11-14,region_1,1.319,0.439,0.9,83.5,88.7,0,11,318,0,3.4999999999999893,39.400000000000006
2021-11-15,region_1,1.319,0.439,0.3,82.8,87.1,0,11,319,0,2.49999999999999,39.6
2021-11-16,region_1,1.319,0.439,0.8,79.9,83.4,0,11,320,0,1.9999999999999893,28.900000000000002
2021-11-17,region_1,1.319,0.439,2.0,77.2,83.3,0,11,321,0,3.0999999999999894,28.1
2021-11-18,region_1,1.319,0.439,0.3,74.3,82.8,0,11,322,0,3.099999999999989,6.9
2021-11-19,region_1,1.319,0.439,1.5,71.5,79.9,0,11,323,0,3.799999999999989,7.1000000000000005
2021-11-20,region_1,1.319,0.439,0.6,69.6,76.1,0,11,324,0,2.3999999999999893,6.4
2021-11-21,region_1,1.319,0.439,2.0,65.5,75.1,0,11,325,0,4.099999999999989,7.5
2021-11-22,region_1,1.319,0.439,0.9,60.9,74.2,0,11,326,0,3.4999999999999893,8.1
2021-11-23,region_1,1.319,0.439,1.5,63.4,71.9,0,11,327,0,4.39999999999999,8.799999999999999
2021-11-24,region_1,1.319,0.439,2.6,58.4,73.5,0,11,328,0,4.999999999999989,9.399999999999999
2021-11-25,region_1,1.319,0.439,0.5,57.2,69.1,0,11,329,0,4.599999999999989,9.600000000000001
2021-11-26,region_1,1.319,0.439,1.0,54.8,67.9,0,11,330,0,4.099999999999989,9.100000000000001
2021-11-27,region_1,1.319,0.439,2.9,58.3,65.7,0,11,331,0,4.39999999999999,11.399999999999999
2021-11-28,region_1,1.319,0.439,4.6,55.1,65.4,0,11,332,0,8.49999999999999,13.999999999999998
2021-11-29,region_1,1.319,0.439,0.7,53.1,65.7,0,11,333,0,8.199999999999989,13.799999999999999
2021-11-30,region_1,1.319,0.439,2.1,51.5,62.8,0,11,334,0,7.399999999999989,14.399999999999999
2021-12-01,region_1,1.319,0.439,24.1,51.9,61.2,0,12,335,0,26.89999999999999,35.9
2021-12-02,region_1,1.319,0.439,0.4,71.3,63.6,0,12,336,0,26.59999999999999,35.8
2021-12-03,region_1,1.319,0.439,1.9,67.8,64.3,0,12,337,0,26.39999999999999,36.699999999999996
2021-12-04,region_1,1.319,0.439,0.7,64.2,62.0,0,12,338,0,2.9999999999999893,34.5
2021-12-05,region_1,1.319,0.439,1.2,63.4,60.6,0,12,339,0,3.799999999999989,31.099999999999998
2021-12-06,region_1,1.319,0.439,0.3,60.0,57.1,0,12,340,0,2.199999999999989,30.7
2021-12-07,region_1,1.319,0.439,1.1,59.8,57.8,0,12,341,0,2.5999999999999894,29.700000000000003
2021-12-08,region_1,1.319,0.439,1.3,56.3,56.2,0,12,342,0,2.6999999999999895,6.9
2021-12-09,region_1,1.319,0.439,0.3,53.4,53.6,0,12,343,0,2.6999999999999895,6.8
2021-12-10,region_1,1.319,0.439,0.5,53.2,55.0,0,12,344,0,2.0999999999999894,5.4
2021-12-11,region_1,1.319,0.439,0.3,50.6,52.1,0,12,345,0,1.0999999999999894,5.0
2021-12-12,region_1,1.319,0.439,1.4,47.2,53.2,0,12,346,0,2.1999999999999895,5.2
2021-12-13,region_1,1.319,0.439,0.8,47.7,51.6,0,12,347,0,2.4999999999999893,5.7
2021-12-14,region_1,1.319,0.439,0.1,45.9,48.2,0,12,348,0,2.2999999999999896,4.7
2021-12-15,region_1,1.319,0.439,1.9,44.7,49.0,0,12,349,0,2.7999999999999896,5.3
2021-12-16,region_1,1.319,0.439,2.3,43.6,48.2,0,12,350,0,4.299999999999989,7.3
2021-12-17,region_1,1.319,0.439,0.3,41.9,45.1,0,12,351,0,4.499999999999989,7.1
2021-12-18,region_1,1.319,0.439,0.6,37.9,43.4,0,12,352,0,3.199999999999989,7.4
2021-12-19,region_1,1.319,0.439,0.1,39.2,41.2,0,12,353,0,0.9999999999999892,6.1
2021-12-20,region_1,1.319,0.439,0.2,37.8,42.6,0,12,354,0,0.8999999999999894,5.5
2021-12-21,region_1,1.319,0.439,3.3,35.7,40.1,0,12,355,0,3.599999999999989,8.7
2021-12-22,region_1,1.319,0.439,0.2,31.8,40.8,0,12,356,0,3.699999999999989,6.999999999999999
2021-12-23,region_1,1.319,0.439,10.9,35.8,38.7,0,12,357,0,14.39999999999999,15.6
2021-12-24,region_1,1.319,0.439,11.7,39.0,38.4,0,12,358,0,22.79999999999999,27.0
2021-12-25,region_1,1.319,0.439,1.3,48.6,38.9,0,12,359,0,23.89999999999999,27.7
2021-12-26,region_1,1.319,0.439,10.1,48.8,37.3,0,12,360,0,23.099999999999987,37.7
2021-12-27,region_1,1.319,0.439,0.7,53.0,38.6,0,12,361,0,12.099999999999989,38.199999999999996
2021-12-28,region_1,1.319,0.439,0.1,52.1,37.5,0,12,362,0,10.89999999999999,35.0
2021-12-29,region_1,1.319,0.439,0.2,49.1,37.2,0,12,363,0,0.9999999999999893,34.99999999999999
2021-12-30,region_1,1.319,0.439,26.7,47.8,36.4,0,12,364,0,26.99999999999999,50.8
2021-12-31,region_1,1.319,0.439,6.6,65.9,38.0,0,12,365,0,33.499999999999986,45.7
2022-01-01,region_1,1.319,0.439,2.0,67.0,41.2,0,1,1,0,35.29999999999999,46.4
2022-01-02,region_1,1.319,0.439,23.8,64.5,39.3,0,1,2,0,32.39999999999999,60.099999999999994
2022-01-03,region_1,1.319,0.439,0.6,80.5,47.5,0,1,3,0,26.39999999999999,60.0
2022-01-04,region_1,1.319,0.439,0.8,75.5,45.3,0,1,4,0,25.19999999999999,60.699999999999996
2022-01-05,region_1,1.319,0.439,0.3,73.1,44.3,0,1,5,0,1.6999999999999929,60.800000000000004
2022-01-06,region_1,1.319,0.439,0.1,69.3,42.7,0,1,6,0,1.199999999999993,34.199999999999996
2022-01-07,region_1,1.319,0.439,1.0,67.0,42.7,0,1,7,0,1.3999999999999928,28.599999999999998
2022-01-08,region_1,1.319,0.439,3.0,62.0,41.3,0,1,8,0,4.0999999999999925,29.6
2022-01-09,region_1,1.319,0.439,0.8,62.4,42.0,0,1,9,0,4.799999999999993,6.599999999999996
2022-01-10,region_1,1.319,0.439,0.2,60.8,41.9,0,1,10,0,3.9999999999999925,6.199999999999997
2022-01-11,region_1,1.319,0.439,14.9,59.2,38.5,0,1,11,0,15.899999999999993,20.299999999999997
2022-01-12,region_1,1.319,0.439,0.6,69.0,42.6,0,1,12,0,15.699999999999992,20.599999999999994
2022-01-13,region_1,1.319,0.439,0.3,62.9,41.6,0,1,13,0,15.799999999999994,20.799999999999997
2022-01-14,region_1,1.319,0.439,0.5,58.6,40.4,0,1,14,0,1.3999999999999928,20.299999999999997
2022-01-15,region_1,1.319,0.439,1.6,55.3,38.6,0,1,15,0,2.399999999999993,18.9
2022-01-16,region_1,1.319,0.439,0.4,54.5,38.0,0,1,16,0,2.499999999999993,18.499999999999996
2022-01-17,region_1,1.319,0.439,0.4,52.3,36.9,0,1,17,0,2.399999999999993,18.699999999999996
2022-01-18,region_1,1.319,0.439,0.6,46.8,36.0,0,1,18,0,1.3999999999999928,4.399999999999995
2022-01-19,region_1,1.319,0.439,0.4,48.2,34.9,0,1,19,0,1.3999999999999928,4.199999999999995
2022-01-20,region_1,1.319,0.439,0.9,48.2,34.7,0,1,20,0,1.8999999999999928,4.7999999999999945
2022-01-21,region_1,1.319,0.439,0.3,45.6,33.3,0,1,21,0,1.5999999999999925,4.599999999999995
2022-01-22,region_1,1.319,0.439,0.5,43.1,33.6,0,1,22,0,1.6999999999999926,3.4999999999999947
2022-01-23,region_1,1.319,0.439,0.8,39.4,32.4,0,1,23,0,1.5999999999999925,3.899999999999995
2022-01-24,region_1,1.319,0.439,0.1,42.1,31.8,0,1,24,0,1.3999999999999926,3.5999999999999943
2022-01-25,region_1,1.319,0.439,0.4,39.5,30.5,0,1,25,0,1.2999999999999927,3.399999999999995
2022-01-26,region_1,1.319,0.439,9.4,37.2,30.1,0,1,26,0,9.899999999999993,12.399999999999995
2022-01-27,region_1,1.319,0.439,0.3,39.9,29.9,0,1,27,0,10.099999999999994,11.799999999999995
2022-01-28,region_1,1.319,0.439,0.3,40.7,30.1,0,1,28,0,9.999999999999993,11.799999999999995
2022-01-29,region_1,1.319,0.439,14.9,40.3,28.2,0,1,29,0,15.499999999999993,26.199999999999996
2022-01-30,region_1,1.319,0.439,6.8,51.2,29.8,0,1,30,0,21.999999999999993,32.199999999999996
2022-01-31,region_1,1.319,0.439,15.4,54.2,28.5,0,1,31,0,37.099999999999994,47.49999999999999
2022-02-01,region_1,1.319,0.439,1.2,65.4,31.9,0,2,32,0,23.39999999999999,48.3
2022-02-02,region_1,1.319,0.439,9.3,62.3,30.3,0,2,33,0,25.89999999999999,48.199999999999996
2022-02-03,region_1,1.319,0.439,0.2,68.0,31.1,0,2,34,0,10.699999999999992,48.099999999999994
2022-02-04,region_1,1.319,0.439,8.3,62.7,30.1,0,2,35,0,17.799999999999994,56.099999999999994
2022-02-05,region_1,1.319,0.439,6.5,66.7,32.0,0,2,36,0,14.999999999999993,47.699999999999996
2022-02-06,region_1,1.319,0.439,0.2,70.5,34.1,0,2,37,0,14.999999999999993,41.099999999999994
2022-02-07,region_1,1.319,0.439,0.5,67.7,35.2,0,2,38,0,7.199999999999993,26.199999999999992
2022-02-08,region_1,1.319,0.439,0.1,64.6,32.4,0,2,39,0,0.7999999999999928,25.099999999999994
2022-02-09,region_1,1.319,0.439,1.1,61.0,29.9,0,2,40,0,1.6999999999999929,16.89999999999999
2022-02-10,region_1,1.319,0.439,1.3,58.3,32.0,0,2,41,0,2.499999999999993,17.999999999999993
2022-02-11,region_1,1.319,0.439,7.8,57.3,30.0,0,2,42,0,10.199999999999992,17.499999999999993
2022-02-12,region_1,1.319,0.439,0.2,60.4,32.4,0,2,43,0,9.299999999999994,11.199999999999992
2022-02-13,region_1,1.319,0.439,0.1,57.8,30.3,0,2,44,0,8.099999999999993,11.099999999999994
2022-02-14,region_1,1.319,0.439,2.5,58.4,29.7,0,2,45,0,2.7999999999999936,13.099999999999994
2022-02-15,region_1,1.319,0.439,0.2,52.0,31.0,0,2,46,0,2.7999999999999936,13.199999999999992
2022-02-16,region_1,1.319,0.439,0.8,55.8,29.6,0,2,47,0,3.499999999999994,12.899999999999991
2022-02-17,region_1,1.319,0.439,1.0,47.4,27.2,0,2,48,0,1.9999999999999938,12.59999999999999
2022-02-18,region_1,1.319,0.439,1.7,48.4,26.8,0,2,49,0,3.499999999999994,6.499999999999993
2022-02-19,region_1,1.319,0.439,0.3,45.2,25.7,0,2,50,0,2.999999999999994,6.5999999999999925
2022-02-20,region_1,1.319,0.439,0.1,45.5,29.4,0,2,51,0,2.099999999999994,6.5999999999999925
2022-02-21,region_1,1.319,0.439,0.1,44.5,25.2,0,2,52,0,0.4999999999999938,4.199999999999993
2022-02-22,region_1,1.319,0.439,0.7,41.1,26.6,0,2,53,0,0.8999999999999937,4.699999999999992
2022-02-23,region_1,1.319,0.439,0.8,41.0,24.3,0,2,54,0,1.5999999999999939,4.699999999999993
2022-02-24,region_1,1.319,0.439,0.4,37.6,23.2,0,2,55,0,1.8999999999999937,4.0999999999999925
2022-02-25,region_1,1.319,0.439,0.7,33.6,23.7,0,2,56,0,1.8999999999999937,3.0999999999999925
2022-02-26,region_1,1.319,0.439,0.6,36.5,22.8,0,2,57,0,1.6999999999999935,3.399999999999993
2022-02-27,region_1,1.319,0.439,0.4,34.4,23.3,0,2,58,0,1.6999999999999937,3.6999999999999926
2022-02-28,region_1,1.319,0.439,0.9,32.3,22.8,0,2,59,0,1.8999999999999937,4.499999999999993
2022-03-01,region_1,1.319,0.439,0.1,31.4,20.8,0,3,60,0,1.3999999999999937,3.899999999999993
2022-03-02,region_1,1.319,0.439,35.9,31.2,19.4,0,3,61,0,36.89999999999999,38.99999999999999
2022-03-03,region_1,1.319,0.439,9.9,50.6,21.4,0,3,62,0,45.89999999999999,48.49999999999999
2022-03-04,region_1,1.319,0.439,3.4,58.5,21.2,0,3,63,0,49.19999999999999,51.19999999999999
2022-03-05,region_1,1.319,0.439,2.4,59.2,23.3,0,3,64,0,15.699999999999992,52.99999999999999
2022-03-06,region_1,1.319,0.439,4.1,59.6,23.5,0,3,65,0,9.899999999999991,56.69999999999999
2022-03-07,region_1,1.319,0.439,1.3,59.0,22.4,0,3,66,0,7.799999999999992,57.099999999999994
2022-03-08,region_1,1.319,0.439,3.6,55.3,22.0,0,3,67,0,8.999999999999993,60.599999999999994
2022-03-09,region_1,1.319,0.439,0.3,55.5,23.5,0,3,68,0,5.199999999999993,24.999999999999993
2022-03-10,region_1,1.319,0.439,0.4,52.1,22.4,0,3,69,0,4.299999999999994,15.499999999999993
2022-03-11,region_1,1.319,0.439,0.0,49.8,22.3,0,3,70,0,0.6999999999999929,12.099999999999993
2022-03-12,region_1,1.319,0.439,0.4,49.4,21.5,0,3,71,0,0.7999999999999929,10.099999999999993
2022-03-13,region_1,1.319,0.439,19.5,45.7,21.6,0,3,72,0,19.89999999999999,25.499999999999993
2022-03-14,region_1,1.319,0.439,8.9,59.2,22.5,0,3,73,0,28.79999999999999,33.099999999999994
2022-03-15,region_1,1.319,0.439,3.0,62.0,23.9,0,3,74,0,31.39999999999999,32.49999999999999
2022-03-16,region_1,1.319,0.439,2.6,64.8,22.9,0,3,75,0,14.499999999999993,34.8
2022-03-17,region_1,1.319,0.439,4.4,61.5,24.7,0,3,76,0,9.999999999999993,38.8
2022-03-18,region_1,1.319,0.439,0.8,63.9,25.2,0,3,77,0,7.799999999999993,39.599999999999994
2022-03-19,region_1,1.319,0.439,4.6,58.9,24.6,0,3,78,0,9.799999999999992,43.79999999999999
2022-03-20,region_1,1.319,0.439,14.3,58.9,26.9,0,3,79,0,19.699999999999992,38.599999999999994
2022-03-21,region_1,1.319,0.439,0.5,68.2,27.4,0,3,80,0,19.39999999999999,30.199999999999996
2022-03-22,region_1,1.319,0.439,2.1,62.6,26.5,0,3,81,0,16.899999999999995,29.299999999999997
2022-03-23,region_1,1.319,0.439,27.1,60.0,27.1,0,3,82,0,29.699999999999996,53.8
2022-03-24,region_1,1.319,0.439,0.3,75.7,37.1,0,3,83,0,29.499999999999996,49.699999999999996
2022-03-25,region_1,1.319,0.439,1.1,75.2,34.5,0,3,84,0,28.499999999999993,49.99999999999999
2022-03-26,region_1,1.319,0.439,0.2,72.3,31.6,0,3,85,0,1.599999999999993,45.6
2022-03-27,region_1,1.319,0.439,2.0,66.8,33.4,0,3,86,0,3.2999999999999927,33.3
2022-03-28,region_1,1.319,0.439,2.3,65.4,31.9,0,3,87,0,4.499999999999993,35.099999999999994
2022-03-29,region_1,1.319,0.439,12.0,66.3,30.6,0,3,88,0,16.299999999999994,44.99999999999999
2022-03-30,region_1,1.319,0.439,1.9,73.1,37.6,0,3,89,0,16.199999999999992,19.799999999999994
2022-03-31,region_1,1.319,0.439,1.8,69.0,37.3,0,3,90,0,15.699999999999992,21.299999999999994
2022-04-01,region_1,1.319,0.439,4.6,67.8,34.5,0,4,91,0,8.299999999999994,24.799999999999994
2022-04-02,region_1,1.319,0.439,0.2,68.3,35.3,0,4,92,0,6.5999999999999925,24.79999999999999
2022-04-03,region_1,1.319,0.439,9.9,67.2,35.4,0,4,93,0,14.699999999999992,32.69999999999999
2022-04-04,region_1,1.319,0.439,0.7,66.4,35.7,0,4,94,0,10.799999999999994,31.099999999999994
2022-04-05,region_1,1.319,0.439,0.4,64.5,35.8,0,4,95,0,10.999999999999995,19.499999999999996
2022-04-06,region_1,1.319,0.439,0.9,61.8,34.4,0,4,96,0,1.9999999999999947,18.499999999999993
2022-04-07,region_1,1.319,0.439,0.2,61.5,34.0,0,4,97,0,1.4999999999999947,16.89999999999999
2022-04-08,region_1,1.319,0.439,26.2,57.2,32.1,0,4,98,0,27.299999999999994,38.49999999999999
2022-04-09,region_1,1.319,0.439,2.2,74.2,40.7,0,4,99,0,28.599999999999994,40.49999999999999
2022-04-10,region_1,1.319,0.439,1.1,72.1,40.8,0,4,100,0,29.499999999999993,31.699999999999992
2022-04-11,region_1,1.319,0.439,5.8,69.6,38.9,0,4,101,0,9.099999999999993,36.79999999999999
2022-04-12,region_1,1.319,0.439,10.1,71.1,39.9,0,4,102,0,16.999999999999993,46.49999999999999
2022-04-13,region_1,1.319,0.439,25.2,77.2,43.2,0,4,103,0,41.09999999999999,70.8
2022-04-14,region_1,1.319,0.439,5.6,87.1,50.5,0,4,104,0,40.899999999999984,76.19999999999999
2022-04-15,region_1,1.319,0.439,1.2,89.1,53.3,0,4,105,0,31.99999999999999,51.19999999999999
2022-04-16,region_1,1.319,0.439,3.6,84.3,49.6,0,4,106,0,10.399999999999984,52.599999999999994
2022-04-17,region_1,1.319,0.439,3.9,85.4,52.3,0,4,107,0,8.699999999999985,55.39999999999999
2022-04-18,region_1,1.319,0.439,46.8,83.7,52.1,0,4,108,0,54.29999999999998,96.39999999999999
2022-04-19,region_1,1.319,0.439,2.5,100.0,76.3,0,4,109,0,53.19999999999998,88.79999999999998
2022-04-20,region_1,1.319,0.439,1.1,97.3,78.9,0,4,110,0,50.399999999999984,64.69999999999999
2022-04-21,region_1,1.319,0.439,3.7,92.8,77.9,0,4,111,0,7.2999999999999865,62.79999999999999
2022-04-22,region_1,1.319,0.439,40.3,91.2,75.7,0,4,112,0,45.09999999999998,101.89999999999998
2022-04-23,region_1,1.319,0.439,0.4,100.0,100.0,0,4,113,0,44.39999999999998,98.69999999999999
2022-04-24,region_1,1.319,0.439,4.6,93.2,97.1,0,4,114,0,45.29999999999998,99.39999999999998
2022-04-25,region_1,1.319,0.439,3.8,93.3,97.3,0,4,115,0,8.799999999999986,56.399999999999984
2022-04-26,region_1,1.319,0.439,62.2,92.9,96.5,0,4,116,0,70.6,116.1
2022-04-27,region_1,1.319,0.439,3.5,99.0,98.7,0,4,117,0,69.5,118.5
2022-04-28,region_1,1.319,0.439,19.6,98.7,100.0,0,4,118,0,85.29999999999998,134.39999999999998
2022-04-29,region_1,1.319,0.439,22.1,99.9,100.0,0,4,119,0,45.19999999999999,116.19999999999999
2022-04-30,region_1,1.319,0.439,4.6,100.0,100.0,0,4,120,0,46.29999999999999,120.39999999999999
2022-05-01,region_1,1.319,0.439,0.7,98.7,99.1,0,5,121,0,27.399999999999988,116.5
2022-05-02,region_1,1.319,0.439,24.1,94.2,98.0,0,5,122,0,29.399999999999988,136.8
2022-05-03,region_1,1.319,0.439,3.2,98.1,98.5,0,5,123,0,27.99999999999999,77.8
2022-05-04,region_1,1.319,0.439,1.3,97.8,99.2,0,5,124,0,28.599999999999987,75.6
2022-05-05,region_1,1.319,0.439,3.5,91.4,96.9,0,5,125,0,7.999999999999986,59.5
2022-05-06,region_1,1.319,0.439,4.7,90.7,99.5,0,5,126,0,9.499999999999986,42.099999999999994
2022-05-07,region_1,1.319,0.439,2.6,92.4,96.3,0,5,127,0,10.799999999999985,40.099999999999994
2022-05-08,region_1,1.319,0.439,0.5,90.8,95.7,0,5,128,0,7.7999999999999865,39.9
2022-05-09,region_1,1.319,0.439,1.1,88.7,92.5,0,5,129,0,4.199999999999986,16.89999999999999
2022-05-10,region_1,1.319,0.439,5.4,81.4,91.7,0,5,130,0,6.999999999999986,19.099999999999994
2022-05-11,region_1,1.319,0.439,2.4,80.4,92.7,0,5,131,0,8.899999999999986,20.199999999999992
2022-05-12,region_1,1.319,0.439,44.2,80.4,92.9,0,5,132,0,51.999999999999986,60.89999999999999
2022-05-13,region_1,1.319,0.439,9.5,100.0,99.8,0,5,133,0,56.09999999999999,65.69999999999999
2022-05-14,region_1,1.319,0.439,2.2,100.0,99.6,0,5,134,0,55.89999999999999,65.3
2022-05-15,region_1,1.319,0.439,15.5,95.5,99.2,0,5,135,1,27.199999999999985,80.3
2022-05-16,region_1,1.319,0.439,47.2,99.8,99.6,0,5,136,1,64.89999999999999,126.39999999999999
2022-05-17,region_1,1.319,0.439,68.5,100.0,100.0,1,5,137,1,131.2,189.5
2022-05-18,region_1,1.319,0.439,2.5,100.0,99.4,0,5,138,1,118.19999999999999,189.6
2022-05-19,region_1,1.319,0.439,43.7,98.2,99.1,0,5,139,1,114.69999999999999,189.09999999999997
2022-05-20,region_1,1.319,0.439,1.5,99.3,100.0,0,5,140,1,47.69999999999999,181.09999999999997
2022-05-21,region_1,1.319,0.439,1.8,97.2,97.8,0,5,141,1,46.999999999999986,180.7
2022-05-22,region_1,1.319,0.439,6.2,94.4,97.1,0,5,142,1,9.499999999999986,171.39999999999998
2022-05-23,region_1,1.319,0.439,0.6,92.2,97.5,0,5,143,1,8.599999999999985,124.79999999999998
2022-05-24,region_1,1.319,0.439,2.2,91.6,96.0,0,5,144,1,8.999999999999986,58.499999999999986
2022-05-25,region_1,1.319,0.439,79.6,88.8,94.4,0,5,145,1,82.39999999999998,135.59999999999997
2022-05-26,region_1,1.319,0.439,14.6,98.9,99.9,0,5,146,1,96.39999999999998,106.49999999999997
2022-05-27,region_1,1.319,0.439,1.4,100.0,98.8,0,5,147,1,95.59999999999998,106.39999999999998
2022-05-28,region_1,1.319,0.439,9.4,97.5,100.0,0,5,148,1,25.399999999999984,113.99999999999999
2022-05-29,region_1,1.319,0.439,4.0,100.0,100.0,0,5,149,1,14.799999999999986,111.79999999999998
2022-05-30,region_1,1.319,0.439,22.0,100.0,98.4,0,5,150,1,35.399999999999984,133.2
2022-05-31,region_1,1.319,0.439,11.4,100.0,99.6,0,5,151,1,37.399999999999984,142.39999999999998
2022-06-01,region_1,1.319,0.439,66.8,100.0,98.4,1,6,152,1,100.19999999999999,129.59999999999997
2022-06-02,region_1,1.319,0.439,65.1,96.0,100.0,1,6,153,1,143.29999999999995,180.09999999999997
2022-06-03,region_1,1.319,0.439,74.3,100.0,100.0,0,6,154,1,206.19999999999996,252.99999999999997
2022-06-04,region_1,1.319,0.439,60.6,100.0,100.0,0,6,155,1,199.99999999999997,304.2
2022-06-05,region_1,1.319,0.439,43.9,100.0,99.2,0,6,156,1,178.79999999999998,344.09999999999997
2022-06-06,region_1,1.319,0.439,8.9,98.6,99.7,0,6,157,1,113.39999999999998,330.99999999999994
2022-06-07,region_1,1.319,0.439,13.0,100.0,100.0,0,6,158,1,65.79999999999997,332.59999999999997
2022-06-08,region_1,1.319,0.439,2.6,100.0,100.0,0,6,159,1,24.49999999999997,268.4
2022-06-09,region_1,1.319,0.439,45.8,96.4,99.5,1,6,160,1,61.39999999999997,249.09999999999997
2022-06-10,region_1,1.319,0.439,172.7,100.0,98.4,1,6,161,1,221.09999999999997,347.49999999999994
2022-06-11,region_1,1.319,0.439,3.6,100.0,99.8,0,6,162,1,222.09999999999997,290.5
2022-06-12,region_1,1.319,0.439,2.4,95.7,99.9,0,6,163,1,178.69999999999996,248.99999999999994
2022-06-13,region_1,1.319,0.439,121.6,96.4,98.3,1,6,164,1,127.59999999999997,361.69999999999993
2022-06-14,region_1,1.319,0.439,70.2,98.8,98.3,0,6,165,1,194.2,418.9
2022-06-15,region_1,1.319,0.439,225.5,97.5,98.7,0,6,166,1,417.29999999999995,641.8
2022-06-16,region_1,1.319,0.439,5.2,100.0,100.0,0,6,167,1,300.9,601.2
2022-06-17,region_1,1.319,0.439,7.2,99.7,98.8,0,6,168,1,237.89999999999998,435.69999999999993
2022-06-18,region_1,1.319,0.439,142.1,100.0,100.0,1,6,169,1,154.49999999999997,574.2
2022-06-19,region_1,1.319,0.439,92.5,100.0,99.8,0,6,170,1,241.79999999999998,664.3
2022-06-20,region_1,1.319,0.439,0.5,100.0,99.8,0,6,171,1,235.09999999999997,543.2
2022-06-21,region_1,1.319,0.439,18.1,96.3,97.3,0,6,172,1,111.09999999999997,491.1
2022-06-22,region_1,1.319,0.439,0.5,100.0,100.0,0,6,173,1,19.099999999999973,266.1
2022-06-23,region_1,1.319,0.439,3.0,94.3,97.6,0,6,174,1,21.599999999999973,263.90000000000003
2022-06-24,region_1,1.319,0.439,60.6,93.9,96.8,0,6,175,1,64.09999999999997,317.3
2022-06-25,region_1,1.319,0.439,104.5,99.8,100.0,0,6,176,1,168.09999999999997,279.7
2022-06-26,region_1,1.319,0.439,29.3,100.0,98.7,0,6,177,1,194.39999999999998,216.5
2022-06-27,region_1,1.319,0.439,3.5,100.0,100.0,0,6,178,1,137.29999999999998,219.5
2022-06-28,region_1,1.319,0.439,8.9,97.5,99.3,0,6,179,1,41.699999999999974,210.3
2022-06-29,region_1,1.319,0.439,3.5,99.5,99.4,0,6,180,1,15.899999999999972,213.3
2022-06-30,region_1,1.319,0.439,4.6,100.0,100.0,0,6,181,1,16.99999999999997,214.9
2022-07-01,region_1,1.319,0.439,2.9,94.3,99.4,0,7,182,1,10.999999999999972,157.20000000000002
2022-07-02,region_1,1.319,0.439,32.6,95.2,98.6,0,7,183,1,40.09999999999997,85.30000000000001
2022-07-03,region_1,1.319,0.439,122.8,100.0,100.0,0,7,184,1,158.29999999999995,178.8
2022-07-04,region_1,1.319,0.439,52.7,100.0,99.0,0,7,185,1,208.09999999999997,228.0
2022-07-05,region_1,1.319,0.439,17.9,100.0,100.0,0,7,186,1,193.39999999999998,237.0
2022-07-06,region_1,1.319,0.439,3.4,100.0,100.0,0,7,187,1,73.99999999999997,236.9
2022-07-07,region_1,1.319,0.439,15.6,98.3,100.0,0,7,188,1,36.89999999999997,247.9
2022-07-08,region_1,1.319,0.439,6.3,99.3,100.0,0,7,189,1,25.299999999999972,251.29999999999998
2022-07-09,region_1,1.319,0.439,4.7,100.0,99.4,0,7,190,1,26.599999999999973,223.4
2022-07-10,region_1,1.319,0.439,0.1,99.4,99.1,0,7,191,1,11.099999999999971,100.69999999999999
2022-07-11,region_1,1.319,0.439,40.4,93.9,98.3,0,7,192,1,45.19999999999997,88.39999999999998
2022-07-12,region_1,1.319,0.439,62.3,98.9,100.0,0,7,193,1,102.79999999999995,132.79999999999998
2022-07-13,region_1,1.319,0.439,69.9,98.2,99.2,0,7,194,1,172.59999999999997,199.29999999999998
2022-07-14,region_1,1.319,0.439,0.3,100.0,100.0,0,7,195,1,132.49999999999997,184.0
2022-07-15,region_1,1.319,0.439,4.3,93.3,100.0,0,7,196,1,74.49999999999997,182.0
2022-07-16,region_1,1.319,0.439,2.4,93.8,97.1,0,7,197,1,6.999999999999972,179.7
2022-07-17,region_1,1.319,0.439,60.9,88.4,96.6,0,7,198,1,67.59999999999997,240.5
2022-07-18,region_1,1.319,0.439,83.0,100.0,100.0,1,7,199,1,146.29999999999995,283.1
2022-07-19,region_1,1.319,0.439,75.0,100.0,100.0,1,7,200,1,218.89999999999998,295.8
2022-07-20,region_1,1.319,0.439,3.3,100.0,100.0,0,7,201,1,161.29999999999995,229.20000000000002
2022-07-21,region_1,1.319,0.439,12.2,100.0,100.0,0,7,202,1,90.49999999999996,241.1
2022-07-22,region_1,1.319,0.439,67.7,100.0,99.2,0,7,203,1,83.19999999999996,304.5
2022-07-23,region_1,1.319,0.439,8.1,100.0,100.0,0,7,204,1,87.99999999999996,310.20000000000005
2022-07-24,region_1,1.319,0.439,7.3,99.8,99.6,0,7,205,1,83.09999999999997,256.6
2022-07-25,region_1,1.319,0.439,4.2,99.2,98.1,0,7,206,1,19.59999999999996,177.8
2022-07-26,region_1,1.319,0.439,97.5,99.0,97.9,1,7,207,1,108.99999999999996,200.3
2022-07-27,region_1,1.319,0.439,62.6,99.8,100.0,0,7,208,1,164.29999999999995,259.59999999999997
2022-07-28,region_1,1.319,0.439,4.6,100.0,100.0,0,7,209,1,164.69999999999996,252.0
2022-07-29,region_1,1.319,0.439,39.4,99.3,99.0,0,7,210,1,106.59999999999997,223.70000000000002
2022-07-30,region_1,1.319,0.439,70.1,99.7,100.0,0,7,211,1,114.09999999999997,285.7
2022-07-31,region_1,1.319,0.439,77.4,100.0,98.9,1,7,212,1,186.89999999999998,355.79999999999995
2022-08-01,region_1,1.319,0.439,143.4,99.7,100.0,0,8,213,1,290.9,495.0
2022-08-02,region_1,1.319,0.439,15.1,100.0,99.6,0,8,214,1,235.89999999999998,412.6
2022-08-03,region_1,1.319,0.439,1.2,98.5,100.0,0,8,215,1,159.7,351.20000000000005
2022-08-04,region_1,1.319,0.439,3.4,95.9,99.3,0,8,216,1,19.69999999999997,350.0
2022-08-05,region_1,1.319,0.439,50.0,97.7,99.0,0,8,217,1,54.59999999999997,360.6
2022-08-06,region_1,1.319,0.439,27.2,98.6,100.0,0,8,218,1,80.59999999999997,317.7
2022-08-07,region_1,1.319,0.439,26.0,100.0,100.0,0,8,219,1,103.19999999999997,266.3
2022-08-08,region_1,1.319,0.439,27.3,99.3,98.7,0,8,220,1,80.49999999999997,150.2
2022-08-09,region_1,1.319,0.439,46.8,96.7,100.0,1,8,221,1,100.09999999999997,181.9
2022-08-10,region_1,1.319,0.439,11.2,100.0,98.9,0,8,222,1,85.29999999999997,191.89999999999998
2022-08-11,region_1,1.319,0.439,7.3,99.2,99.9,0,8,223,1,65.29999999999997,195.8
2022-08-12,region_1,1.319,0.439,0.6,100.0,99.6,0,8,224,1,19.09999999999997,146.4
2022-08-13,region_1,1.319,0.439,5.4,97.3,98.0,0,8,225,1,13.299999999999972,124.6
2022-08-14,region_1,1.319,0.439,1.0,95.5,98.7,0,8,226,1,6.999999999999972,99.6
2022-08-15,region_1,1.319,0.439,2.3,92.0,97.2,0,8,227,1,8.69999999999997,74.6
2022-08-16,region_1,1.319,0.439,5.3,87.9,97.9,0,8,228,1,8.599999999999971,33.1
2022-08-17,region_1,1.319,0.439,83.8,90.8,95.6,0,8,229,1,91.39999999999996,105.7
2022-08-18,region_1,1.319,0.439,97.9,99.7,100.0,1,8,230,1,186.99999999999997,196.3
2022-08-19,region_1,1.319,0.439,135.9,97.0,98.9,1,8,231,1,317.59999999999997,331.6
2022-08-20,region_1,1.319,0.439,4.9,100.0,100.0,0,8,232,1,238.7,331.09999999999997
2022-08-21,region_1,1.319,0.439,5.0,100.0,99.3,0,8,233,1,145.79999999999998,335.09999999999997
2022-08-22,region_1,1.319,0.439,3.0,100.0,100.0,0,8,234,1,12.899999999999972,335.8
2022-08-23,region_1,1.319,0.439,129.3,99.4,97.9,0,8,235,1,137.29999999999998,459.80000000000007
2022-08-24,region_1,1.319,0.439,6.2,100.0,100.0,0,8,236,1,138.49999999999997,382.20000000000005
2022-08-25,region_1,1.319,0.439,137.6,100.0,100.0,1,8,237,1,273.09999999999997,421.90000000000003
2022-08-26,region_1,1.319,0.439,33.2,100.0,100.0,0,8,238,1,176.99999999999994,319.2
2022-08-27,region_1,1.319,0.439,26.4,98.7,100.0,0,8,239,1,197.19999999999996,340.70000000000005
2022-08-28,region_1,1.319,0.439,73.5,97.5,98.7,0,8,240,1,133.09999999999997,409.20000000000005
2022-08-29,region_1,1.319,0.439,7.2,99.3,99.4,0,8,241,1,107.09999999999997,413.40000000000003
2022-08-30,region_1,1.319,0.439,82.9,100.0,100.0,0,8,242,1,163.59999999999997,367.0
2022-08-31,region_1,1.319,0.439,2.4,99.0,98.2,0,8,243,1,92.49999999999997,363.2
2022-09-01,region_1,1.319,0.439,12.9,97.9,97.7,0,9,244,1,98.19999999999996,238.5
2022-09-02,region_1,1.319,0.439,1.2,100.0,99.2,0,9,245,1,16.499999999999957,206.50000000000003
2022-09-03,region_1,1.319,0.439,8.9,96.7,96.9,0,9,246,1,22.999999999999957,189.0
2022-09-04,region_1,1.319,0.439,40.9,95.7,99.7,0,9,247,1,50.99999999999996,156.4
2022-09-05,region_1,1.319,0.439,0.0,100.0,100.0,0,9,248,1,49.799999999999955,149.20000000000002
2022-09-06,region_1,1.319,0.439,14.0,94.7,98.1,0,9,249,1,54.899999999999956,80.3
2022-09-07,region_1,1.319,0.439,12.2,100.0,100.0,0,9,250,1,26.199999999999957,90.1
2022-09-08,region_1,1.319,0.439,1.2,100.0,100.0,0,9,251,1,27.399999999999956,78.4
2022-09-09,region_1,1.319,0.439,80.1,95.5,98.5,1,9,252,1,93.49999999999994,157.3
2022-09-10,region_1,1.319,0.439,6.6,100.0,100.0,0,9,253,1,87.89999999999993,155.0
2022-09-11,region_1,1.319,0.439,28.4,100.0,100.0,0,9,254,1,115.09999999999994,142.5
2022-09-12,region_1,1.319,0.439,54.6,97.5,100.0,1,9,255,1,89.59999999999994,197.1
2022-09-13,region_1,1.319,0.439,78.6,99.9,100.0,1,9,256,1,161.59999999999994,261.7
2022-09-14,region_1,1.319,0.439,1.0,100.0,100.0,0,9,257,1,134.19999999999993,250.5
2022-09-15,region_1,1.319,0.439,0.6,94.9,98.7,0,9,258,1,80.19999999999993,249.89999999999998
2022-09-16,region_1,1.319,0.439,3.1,92.0,97.5,0,9,259,1,4.699999999999943,172.89999999999998
2022-09-17,region_1,1.319,0.439,0.1,87.8,95.7,0,9,260,1,3.7999999999999434,166.4
2022-09-18,region_1,1.319,0.439,27.9,83.9,92.6,0,9,261,1,31.09999999999994,165.89999999999998
2022-09-19,region_1,1.319,0.439,3.7,98.7,99.6,0,9,262,1,31.69999999999994,115.0
2022-09-20,region_1,1.319,0.439,0.6,96.1,99.9,0,9,263,1,32.19999999999994,37.0
2022-09-21,region_1,1.319,0.439,5.2,92.8,96.7,0,9,264,1,9.499999999999943,41.2
2022-09-22,region_1,1.319,0.439,54.1,95.5,98.5,0,9,265,1,59.89999999999994,94.69999999999999
2022-09-23,region_1,1.319,0.439,9.5,99.9,98.9,0,9,266,0,68.79999999999994,101.1
2022-09-24,region_1,1.319,0.439,31.1,100.0,100.0,0,9,267,0,94.69999999999995,132.1
2022-09-25,region_1,1.319,0.439,17.5,100.0,100.0,0,9,268,0,58.099999999999945,121.7
2022-09-26,region_1,1.319,0.439,0.0,98.3,98.2,0,9,269,0,48.599999999999945,118.0
2022-09-27,region_1,1.319,0.439,1.1,94.0,96.7,0,9,270,0,18.599999999999945,118.5
2022-09-28,region_1,1.319,0.439,34.7,92.7,97.2,0,9,271,0,35.79999999999995,148.0
2022-09-29,region_1,1.319,0.439,15.5,99.0,100.0,0,9,272,0,51.29999999999995,109.4
2022-09-30,region_1,1.319,0.439,0.4,100.0,100.0,0,9,273,0,50.599999999999945,100.3
2022-10-01,region_1,1.319,0.439,6.4,98.1,97.0,0,10,274,0,22.299999999999944,75.6
2022-10-02,region_1,1.319,0.439,0.7,92.9,100.0,0,10,275,0,7.499999999999944,58.8
2022-10-03,region_1,1.319,0.439,3.1,90.5,97.7,0,10,276,0,10.199999999999942,61.9
2022-10-04,region_1,1.319,0.439,1.2,89.0,96.5,0,10,277,0,4.999999999999943,61.99999999999999
2022-10-05,region_1,1.319,0.439,2.0,85.1,94.8,0,10,278,0,6.299999999999943,29.299999999999994
2022-10-06,region_1,1.319,0.439,0.4,82.5,93.2,0,10,279,0,3.5999999999999432,14.199999999999994
2022-10-07,region_1,1.319,0.439,3.1,79.0,89.9,0,10,280,0,5.499999999999943,16.89999999999999
2022-10-08,region_1,1.319,0.439,1.6,78.7,88.9,0,10,281,0,5.099999999999944,12.099999999999993
2022-10-09,region_1,1.319,0.439,0.0,76.5,88.4,0,10,282,0,4.699999999999943,11.399999999999993
2022-10-10,region_1,1.319,0.439,10.3,74.1,85.4,0,10,283,0,11.899999999999945,18.599999999999994
2022-10-11,region_1,1.319,0.439,0.0,77.8,88.2,0,10,284,0,10.299999999999946,17.399999999999995
2022-10-12,region_1,1.319,0.439,11.6,75.8,84.5,0,10,285,0,21.899999999999945,26.999999999999993
2022-10-13,region_1,1.319,0.439,35.4,78.6,88.1,0,10,286,0,46.99999999999994,61.99999999999999
2022-10-14,region_1,1.319,0.439,1.0,98.2,98.9,0,10,287,0,47.99999999999994,59.89999999999999
2022-10-15,region_1,1.319,0.439,3.0,95.6,96.0,0,10,288,0,39.39999999999994,61.29999999999999
2022-10-16,region_1,1.319,0.439,3.3,94.6,95.2,0,10,289,0,7.299999999999943,64.6
2022-10-17,region_1,1.319,0.439,0.1,93.2,94.1,0,10,290,0,6.399999999999943,54.39999999999999
2022-10-18,region_1,1.319,0.439,6.3,89.8,91.3,0,10,291,0,9.699999999999942,60.69999999999999
2022-10-19,region_1,1.319,0.439,1.1,88.3,92.9,0,10,292,0,7.499999999999943,50.19999999999999
2022-10-20,region_1,1.319,0.439,3.3,85.6,90.1,0,10,293,0,10.699999999999942,18.09999999999999
2022-10-21,region_1,1.319,0.439,1.1,85.2,90.5,0,10,294,0,5.499999999999943,18.199999999999992
2022-10-22,region_1,1.319,0.439,0.9,78.8,88.6,0,10,295,0,5.299999999999944,16.09999999999999
2022-10-23,region_1,1.319,0.439,3.0,76.4,85.5,0,10,296,0,4.999999999999943,15.799999999999992
2022-10-24,region_1,1.319,0.439,5.4,79.3,85.3,0,10,297,0,9.299999999999944,21.099999999999994
2022-10-25,region_1,1.319,0.439,1.6,76.5,83.8,0,10,298,0,9.999999999999943,16.399999999999995
2022-10-26,region_1,1.319,0.439,0.0,73.7,82.4,0,10,299,0,6.999999999999943,15.299999999999994
2022-10-27,region_1,1.319,0.439,1.2,70.9,81.6,0,10,300,0,2.799999999999943,13.199999999999994
2022-10-28,region_1,1.319,0.439,0.6,65.0,79.5,0,10,301,0,1.799999999999943,12.699999999999994
2022-10-29,region_1,1.319,0.439,1.4,63.2,76.9,0,10,302,0,3.199999999999943,13.199999999999992
2022-10-30,region_1,1.319,0.439,0.9,60.6,75.2,0,10,303,0,2.899999999999943,11.099999999999993
2022-10-31,region_1,1.319,0.439,75.3,60.4,73.9,0,10,304,0,77.59999999999994,80.99999999999999
2022-11-01,region_1,1.319,0.439,45.4,99.4,92.6,0,11,305,0,121.59999999999994,124.79999999999998
2022-11-02,region_1,1.319,0.439,0.0,100.0,99.2,0,11,306,0,120.69999999999993,124.79999999999998
2022-11-03,region_1,1.319,0.439,18.8,94.8,96.1,0,11,307,0,64.19999999999995,142.39999999999998
2022-11-04,region_1,1.319,0.439,38.3,97.6,100.0,0,11,308,0,57.099999999999945,180.1
2022-11-05,region_1,1.319,0.439,3.8,100.0,100.0,0,11,309,0,60.89999999999994,182.5
2022-11-06,region_1,1.319,0.439,4.5,95.4,100.0,0,11,310,0,46.59999999999994,186.1
2022-11-07,region_1,1.319,0.439,1.9,96.2,99.2,0,11,311,0,10.199999999999942,112.69999999999999
2022-11-08,region_1,1.319,0.439,7.9,92.0,97.7,0,11,312,0,14.299999999999944,75.19999999999997
2022-11-09,region_1,1.319,0.439,0.4,95.1,99.2,0,11,313,0,10.199999999999942,75.6
2022-11-10,region_1,1.319,0.439,0.8,92.5,99.7,0,11,314,0,9.099999999999943,57.59999999999998
2022-11-11,region_1,1.319,0.439,1.0,90.2,95.7,0,11,315,0,2.1999999999999424,20.299999999999986
2022-11-12,region_1,1.319,0.439,2.8,82.5,93.9,0,11,316,0,4.599999999999943,19.299999999999983
2022-11-13,region_1,1.319,0.439,1.3,82.3,90.4,0,11,317,0,5.099999999999942,16.099999999999984
2022-11-14,region_1,1.319,0.439,0.3,77.7,89.3,0,11,318,0,4.399999999999942,14.499999999999986
2022-11-15,region_1,1.319,0.439,4.9,75.9,88.2,0,11,319,0,6.499999999999942,11.499999999999986
2022-11-16,region_1,1.319,0.439,3.8,76.9,87.6,0,11,320,0,8.999999999999943,14.899999999999984
2022-11-17,region_1,1.319,0.439,53.3,77.4,87.0,0,11,321,0,61.99999999999994,67.39999999999998
2022-11-18,region_1,1.319,0.439,1.5,96.8,100.0,0,11,322,0,58.599999999999945,67.89999999999998
2022-11-19,region_1,1.319,0.439,0.2,97.2,98.9,0,11,323,0,54.99999999999994,65.29999999999998
2022-11-20,region_1,1.319,0.439,0.2,90.5,93.9,0,11,324,0,1.899999999999943,64.19999999999999
2022-11-21,region_1,1.319,0.439,2.3,85.9,92.3,0,11,325,0,2.699999999999943,66.19999999999999
2022-11-22,region_1,1.319,0.439,0.6,85.4,92.1,0,11,326,0,3.099999999999943,61.89999999999998
2022-11-23,region_1,1.319,0.439,0.6,82.7,89.5,0,11,327,0,3.499999999999943,58.69999999999998
2022-11-24,region_1,1.319,0.439,0.4,78.2,87.7,0,11,328,0,1.5999999999999432,5.799999999999986
2022-11-25,region_1,1.319,0.439,0.4,73.2,85.9,0,11,329,0,1.399999999999943,4.699999999999985
2022-11-26,region_1,1.319,0.439,0.6,71.5,83.0,0,11,330,0,1.399999999999943,5.099999999999985
2022-11-27,region_1,1.319,0.439,0.2,67.6,81.9,0,11,331,0,1.1999999999999431,5.099999999999985
2022-11-28,region_1,1.319,0.439,0.2,66.5,80.1,0,11,332,0,0.9999999999999432,2.999999999999986
2022-11-29,region_1,1.319,0.439,1.4,64.2,77.6,0,11,333,0,1.799999999999943,3.7999999999999856
2022-11-30,region_1,1.319,0.439,0.3,62.1,76.5,0,11,334,0,1.899999999999943,3.499999999999986
2022-12-01,region_1,1.319,0.439,0.5,57.9,71.7,0,12,335,0,2.199999999999943,3.5999999999999854
2022-12-02,region_1,1.319,0.439,8.4,57.3,71.4,0,12,336,0,9.199999999999942,11.599999999999985
2022-12-03,region_1,1.319,0.439,0.0,57.5,72.5,0,12,337,0,8.899999999999944,10.999999999999986
2022-12-04,region_1,1.319,0.439,0.3,58.9,68.9,0,12,338,0,8.699999999999944,11.099999999999985
2022-12-05,region_1,1.319,0.439,0.5,52.2,67.0,0,12,339,0,0.7999999999999432,11.399999999999986
2022-12-06,region_1,1.319,0.439,1.6,48.7,66.1,0,12,340,0,2.3999999999999435,11.599999999999985
2022-12-07,region_1,1.319,0.439,1.3,52.4,64.8,0,12,341,0,3.3999999999999435,12.599999999999987
2022-12-08,region_1,1.319,0.439,1.6,47.9,62.7,0,12,342,0,4.499999999999943,13.699999999999987
2022-12-09,region_1,1.319,0.439,0.2,48.2,63.7,0,12,343,0,3.0999999999999432,5.499999999999986
2022-12-10,region_1,1.319,0.439,0.6,44.4,60.6,0,12,344,0,2.3999999999999435,6.099999999999986
2022-12-11,region_1,1.319,0.439,1.9,47.8,57.9,0,12,345,0,2.6999999999999433,7.699999999999986
2022-12-12,region_1,1.319,0.439,87.1,46.5,56.0,0,12,346,0,89.59999999999994,94.29999999999998
2022-12-13,region_1,1.319,0.439,0.5,100.0,65.9,0,12,347,0,89.49999999999994,93.19999999999999
2022-12-14,region_1,1.319,0.439,0.1,95.8,63.1,0,12,348,0,87.69999999999993,91.99999999999997
2022-12-15,region_1,1.319,0.439,0.6,92.6,64.5,0,12,349,0,1.1999999999999431,90.99999999999999
2022-12-16,region_1,1.319,0.439,0.0,87.2,61.5,0,12,350,0,0.6999999999999431,90.79999999999998
2022-12-17,region_1,1.319,0.439,1.1,84.9,60.0,0,12,351,0,1.6999999999999433,91.29999999999998
2022-12-18,region_1,1.319,0.439,1.8,79.6,58.8,0,12,352,0,2.8999999999999435,91.19999999999997
2022-12-19,region_1,1.319,0.439,0.9,80.0,58.9,0,12,353,0,3.7999999999999434,4.999999999999986
2022-12-20,region_1,1.319,0.439,0.2,74.0,54.2,0,12,354,0,2.899999999999943,4.699999999999986
2022-12-21,region_1,1.319,0.439,0.4,70.8,54.0,0,12,355,0,1.4999999999999432,4.999999999999987
2022-12-22,region_1,1.319,0.439,0.5,67.5,54.9,0,12,356,0,1.0999999999999432,4.899999999999986
2022-12-23,region_1,1.319,0.439,0.3,65.6,54.1,0,12,357,0,1.1999999999999431,5.199999999999986
2022-12-24,region_1,1.319,0.439,1.2,61.9,50.0,0,12,358,0,1.999999999999943,5.2999999999999865
2022-12-25,region_1,1.319,0.439,0.3,61.2,48.4,0,12,359,0,1.799999999999943,3.7999999999999856
2022-12-26,region_1,1.319,0.439,1.2,57.1,49.1,0,12,360,0,2.6999999999999433,4.099999999999985
2022-12-27,region_1,1.319,0.439,0.5,57.1,48.4,0,12,361,0,1.999999999999943,4.399999999999986
2022-12-28,region_1,1.319,0.439,0.1,56.0,46.9,0,12,362,0,1.799999999999943,4.099999999999985
2022-12-29,region_1,1.319,0.439,1.3,51.3,45.5,0,12,363,0,1.899999999999943,4.899999999999986
2022-12-30,region_1,1.319,0.439,0.4,53.2,42.8,0,12,364,0,1.799999999999943,4.999999999999986
2022-12-31,region_1,1.319,0.439,0.1,49.5,43.1,0,12,365,0,1.799999999999943,3.899999999999986
2023-01-01,region_1,1.319,0.439,1.1,48.8,42.1,0,1,1,0,1.599999999999943,4.699999999999986
2023-01-02,region_1,1.319,0.439,0.8,44.3,40.8,0,1,2,0,1.999999999999943,4.2999999999999865
2023-01-03,region_1,1.319,0.439,22.1,40.2,38.5,0,1,3,0,23.999999999999943,25.899999999999988
2023-01-04,region_1,1.319,0.439,0.3,55.2,41.9,0,1,4,0,23.199999999999942,26.099999999999987
2023-01-05,region_1,1.319,0.439,1.3,53.0,41.2,0,1,5,0,23.699999999999946,26.09999999999999
2023-01-06,region_1,1.319,0.439,0.2,50.9,38.7,0,1,6,0,1.7999999999999432,25.899999999999988
2023-01-07,region_1,1.319,0.439,13.4,46.8,38.3,0,1,7,0,14.899999999999944,39.19999999999999
2023-01-08,region_1,1.319,0.439,0.8,60.6,39.1,0,1,8,0,14.399999999999944,38.89999999999999
2023-01-09,region_1,1.319,0.439,22.9,54.2,38.2,0,1,9,0,37.099999999999945,60.999999999999986
2023-01-10,region_1,1.319,0.439,1.0,72.7,43.9,0,1,10,0,24.699999999999946,39.89999999999998
2023-01-11,region_1,1.319,0.439,0.6,72.0,43.2,0,1,11,0,24.499999999999947,40.19999999999998
2023-01-12,region_1,1.319,0.439,0.4,64.8,42.8,0,1,12,0,1.9999999999999467,39.29999999999998
2023-01-13,region_1,1.319,0.439,0.4,63.8,41.8,0,1,13,0,1.3999999999999466,39.499999999999986
2023-01-14,region_1,1.319,0.439,0.9,59.9,39.5,0,1,14,0,1.6999999999999469,26.999999999999986
2023-01-15,region_1,1.319,0.439,0.7,59.5,41.8,0,1,15,0,1.9999999999999467,26.899999999999984
2023-01-16,region_1,1.319,0.439,0.3,54.3,39.6,0,1,16,0,1.8999999999999466,4.299999999999986
2023-01-17,region_1,1.319,0.439,0.2,53.5,36.5,0,1,17,0,1.1999999999999467,3.499999999999986
2023-01-18,region_1,1.319,0.439,4.8,53.0,36.3,0,1,18,0,5.2999999999999465,7.699999999999985
2023-01-19,region_1,1.319,0.439,32.7,52.7,34.1,0,1,19,0,37.699999999999946,39.999999999999986
2023-01-20,region_1,1.319,0.439,0.0,75.9,43.2,0,1,20,0,37.49999999999994,39.59999999999999
2023-01-21,region_1,1.319,0.439,0.1,76.5,43.7,0,1,21,0,32.79999999999995,38.79999999999999
2023-01-22,region_1,1.319,0.439,1.5,69.2,43.7,0,1,22,0,1.5999999999999432,39.59999999999999
2023-01-23,region_1,1.319,0.439,39.1,69.1,40.2,0,1,23,0,40.699999999999946,78.39999999999999
2023-01-24,region_1,1.319,0.439,7.6,92.4,53.5,0,1,24,0,48.199999999999946,85.79999999999998
2023-01-25,region_1,1.319,0.439,0.4,93.0,56.4,0,1,25,0,47.099999999999945,81.39999999999999
2023-01-26,region_1,1.319,0.439,0.2,92.6,56.5,0,1,26,0,8.199999999999942,48.89999999999999
2023-01-27,region_1,1.319,0.439,0.5,85.8,52.2,0,1,27,0,1.0999999999999432,49.39999999999999
2023-01-28,region_1,1.319,0.439,0.0,80.7,54.6,0,1,28,0,0.6999999999999432,49.29999999999999
2023-01-29,region_1,1.319,0.439,0.4,78.1,50.3,0,1,29,0,0.8999999999999433,48.19999999999999
2023-01-30,region_1,1.319,0.439,0.0,74.2,48.3,0,1,30,0,0.39999999999994323,9.099999999999985
2023-01-31,region_1,1.319,0.439,0.3,70.4,47.8,0,1,31,0,0.6999999999999432,1.7999999999999858
2023-02-01,region_1,1.319,0.439,2.4,67.6,46.2,0,2,32,0,2.6999999999999433,3.7999999999999856
2023-02-02,region_1,1.319,0.439,0.2,65.1,47.0,0,2,33,0,2.899999999999943,3.799999999999986
2023-02-03,region_1,1.319,0.439,0.7,63.1,43.7,0,2,34,0,3.299999999999943,3.9999999999999853
2023-02-04,region_1,1.319,0.439,8.2,59.5,44.5,0,2,35,0,9.099999999999943,12.199999999999985
2023-02-05,region_1,1.319,0.439,0.0,60.4,46.2,0,2,36,0,8.899999999999944,11.799999999999985
2023-02-06,region_1,1.319,0.439,0.0,61.9,45.8,0,2,37,0,8.199999999999942,11.799999999999985
2023-02-07,region_1,1.319,0.439,0.1,56.5,43.8,0,2,38,0,0.09999999999994316,11.599999999999984
2023-02-08,region_1,1.319,0.439,0.2,55.0,43.5,0,2,39,0,0.2999999999999432,9.399999999999986
2023-02-09,region_1,1.319,0.439,0.3,51.1,40.3,0,2,40,0,0.5999999999999431,9.499999999999984
2023-02-10,region_1,1.319,0.439,19.3,48.9,40.3,0,2,41,0,19.799999999999944,28.099999999999987
2023-02-11,region_1,1.319,0.439,0.5,61.9,40.4,0,2,42,0,20.099999999999945,20.399999999999984
2023-02-12,region_1,1.319,0.439,0.9,62.3,41.5,0,2,43,0,20.699999999999942,21.299999999999983
2023-02-13,region_1,1.319,0.439,0.0,60.6,41.1,0,2,44,0,1.399999999999943,21.299999999999983
2023-02-14,region_1,1.319,0.439,0.1,56.1,40.2,0,2,45,0,0.9999999999999432,21.299999999999983
2023-02-15,region_1,1.319,0.439,1.8,52.7,37.1,0,2,46,0,1.899999999999943,22.899999999999984
2023-02-16,region_1,1.319,0.439,0.8,49.7,37.6,0,2,47,0,2.6999999999999433,23.399999999999984
2023-02-17,region_1,1.319,0.439,0.1,51.7,37.0,0,2,48,0,2.6999999999999433,4.199999999999982
2023-02-18,region_1,1.319,0.439,0.0,47.2,35.8,0,2,49,0,0.8999999999999432,3.6999999999999824
2023-02-19,region_1,1.319,0.439,1.3,44.3,36.0,0,2,50,0,1.399999999999943,4.099999999999983
2023-02-20,region_1,1.319,0.439,1.6,44.9,34.4,0,2,51,0,2.8999999999999435,5.699999999999982
2023-02-21,region_1,1.319,0.439,0.5,43.7,34.0,0,2,52,0,3.3999999999999435,6.099999999999982
2023-02-22,region_1,1.319,0.439,7.5,40.2,32.6,0,2,53,0,9.599999999999945,11.799999999999983
2023-02-23,region_1,1.319,0.439,0.1,44.8,34.4,0,2,54,0,8.099999999999943,11.099999999999982
2023-02-24,region_1,1.319,0.439,26.7,45.2,33.6,0,2,55,0,34.29999999999994,37.69999999999998
2023-02-25,region_1,1.319,0.439,14.2,63.1,34.2,0,2,56,0,40.99999999999994,51.89999999999998
2023-02-26,region_1,1.319,0.439,2.1,75.1,40.2,0,2,57,0,42.99999999999994,52.69999999999998
2023-02-27,region_1,1.319,0.439,5.0,72.3,36.3,0,2,58,0,21.29999999999994,56.09999999999998
2023-02-28,region_1,1.319,0.439,23.1,73.6,39.3,0,2,59,0,30.199999999999942,78.69999999999999
2023-03-01,region_1,1.319,0.439,5.5,85.9,43.1,0,3,60,0,33.59999999999994,76.69999999999999
2023-03-02,region_1,1.319,0.439,0.2,87.6,46.3,0,3,61,0,28.79999999999994,76.79999999999998
2023-03-03,region_1,1.319,0.439,1.2,84.2,45.1,0,3,62,0,6.89999999999994,51.29999999999998
2023-03-04,region_1,1.319,0.439,17.1,79.2,42.7,0,3,63,0,18.499999999999943,54.19999999999998
2023-03-05,region_1,1.319,0.439,0.3,90.6,52.5,0,3,64,0,18.599999999999945,52.39999999999998
2023-03-06,region_1,1.319,0.439,1.4,82.4,53.2,0,3,65,0,18.799999999999944,48.79999999999998
2023-03-07,region_1,1.319,0.439,0.1,80.8,49.8,0,3,66,0,1.7999999999999432,25.79999999999998
2023-03-08,region_1,1.319,0.439,14.9,75.7,49.7,0,3,67,0,16.39999999999994,35.19999999999998
2023-03-09,region_1,1.319,0.439,0.3,85.2,55.4,0,3,68,0,15.299999999999944,35.299999999999976
2023-03-10,region_1,1.319,0.439,0.4,82.2,53.7,0,3,69,0,15.599999999999943,34.49999999999998
2023-03-11,region_1,1.319,0.439,0.6,80.1,50.8,0,3,70,0,1.2999999999999432,17.99999999999998
2023-03-12,region_1,1.319,0.439,1.2,75.3,52.2,0,3,71,0,2.1999999999999433,18.899999999999977
2023-03-13,region_1,1.319,0.439,14.9,72.2,50.7,0,3,72,0,16.699999999999942,32.39999999999998
2023-03-14,region_1,1.319,0.439,1.0,80.8,56.9,0,3,73,0,17.099999999999945,33.29999999999998
2023-03-15,region_1,1.319,0.439,0.9,78.1,55.1,0,3,74,0,16.799999999999944,19.29999999999998
2023-03-16,region_1,1.319,0.439,0.7,77.4,53.9,0,3,75,0,2.5999999999999432,19.69999999999998
2023-03-17,region_1,1.319,0.439,2.0,75.0,53.1,0,3,76,0,3.5999999999999432,21.29999999999998
2023-03-18,region_1,1.319,0.439,0.1,71.0,51.2,0,3,77,0,2.7999999999999434,20.79999999999998
2023-03-19,region_1,1.319,0.439,1.2,70.1,52.4,0,3,78,0,3.299999999999943,20.79999999999998
2023-03-20,region_1,1.319,0.439,12.7,64.5,49.6,0,3,79,0,13.999999999999943,18.59999999999998
2023-03-21,region_1,1.319,0.439,0.2,72.8,52.7,0,3,80,0,14.099999999999943,17.79999999999998
2023-03-22,region_1,1.319,0.439,3.3,69.6,53.1,0,3,81,0,16.199999999999942,20.19999999999998
2023-03-23,region_1,1.319,0.439,2.2,71.7,51.9,0,3,82,0,5.699999999999943,21.699999999999978
2023-03-24,region_1,1.319,0.439,2.4,67.8,50.8,0,3,83,0,7.8999999999999435,22.099999999999977
2023-03-25,region_1,1.319,0.439,17.6,63.3,50.8,0,3,84,0,22.199999999999946,39.59999999999998
2023-03-26,region_1,1.319,0.439,5.8,77.1,54.1,0,3,85,0,25.799999999999947,44.199999999999974
2023-03-27,region_1,1.319,0.439,21.3,79.8,54.3,0,3,86,0,44.699999999999946,52.79999999999998
2023-03-28,region_1,1.319,0.439,22.6,89.0,61.8,0,3,87,0,49.699999999999946,75.19999999999999
2023-03-29,region_1,1.319,0.439,1.4,98.7,69.5,0,3,88,0,45.29999999999995,73.29999999999998
2023-03-30,region_1,1.319,0.439,1.4,97.4,70.3,0,3,89,0,25.399999999999945,72.49999999999999
2023-03-31,region_1,1.319,0.439,0.8,95.4,69.7,0,3,90,0,3.599999999999943,70.89999999999998
2023-04-01,region_1,1.319,0.439,7.3,89.8,68.3,0,4,91,0,9.499999999999943,60.59999999999998
2023-04-02,region_1,1.319,0.439,0.6,88.6,67.4,0,4,92,0,8.699999999999942,55.399999999999984
2023-04-03,region_1,1.319,0.439,0.2,88.3,68.0,0,4,93,0,8.099999999999943,34.29999999999998
2023-04-04,region_1,1.319,0.439,2.8,83.8,65.2,0,4,94,0,3.599999999999942,14.499999999999979
2023-04-05,region_1,1.319,0.439,5.0,80.0,67.2,0,4,95,0,7.999999999999941,18.099999999999977
2023-04-06,region_1,1.319,0.439,1.1,83.1,65.9,0,4,96,0,8.899999999999942,17.79999999999998
2023-04-07,region_1,1.319,0.439,1.3,78.8,66.2,0,4,97,0,7.399999999999943,18.29999999999998
2023-04-08,region_1,1.319,0.439,7.1,77.2,62.6,0,4,98,0,9.499999999999943,18.099999999999977
2023-04-09,region_1,1.319,0.439,3.5,75.3,65.3,0,4,99,0,11.899999999999942,20.99999999999998
2023-04-10,region_1,1.319,0.439,2.6,76.7,64.3,0,4,100,0,13.199999999999942,23.399999999999977
2023-04-11,region_1,1.319,0.439,0.5,72.9,66.4,0,4,101,0,6.599999999999943,21.09999999999998
2023-04-12,region_1,1.319,0.439,2.9,71.6,63.2,0,4,102,0,5.999999999999942,18.99999999999998
2023-04-13,region_1,1.319,0.439,0.2,71.8,62.3,0,4,103,0,3.5999999999999424,18.099999999999977
2023-04-14,region_1,1.319,0.439,0.5,64.3,61.7,0,4,104,0,3.5999999999999424,17.299999999999976
2023-04-15,region_1,1.319,0.439,1.7,61.7,58.5,0,4,105,0,2.399999999999942,11.899999999999979
2023-04-16,region_1,1.319,0.439,0.8,63.2,57.1,0,4,106,0,2.9999999999999423,9.199999999999978
2023-04-17,region_1,1.319,0.439,25.5,59.4,55.7,0,4,107,0,27.999999999999943,32.09999999999998
2023-04-18,region_1,1.319,0.439,19.4,77.0,62.0,0,4,108,0,45.699999999999946,50.99999999999998
2023-04-19,region_1,1.319,0.439,2.5,86.6,64.9,0,4,109,0,47.39999999999995,50.59999999999998
2023-04-20,region_1,1.319,0.439,1.0,85.7,67.1,0,4,110,0,22.89999999999994,51.39999999999998
2023-04-21,region_1,1.319,0.439,1.4,83.5,66.0,0,4,111,0,4.8999999999999435,52.299999999999976
2023-04-22,region_1,1.319,0.439,5.7,79.8,64.5,0,4,112,0,8.099999999999943,56.29999999999998
2023-04-23,region_1,1.319,0.439,4.8,76.5,63.6,0,4,113,0,11.899999999999942,60.299999999999976
2023-04-24,region_1,1.319,0.439,0.2,83.6,65.1,0,4,114,0,10.699999999999942,34.999999999999986
2023-04-25,region_1,1.319,0.439,0.8,76.1,62.1,0,4,115,0,5.799999999999943,16.39999999999998
2023-04-26,region_1,1.319,0.439,5.8,70.8,63.9,0,4,116,0,6.799999999999943,19.69999999999998
2023-04-27,region_1,1.319,0.439,0.1,74.6,61.8,0,4,117,0,6.6999999999999424,18.799999999999983
2023-04-28,region_1,1.319,0.439,0.7,71.4,58.4,0,4,118,0,6.599999999999943,18.099999999999984
2023-04-29,region_1,1.319,0.439,2.7,69.4,58.9,0,4,119,0,3.499999999999943,15.099999999999982
2023-04-30,region_1,1.319,0.439,2.5,68.5,59.2,0,4,120,0,5.8999999999999435,12.799999999999983
2023-05-01,region_1,1.319,0.439,1.8,65.8,57.6,0,5,121,0,6.999999999999943,14.399999999999983
2023-05-02,region_1,1.319,0.439,27.7,62.0,55.5,0,5,122,0,31.999999999999943,41.29999999999998
2023-05-03,region_1,1.319,0.439,10.0,87.1,64.4,0,5,123,0,39.49999999999994,45.499999999999986
2023-05-04,region_1,1.319,0.439,11.1,87.0,68.7,0,5,124,0,48.79999999999995,56.499999999999986
2023-05-05,region_1,1.319,0.439,5.3,96.0,72.7,0,5,125,0,26.39999999999994,61.09999999999998
2023-05-06,region_1,1.319,0.439,2.3,92.9,72.9,0,5,126,0,18.699999999999942,60.699999999999974
2023-05-07,region_1,1.319,0.439,18.2,92.0,73.4,0,5,127,0,25.79999999999994,76.39999999999998
2023-05-08,region_1,1.319,0.439,3.1,99.0,80.9,0,5,128,0,23.599999999999945,77.69999999999997
2023-05-09,region_1,1.319,0.439,4.8,96.8,82.8,0,5,129,0,26.099999999999945,54.799999999999976
2023-05-10,region_1,1.319,0.439,12.5,95.2,83.3,0,5,130,0,20.39999999999994,57.29999999999998
2023-05-11,region_1,1.319,0.439,2.5,100.0,88.1,0,5,131,0,19.79999999999994,48.69999999999998
2023-05-12,region_1,1.319,0.439,106.5,96.4,88.1,1,5,132,0,121.49999999999994,149.89999999999998
2023-05-13,region_1,1.319,0.439,42.8,100.0,99.6,0,5,133,0,151.79999999999995,190.39999999999998
2023-05-14,region_1,1.319,0.439,0.2,99.1,100.0,0,5,134,0,149.49999999999994,172.39999999999998
2023-05-15,region_1,1.319,0.439,19.6,95.0,97.7,0,5,135,1,62.59999999999994,188.89999999999998
2023-05-16,region_1,1.319,0.439,3.7,100.0,100.0,0,5,136,1,23.499999999999943,187.79999999999998
2023-05-17,region_1,1.319,0.439,74.5,97.9,100.0,0,5,137,1,97.79999999999994,249.79999999999995
2023-05-18,region_1,1.319,0.439,10.9,98.6,100.0,0,5,138,1,89.09999999999994,258.2
2023-05-19,region_1,1.319,0.439,50.1,100.0,100.0,0,5,139,1,135.49999999999994,201.79999999999995
2023-05-20,region_1,1.319,0.439,17.2,99.6,98.7,0,5,140,1,78.19999999999995,176.2
2023-05-21,region_1,1.319,0.439,59.2,100.0,98.4,1,5,141,1,126.49999999999994,235.2
2023-05-22,region_1,1.319,0.439,29.8,100.0,100.0,0,5,142,1,106.19999999999995,245.39999999999998
2023-05-23,region_1,1.319,0.439,9.5,100.0,100.0,0,5,143,1,98.49999999999994,251.2
2023-05-24,region_1,1.319,0.439,70.1,99.4,100.0,1,5,144,1,109.39999999999993,246.79999999999998
2023-05-25,region_1,1.319,0.439,26.7,98.8,100.0,0,5,145,1,106.29999999999994,262.59999999999997
2023-05-26,region_1,1.319,0.439,21.6,100.0,100.0,0,5,146,1,118.39999999999993,234.1
2023-05-27,region_1,1.319,0.439,37.5,99.3,100.0,0,5,147,1,85.79999999999994,254.39999999999998
2023-05-28,region_1,1.319,0.439,27.6,100.0,99.6,0,5,148,1,86.69999999999993,222.79999999999998
2023-05-29,region_1,1.319,0.439,1.8,100.0,100.0,0,5,149,1,66.89999999999995,194.79999999999995
2023-05-30,region_1,1.319,0.439,45.2,95.0,98.5,0,5,150,1,74.59999999999994,230.49999999999997
2023-05-31,region_1,1.319,0.439,0.4,99.1,99.1,0,5,151,1,47.39999999999994,160.79999999999998
2023-06-01,region_1,1.319,0.439,16.3,94.1,95.9,0,6,152,1,61.89999999999995,150.39999999999998
2023-06-02,region_1,1.319,0.439,30.4,100.0,99.8,0,6,153,1,47.09999999999994,159.2
2023-06-03,region_1,1.319,0.439,98.4,100.0,100.0,1,6,154,1,145.09999999999994,220.1
2023-06-04,region_1,1.319,0.439,46.4,99.9,99.5,0,6,155,1,175.19999999999993,238.9
2023-06-05,region_1,1.319,0.439,3.0,100.0,98.6,0,6,156,1,147.79999999999995,240.1
2023-06-06,region_1,1.319,0.439,58.0,97.7,99.3,1,6,157,1,107.39999999999992,252.9
2023-06-07,region_1,1.319,0.439,3.2,100.0,99.3,0,6,158,1,64.19999999999993,255.7
2023-06-08,region_1,1.319,0.439,11.4,98.3,100.0,0,6,159,1,72.59999999999994,250.79999999999998
2023-06-09,region_1,1.319,0.439,2.3,100.0,100.0,0,6,160,1,16.89999999999993,222.70000000000002
2023-06-10,region_1,1.319,0.439,6.9,96.5,97.5,0,6,161,1,20.59999999999993,131.2
2023-06-11,region_1,1.319,0.439,1.9,97.0,99.6,0,6,162,1,11.099999999999929,86.69999999999997
2023-06-12,region_1,1.319,0.439,26.9,95.7,97.9,0,6,163,1,35.69999999999993,110.6
2023-06-13,region_1,1.319,0.439,11.1,100.0,98.8,0,6,164,1,39.89999999999993,63.69999999999999
2023-06-14,region_1,1.319,0.439,20.7,100.0,99.9,0,6,165,1,58.699999999999925,81.19999999999999
2023-06-15,region_1,1.319,0.439,8.2,100.0,100.0,0,6,166,1,39.99999999999993,77.99999999999997
2023-06-16,region_1,1.319,0.439,0.3,100.0,99.9,0,6,167,1,29.199999999999925,75.99999999999997
2023-06-17,region_1,1.319,0.439,0.2,94.0,97.1,0,6,168,1,8.699999999999928,69.29999999999998
2023-06-18,region_1,1.319,0.439,142.4,89.8,92.9,0,6,169,1,142.89999999999992,209.79999999999998
2023-06-19,region_1,1.319,0.439,2.6,100.0,99.3,0,6,170,1,145.19999999999993,185.49999999999997
2023-06-20,region_1,1.319,0.439,13.1,94.6,99.4,0,6,171,1,158.09999999999994,187.49999999999997
2023-06-21,region_1,1.319,0.439,31.0,100.0,98.7,0,6,172,1,46.699999999999946,197.79999999999998
2023-06-22,region_1,1.319,0.439,5.3,98.8,100.0,0,6,173,1,49.39999999999994,194.89999999999998
2023-06-23,region_1,1.319,0.439,52.2,100.0,99.4,0,6,174,1,88.49999999999994,246.8
2023-06-24,region_1,1.319,0.439,33.8,99.9,100.0,0,6,175,1,91.29999999999994,280.4
2023-06-25,region_1,1.319,0.439,23.7,100.0,99.6,0,6,176,1,109.69999999999995,161.69999999999996
2023-06-26,region_1,1.319,0.439,70.8,100.0,98.8,1,6,177,1,128.29999999999995,229.89999999999998
2023-06-27,region_1,1.319,0.439,47.8,99.5,100.0,0,6,178,1,142.29999999999995,264.59999999999997
2023-06-28,region_1,1.319,0.439,59.7,99.5,99.4,1,6,179,1,178.29999999999995,293.29999999999995
2023-06-29,region_1,1.319,0.439,151.6,99.0,99.2,1,6,180,1,259.0999999999999,439.59999999999997
2023-06-30,region_1,1.319,0.439,7.8,98.5,97.6,0,6,181,1,219.0999999999999,395.2
2023-07-01,region_1,1.319,0.439,1.3,99.5,100.0,0,7,182,1,160.6999999999999,362.7
2023-07-02,region_1,1.319,0.439,73.5,95.2,98.5,0,7,183,1,82.59999999999991,412.5
2023-07-03,region_1,1.319,0.439,39.6,98.1,100.0,0,7,184,1,114.39999999999992,381.29999999999995
2023-07-04,region_1,1.319,0.439,4.7,99.7,100.0,0,7,185,1,117.79999999999991,338.19999999999993
2023-07-05,region_1,1.319,0.439,5.4,99.4,100.0,0,7,186,1,49.69999999999992,283.9
2023-07-06,region_1,1.319,0.439,6.5,97.3,99.4,0,7,187,1,16.599999999999916,138.79999999999995
2023-07-07,region_1,1.319,0.439,0.6,98.2,98.6,0,7,188,1,12.499999999999917,131.59999999999997
2023-07-08,region_1,1.319,0.439,20.4,96.4,98.4,0,7,189,1,27.499999999999915,150.69999999999996
2023-07-09,region_1,1.319,0.439,107.3,97.9,100.0,0,7,190,1,128.2999999999999,184.49999999999997
2023-07-10,region_1,1.319,0.439,12.9,100.0,99.5,0,7,191,1,140.5999999999999,157.79999999999998
2023-07-11,region_1,1.319,0.439,3.2,99.0,100.0,0,7,192,1,123.3999999999999,156.29999999999995
2023-07-12,region_1,1.319,0.439,200.1,98.0,100.0,1,7,193,1,216.1999999999999,351.0
2023-07-13,region_1,1.319,0.439,6.3,100.0,100.0,0,7,194,1,209.5999999999999,350.79999999999995
2023-07-14,region_1,1.319,0.439,3.1,100.0,99.0,0,7,195,1,209.49999999999991,353.29999999999995
2023-07-15,region_1,1.319,0.439,44.3,97.7,100.0,0,7,196,1,53.69999999999991,377.2
2023-07-16,region_1,1.319,0.439,11.7,99.0,100.0,0,7,197,1,59.09999999999991,281.59999999999997
2023-07-17,region_1,1.319,0.439,72.8,98.8,100.0,1,7,198,1,128.7999999999999,341.5
2023-07-18,region_1,1.319,0.439,22.3,99.1,100.0,0,7,199,1,106.79999999999991,360.5999999999999
2023-07-19,region_1,1.319,0.439,20.5,100.0,100.0,0,7,200,1,115.59999999999991,180.99999999999997
2023-07-20,region_1,1.319,0.439,8.3,99.4,99.9,0,7,201,1,51.099999999999916,182.99999999999994
2023-07-21,region_1,1.319,0.439,24.3,100.0,100.0,0,7,202,1,53.099999999999916,204.19999999999996
2023-07-22,region_1,1.319,0.439,56.6,98.4,100.0,1,7,203,1,89.19999999999992,216.49999999999997
2023-07-23,region_1,1.319,0.439,5.2,98.3,100.0,0,7,204,1,86.09999999999992,209.99999999999994
2023-07-24,region_1,1.319,0.439,4.8,99.7,100.0,0,7,205,1,66.59999999999991,141.99999999999997
2023-07-25,region_1,1.319,0.439,35.9,97.6,100.0,0,7,206,1,45.89999999999991,155.59999999999997
2023-07-26,region_1,1.319,0.439,8.5,99.6,99.5,0,7,207,1,49.19999999999991,143.59999999999997
2023-07-27,region_1,1.319,0.439,22.8,97.8,100.0,0,7,208,1,67.19999999999992,158.09999999999997
2023-07-28,region_1,1.319,0.439,1.4,99.9,98.3,0,7,209,1,32.69999999999992,135.2
2023-07-29,region_1,1.319,0.439,5.8,98.5,98.4,0,7,210,1,29.999999999999915,84.39999999999998
2023-07-30,region_1,1.319,0.439,140.3,94.1,99.6,0,7,211,1,147.49999999999991,219.5
2023-07-31,region_1,1.319,0.439,1.4,100.0,99.4,0,7,212,1,147.49999999999991,216.1
2023-08-01,region_1,1.319,0.439,126.3,91.2,98.5,0,8,213,1,267.99999999999994,306.5
2023-08-02,region_1,1.319,0.439,2.7,98.8,98.9,0,8,214,1,130.39999999999992,300.7
2023-08-03,region_1,1.319,0.439,3.0,94.7,100.0,0,8,215,1,131.99999999999991,280.9
2023-08-04,region_1,1.319,0.439,70.2,97.4,97.3,0,8,216,1,75.89999999999992,349.70000000000005
2023-08-05,region_1,1.319,0.439,47.3,100.0,99.0,0,8,217,1,120.49999999999991,391.20000000000005
2023-08-06,region_1,1.319,0.439,6.3,98.4,99.0,0,8,218,1,123.79999999999991,257.2
2023-08-07,region_1,1.319,0.439,7.7,100.0,100.0,0,8,219,1,61.29999999999991,263.5
2023-08-08,region_1,1.319,0.439,67.6,100.0,100.0,0,8,220,1,81.59999999999991,204.79999999999998
2023-08-09,region_1,1.319,0.439,3.9,100.0,100.0,0,8,221,1,79.19999999999992,206.0
2023-08-10,region_1,1.319,0.439,16.3,98.0,100.0,0,8,222,1,87.79999999999991,219.29999999999998
2023-08-11,region_1,1.319,0.439,15.0,96.7,99.2,0,8,223,1,35.19999999999992,164.09999999999997
2023-08-12,region_1,1.319,0.439,4.8,98.7,100.0,0,8,224,1,36.099999999999916,121.6
2023-08-13,region_1,1.319,0.439,22.3,99.9,99.7,0,8,225,1,42.099999999999916,137.6
2023-08-14,region_1,1.319,0.439,4.0,100.0,100.0,0,8,226,1,31.099999999999916,133.89999999999998
2023-08-15,region_1,1.319,0.439,54.8,98.2,100.0,1,8,227,1,81.09999999999991,121.1
2023-08-16,region_1,1.319,0.439,4.7,99.1,98.3,0,8,228,1,63.499999999999915,121.89999999999999
2023-08-17,region_1,1.319,0.439,42.6,100.0,100.0,1,8,229,1,102.09999999999991,148.2
2023-08-18,region_1,1.319,0.439,4.9,100.0,99.9,0,8,230,1,52.19999999999992,138.1
2023-08-19,region_1,1.319,0.439,222.8,97.0,98.4,0,8,231,1,270.29999999999995,356.1
2023-08-20,region_1,1.319,0.439,41.2,99.8,99.3,1,8,232,1,268.8999999999999,375.0
2023-08-21,region_1,1.319,0.439,6.5,100.0,100.0,0,8,233,1,270.4999999999999,377.5
2023-08-22,region_1,1.319,0.439,8.4,99.3,99.3,0,8,234,1,56.099999999999916,331.1
2023-08-23,region_1,1.319,0.439,9.6,100.0,98.0,0,8,235,1,24.499999999999915,336.0
2023-08-24,region_1,1.319,0.439,3.3,97.6,100.0,0,8,236,1,21.299999999999915,296.7
2023-08-25,region_1,1.319,0.439,15.8,95.6,98.4,0,8,237,1,28.699999999999918,307.6
2023-08-26,region_1,1.319,0.439,19.0,98.9,100.0,0,8,238,1,38.099999999999916,103.80000000000001
2023-08-27,region_1,1.319,0.439,24.9,99.6,98.9,0,8,239,1,59.69999999999992,87.5
2023-08-28,region_1,1.319,0.439,13.5,100.0,100.0,0,8,240,1,57.39999999999992,94.5
2023-08-29,region_1,1.319,0.439,6.1,100.0,100.0,0,8,241,1,44.49999999999992,92.19999999999999
2023-08-30,region_1,1.319,0.439,30.7,100.0,100.0,0,8,242,1,50.29999999999991,113.3
2023-08-31,region_1,1.319,0.439,62.3,98.9,100.0,0,8,243,1,99.09999999999991,172.3
2023-09-01,region_1,1.319,0.439,5.1,99.5,98.2,0,9,244,1,98.09999999999991,161.6
2023-09-02,region_1,1.319,0.439,2.9,97.5,99.5,0,9,245,1,70.29999999999991,145.49999999999997
2023-09-03,region_1,1.319,0.439,27.8,98.0,100.0,0,9,246,1,35.79999999999991,148.4
2023-09-04,region_1,1.319,0.439,9.1,100.0,99.7,0,9,247,1,39.79999999999991,144.0
2023-09-05,region_1,1.319,0.439,4.1,99.3,99.9,0,9,248,1,40.999999999999915,142.0
2023-09-06,region_1,1.319,0.439,8.9,100.0,99.5,0,9,249,1,22.099999999999916,120.2
2023-09-07,region_1,1.319,0.439,17.0,98.4,100.0,0,9,250,1,29.999999999999915,74.9
2023-09-08,region_1,1.319,0.439,0.4,100.0,99.8,0,9,251,1,26.299999999999912,70.2
2023-09-09,region_1,1.319,0.439,3.6,97.8,96.4,0,9,252,1,20.999999999999915,70.9
2023-09-10,region_1,1.319,0.439,4.4,92.1,100.0,0,9,253,1,8.399999999999915,47.5
2023-09-11,region_1,1.319,0.439,1.9,94.4,96.0,0,9,254,1,9.899999999999915,40.3
2023-09-12,region_1,1.319,0.439,70.1,86.6,96.1,0,9,255,1,76.3999999999999,106.29999999999998
2023-09-13,region_1,1.319,0.439,109.4,100.0,99.2,1,9,256,1,181.39999999999992,206.79999999999998
2023-09-14,region_1,1.319,0.439,7.3,98.3,99.3,0,9,257,1,186.7999999999999,197.1
2023-09-15,region_1,1.319,0.439,61.3,100.0,98.9,0,9,258,1,177.99999999999991,258.0
2023-09-16,region_1,1.319,0.439,0.4,100.0,99.5,0,9,259,1,68.99999999999991,254.79999999999998
2023-09-17,region_1,1.319,0.439,8.9,97.2,98.7,0,9,260,1,70.59999999999991,259.29999999999995
2023-09-18,region_1,1.319,0.439,3.0,97.7,98.1,0,9,261,1,12.299999999999915,260.4
2023-09-19,region_1,1.319,0.439,31.8,93.7,100.0,0,9,262,1,43.69999999999992,222.09999999999997
2023-09-20,region_1,1.319,0.439,0.8,99.4,100.0,0,9,263,1,35.599999999999916,113.49999999999999
2023-09-21,region_1,1.319,0.439,0.2,95.6,98.4,0,9,264,1,32.79999999999992,106.39999999999999
2023-09-22,region_1,1.319,0.439,4.4,89.7,95.6,0,9,265,1,5.3999999999999115,49.499999999999986
2023-09-23,region_1,1.319,0.439,35.3,90.7,96.4,0,9,266,0,39.899999999999906,84.39999999999998
2023-09-24,region_1,1.319,0.439,4.8,99.6,100.0,0,9,267,0,44.4999999999999,80.29999999999998
2023-09-25,region_1,1.319,0.439,0.9,97.7,98.3,0,9,268,0,40.99999999999991,78.19999999999997
2023-09-26,region_1,1.319,0.439,78.7,92.2,98.6,0,9,269,0,84.39999999999992,125.09999999999998
2023-09-27,region_1,1.319,0.439,38.9,98.1,99.3,0,9,270,0,118.49999999999991,163.2
2023-09-28,region_1,1.319,0.439,7.1,95.3,100.0,0,9,271,0,124.6999999999999,170.09999999999997
2023-09-29,region_1,1.319,0.439,3.0,99.5,99.4,0,9,272,0,48.9999999999999,168.7
2023-09-30,region_1,1.319,0.439,36.3,98.4,100.0,1,9,273,0,46.3999999999999,169.7
2023-10-01,region_1,1.319,0.439,0.8,96.0,98.5,0,10,274,0,40.099999999999895,165.7
2023-10-02,region_1,1.319,0.439,0.4,96.2,96.3,0,10,275,0,37.4999999999999,165.2
2023-10-03,region_1,1.319,0.439,2.7,91.4,95.5,0,10,276,0,3.899999999999901,89.19999999999999
2023-10-04,region_1,1.319,0.439,4.6,87.2,95.7,0,10,277,0,7.699999999999901,54.899999999999984
2023-10-05,region_1,1.319,0.439,20.9,87.4,94.4,0,10,278,0,28.1999999999999,68.69999999999999
2023-10-06,region_1,1.319,0.439,6.4,100.0,100.0,0,10,279,0,31.8999999999999,72.09999999999998
2023-10-07,region_1,1.319,0.439,3.1,98.2,100.0,0,10,280,0,30.3999999999999,38.899999999999984
2023-10-08,region_1,1.319,0.439,0.6,97.6,98.6,0,10,281,0,10.0999999999999,38.69999999999999
2023-10-09,region_1,1.319,0.439,3.6,93.8,97.5,0,10,282,0,7.299999999999901,41.899999999999984
2023-10-10,region_1,1.319,0.439,2.5,90.8,96.3,0,10,283,0,6.699999999999902,41.69999999999999
2023-10-11,region_1,1.319,0.439,44.3,90.7,95.1,0,10,284,0,50.3999999999999,81.39999999999998
2023-10-12,region_1,1.319,0.439,5.1,100.0,99.8,0,10,285,0,51.8999999999999,65.59999999999998
2023-10-13,region_1,1.319,0.439,10.8,98.2,99.5,0,10,286,0,60.199999999999896,69.99999999999999
2023-10-14,region_1,1.319,0.439,1.2,100.0,99.9,0,10,287,0,17.099999999999902,68.09999999999998
2023-10-15,region_1,1.319,0.439,0.2,97.6,98.1,0,10,288,0,12.199999999999902,67.69999999999999
2023-10-16,region_1,1.319,0.439,2.5,89.2,95.2,0,10,289,0,3.8999999999999004,66.6
2023-10-17,region_1,1.319,0.439,3.1,88.4,94.8,0,10,290,0,5.799999999999901,67.19999999999999
2023-10-18,region_1,1.319,0.439,2.9,91.0,94.0,0,10,291,0,8.4999999999999,25.799999999999986
2023-10-19,region_1,1.319,0.439,26.5,83.6,92.1,0,10,292,0,32.4999999999999,47.19999999999999
2023-10-20,region_1,1.319,0.439,0.0,98.4,100.0,0,10,293,0,29.3999999999999,36.399999999999984
2023-10-21,region_1,1.319,0.439,2.1,95.5,96.9,0,10,294,0,28.599999999999902,37.29999999999999
2023-10-22,region_1,1.319,0.439,13.3,91.6,96.6,0,10,295,0,15.3999999999999,50.399999999999984
2023-10-23,region_1,1.319,0.439,14.2,98.4,99.1,0,10,296,0,29.599999999999902,62.09999999999999
2023-10-24,region_1,1.319,0.439,1.8,100.0,100.0,0,10,297,0,29.299999999999898,60.79999999999998
2023-10-25,region_1,1.319,0.439,14.3,96.7,99.4,0,10,298,0,30.2999999999999,72.19999999999999
2023-10-26,region_1,1.319,0.439,3.1,98.8,99.0,0,10,299,0,19.199999999999903,48.79999999999999
2023-10-27,region_1,1.319,0.439,1.5,98.6,99.7,0,10,300,0,18.899999999999903,50.29999999999999
2023-10-28,region_1,1.319,0.439,0.1,94.0,99.2,0,10,301,0,4.699999999999901,48.29999999999998
2023-10-29,region_1,1.319,0.439,0.0,89.5,94.3,0,10,302,0,1.5999999999999006,34.999999999999986
2023-10-30,region_1,1.319,0.439,0.6,88.2,91.9,0,10,303,0,0.6999999999999005,21.399999999999984
2023-10-31,region_1,1.319,0.439,21.6,81.8,91.4,0,10,304,0,22.199999999999903,41.19999999999999
2023-11-01,region_1,1.319,0.439,1.4,95.8,98.7,0,11,305,0,23.599999999999902,28.299999999999983
2023-11-02,region_1,1.319,0.439,0.3,90.2,97.4,0,11,306,0,23.2999999999999,25.499999999999986
2023-11-03,region_1,1.319,0.439,52.7,85.5,94.7,0,11,307,0,54.399999999999906,76.69999999999999
2023-11-04,region_1,1.319,0.439,1.1,97.3,100.0,0,11,308,0,54.09999999999991,77.69999999999999
2023-11-05,region_1,1.319,0.439,0.9,99.2,97.5,0,11,309,0,54.6999999999999,78.6
2023-11-06,region_1,1.319,0.439,17.9,92.3,95.9,0,11,310,0,19.8999999999999,95.89999999999998
2023-11-07,region_1,1.319,0.439,1.1,96.6,99.3,0,11,311,0,19.8999999999999,75.39999999999999
2023-11-08,region_1,1.319,0.439,3.6,97.6,99.1,0,11,312,0,22.5999999999999,77.59999999999998
2023-11-09,region_1,1.319,0.439,1.3,94.0,96.9,0,11,313,0,5.9999999999999005,78.6
2023-11-10,region_1,1.319,0.439,0.1,89.3,94.4,0,11,314,0,4.999999999999901,25.999999999999986
2023-11-11,region_1,1.319,0.439,0.5,87.9,91.9,0,11,315,0,1.8999999999999004,25.399999999999984
2023-11-12,region_1,1.319,0.439,0.6,79.0,91.8,0,11,316,0,1.1999999999999005,25.099999999999984
2023-11-13,region_1,1.319,0.439,20.4,78.2,89.8,0,11,317,0,21.4999999999999,27.599999999999984
2023-11-14,region_1,1.319,0.439,0.3,89.5,96.7,0,11,318,0,21.2999999999999,26.799999999999983
2023-11-15,region_1,1.319,0.439,1.7,87.3,91.9,0,11,319,0,22.3999999999999,24.899999999999984
2023-11-16,region_1,1.319,0.439,1.1,86.4,91.1,0,11,320,0,3.0999999999999006,24.699999999999985
2023-11-17,region_1,1.319,0.439,0.7,79.4,92.0,0,11,321,0,3.4999999999999005,25.299999999999983
2023-11-18,region_1,1.319,0.439,2.4,77.1,87.1,0,11,322,0,4.199999999999901,27.19999999999998
2023-11-19,region_1,1.319,0.439,0.8,78.3,85.4,0,11,323,0,3.899999999999901,27.399999999999984
2023-11-20,region_1,1.319,0.439,0.7,71.2,83.9,0,11,324,0,3.8999999999999004,7.699999999999986
2023-11-21,region_1,1.319,0.439,0.4,69.2,82.6,0,11,325,0,1.8999999999999009,7.7999999999999865
2023-11-22,region_1,1.319,0.439,0.9,63.7,80.5,0,11,326,0,1.999999999999901,6.999999999999986
2023-11-23,region_1,1.319,0.439,0.3,66.1,77.5,0,11,327,0,1.599999999999901,6.199999999999986
2023-11-24,region_1,1.319,0.439,1.0,59.3,75.6,0,11,328,0,2.199999999999901,6.499999999999986
2023-11-25,region_1,1.319,0.439,11.2,58.7,74.1,0,11,329,0,12.4999999999999,15.299999999999985
2023-11-26,region_1,1.319,0.439,5.6,65.5,74.5,0,11,330,0,17.799999999999898,20.099999999999984
2023-11-27,region_1,1.319,0.439,1.3,66.6,73.6,0,11,331,0,18.0999999999999,20.699999999999985
2023-11-28,region_1,1.319,0.439,0.0,63.8,75.1,0,11,332,0,6.8999999999999,20.299999999999986
2023-11-29,region_1,1.319,0.439,0.2,61.8,71.0,0,11,333,0,1.4999999999999005,19.599999999999984
2023-11-30,region_1,1.319,0.439,0.8,61.3,69.2,0,11,334,0,0.9999999999999005,20.099999999999984
2023-12-01,region_1,1.319,0.439,10.0,60.0,67.6,0,12,335,0,10.9999999999999,29.099999999999984
2023-12-02,region_1,1.319,0.439,10.9,60.2,68.8,0,12,336,0,21.699999999999903,28.799999999999983
2023-12-03,region_1,1.319,0.439,1.1,66.5,71.1,0,12,337,0,21.9999999999999,24.299999999999986
2023-12-04,region_1,1.319,0.439,0.2,63.6,68.6,0,12,338,0,12.199999999999902,23.199999999999985
2023-12-05,region_1,1.319,0.439,0.1,65.9,68.5,0,12,339,0,1.3999999999999007,23.299999999999986
2023-12-06,region_1,1.319,0.439,0.7,59.2,66.2,0,12,340,0,0.9999999999999005,23.799999999999986
2023-12-07,region_1,1.319,0.439,0.3,58.5,63.8,0,12,341,0,1.0999999999999006,23.299999999999986
2023-12-08,region_1,1.319,0.439,0.0,55.4,61.7,0,12,342,0,0.9999999999999005,13.299999999999986
2023-12-09,region_1,1.319,0.439,0.3,55.1,61.8,0,12,343,0,0.5999999999999005,2.699999999999986
2023-12-10,region_1,1.319,0.439,14.8,49.2,59.0,0,12,344,0,15.099999999999902,16.399999999999988
2023-12-11,region_1,1.319,0.439,12.0,57.4,59.2,0,12,345,0,27.099999999999902,28.19999999999999
2023-12-12,region_1,1.319,0.439,12.6,70.0,62.3,0,12,346,0,39.3999999999999,40.69999999999999
2023-12-13,region_1,1.319,0.439,0.4,74.2,63.3,0,12,347,0,24.9999999999999,40.399999999999984
2023-12-14,region_1,1.319,0.439,0.4,70.4,63.3,0,12,348,0,13.3999999999999,40.499999999999986
2023-12-15,region_1,1.319,0.439,0.3,69.0,58.4,0,12,349,0,1.0999999999999006,40.79999999999998
2023-12-16,region_1,1.319,0.439,0.2,64.5,59.0,0,12,350,0,0.8999999999999005,40.69999999999999
2023-12-17,region_1,1.319,0.439,1.6,63.2,59.0,0,12,351,0,2.0999999999999006,27.499999999999982
2023-12-18,region_1,1.319,0.439,0.2,59.6,56.7,0,12,352,0,1.9999999999999005,15.699999999999985
2023-12-19,region_1,1.319,0.439,1.7,57.9,55.8,0,12,353,0,3.4999999999999005,4.799999999999986
2023-12-20,region_1,1.319,0.439,0.3,56.0,53.2,0,12,354,0,2.1999999999999003,4.699999999999985
2023-12-21,region_1,1.319,0.439,3.9,52.3,53.0,0,12,355,0,5.8999999999999,8.199999999999985
2023-12-22,region_1,1.319,0.439,0.2,53.2,52.2,0,12,356,0,4.3999999999999,8.099999999999985
2023-12-23,region_1,1.319,0.439,0.1,50.6,51.1,0,12,357,0,4.199999999999901,7.999999999999986
2023-12-24,region_1,1.319,0.439,16.0,49.2,51.6,0,12,358,0,16.2999999999999,22.399999999999984
2023-12-25,region_1,1.319,0.439,0.8,59.9,52.0,0,12,359,0,16.899999999999903,22.999999999999986
2023-12-26,region_1,1.319,0.439,0.9,59.1,50.3,0,12,360,0,17.6999999999999,22.199999999999985
2023-12-27,region_1,1.319,0.439,2.0,57.0,49.2,0,12,361,0,3.6999999999999007,23.899999999999984
2023-12-28,region_1,1.319,0.439,30.4,55.6,46.7,0,12,362,0,33.2999999999999,50.399999999999984
2023-12-29,region_1,1.319,0.439,0.2,78.0,51.1,0,12,363,0,32.5999999999999,50.399999999999984
2023-12-30,region_1,1.319,0.439,0.4,73.3,48.8,0,12,364,0,30.9999999999999,50.69999999999998
2023-12-31,region_1,1.319,0.439,0.1,70.5,47.8,0,12,365,0,0.6999999999999006,34.79999999999998
2024-01-01,region_1,1.319,0.439,0.5,65.1,46.9,0,1,1,0,0.9999999999999005,34.499999999999986
2024-01-02,region_1,1.319,0.439,0.3,64.5,46.6,0,1,2,0,0.8999999999999005,33.899999999999984
2024-01-03,region_1,1.319,0.439,0.1,60.3,44.3,0,1,3,0,0.8999999999999005,31.999999999999982
2024-01-04,region_1,1.319,0.439,0.3,59.1,44.3,0,1,4,0,0.6999999999999006,1.8999999999999821
2024-01-05,region_1,1.319,0.439,0.1,55.3,43.1,0,1,5,0,0.49999999999990064,1.7999999999999823
2024-01-06,region_1,1.319,0.439,0.8,50.7,41.0,0,1,6,0,1.1999999999999007,2.1999999999999824
2024-01-07,region_1,1.319,0.439,0.3,55.1,42.7,0,1,7,0,1.1999999999999007,2.399999999999982
2024-01-08,region_1,1.319,0.439,0.6,49.2,38.8,0,1,8,0,1.6999999999999005,2.4999999999999822
2024-01-09,region_1,1.319,0.439,0.5,49.9,40.3,0,1,9,0,1.3999999999999004,2.6999999999999824
2024-01-10,region_1,1.319,0.439,6.4,45.1,36.0,0,1,10,0,7.4999999999999005,8.999999999999982
2024-01-11,region_1,1.319,0.439,1.2,51.7,37.9,0,1,11,0,8.0999999999999,9.89999999999998
2024-01-12,region_1,1.319,0.439,53.7,46.0,36.0,0,1,12,0,61.299999999999905,63.499999999999986
2024-01-13,region_1,1.319,0.439,0.2,82.7,45.4,0,1,13,0,55.09999999999991,62.89999999999999
2024-01-14,region_1,1.319,0.439,0.0,77.0,46.7,0,1,14,0,53.899999999999906,62.59999999999999
2024-01-15,region_1,1.319,0.439,0.5,78.9,43.4,0,1,15,0,0.6999999999999005,62.499999999999986
2024-01-16,region_1,1.319,0.439,0.1,71.4,41.7,0,1,16,0,0.5999999999999005,62.09999999999998
2024-01-17,region_1,1.319,0.439,0.7,69.7,42.2,0,1,17,0,1.2999999999999003,56.399999999999984
2024-01-18,region_1,1.319,0.439,0.2,66.4,40.5,0,1,18,0,0.9999999999999005,55.39999999999999
2024-01-19,region_1,1.319,0.439,12.0,62.7,40.0,0,1,19,0,12.8999999999999,13.699999999999985
2024-01-20,region_1,1.319,0.439,0.0,70.3,40.9,0,1,20,0,12.199999999999902,13.499999999999986
2024-01-21,region_1,1.319,0.439,1.1,68.3,39.9,0,1,21,0,13.0999999999999,14.599999999999985
2024-01-22,region_1,1.319,0.439,1.9,65.1,39.2,0,1,22,0,2.9999999999999005,15.999999999999986
2024-01-23,region_1,1.319,0.439,9.7,63.0,40.2,0,1,23,0,12.6999999999999,25.599999999999984
2024-01-24,region_1,1.319,0.439,0.2,68.8,40.2,0,1,24,0,11.7999999999999,25.099999999999984
2024-01-25,region_1,1.319,0.439,0.5,67.9,38.3,0,1,25,0,10.399999999999899,25.399999999999984
2024-01-26,region_1,1.319,0.439,0.4,61.7,38.7,0,1,26,0,1.0999999999999006,13.799999999999985
2024-01-27,region_1,1.319,0.439,1.5,56.9,37.7,0,1,27,0,2.399999999999901,15.299999999999985
2024-01-28,region_1,1.319,0.439,10.0,56.5,37.5,0,1,28,0,11.8999999999999,24.199999999999985
2024-01-29,region_1,1.319,0.439,1.8,60.1,37.7,0,1,29,0,13.299999999999901,24.099999999999984
2024-01-30,region_1,1.319,0.439,1.1,58.8,37.6,0,1,30,0,12.8999999999999,15.499999999999986
2024-01-31,region_1,1.319,0.439,0.3,56.9,37.4,0,1,31,0,3.1999999999999007,15.599999999999985
2024-02-01,region_1,1.319,0.439,0.3,55.6,35.1,0,2,32,0,1.6999999999999007,15.399999999999986
2024-02-02,region_1,1.319,0.439,29.6,53.5,36.1,0,2,33,0,30.199999999999903,44.59999999999999
2024-02-03,region_1,1.319,0.439,1.0,70.0,41.5,0,2,34,0,30.899999999999903,44.09999999999999
2024-02-04,region_1,1.319,0.439,0.4,65.9,39.5,0,2,35,0,30.9999999999999,34.499999999999986
2024-02-05,region_1,1.319,0.439,0.0,65.6,38.6,0,2,36,0,1.3999999999999004,32.69999999999999
2024-02-06,region_1,1.319,0.439,0.7,61.9,38.5,0,2,37,0,1.0999999999999006,32.29999999999999
2024-02-07,region_1,1.319,0.439,1.1,61.1,37.2,0,2,38,0,1.7999999999999008,33.09999999999999
2024-02-08,region_1,1.319,0.439,0.1,58.0,37.8,0,2,39,0,1.8999999999999009,32.899999999999984
2024-02-09,region_1,1.319,0.439,0.9,53.6,35.8,0,2,40,0,2.099999999999901,4.199999999999986
2024-02-10,region_1,1.319,0.439,0.3,54.1,35.7,0,2,41,0,1.2999999999999008,3.499999999999986
2024-02-11,region_1,1.319,0.439,0.2,50.3,33.7,0,2,42,0,1.3999999999999007,3.299999999999986
2024-02-12,region_1,1.319,0.439,0.5,48.9,33.6,0,2,43,0,0.9999999999999007,3.799999999999986
2024-02-13,region_1,1.319,0.439,0.9,46.9,34.1,0,2,44,0,1.5999999999999006,3.999999999999986
2024-02-14,region_1,1.319,0.439,0.3,44.1,31.9,0,2,45,0,1.6999999999999007,3.199999999999986
2024-02-15,region_1,1.319,0.439,0.4,42.6,30.7,0,2,46,0,1.5999999999999008,3.499999999999986
2024-02-16,region_1,1.319,0.439,0.6,40.6,29.6,0,2,47,0,1.2999999999999008,3.199999999999986
2024-02-17,region_1,1.319,0.439,10.3,38.1,29.7,0,2,48,0,11.299999999999901,13.199999999999987
2024-02-18,region_1,1.319,0.439,0.2,42.4,31.6,0,2,49,0,11.0999999999999,13.199999999999985
2024-02-19,region_1,1.319,0.439,0.1,42.6,28.1,0,2,50,0,10.599999999999902,12.799999999999986
2024-02-20,region_1,1.319,0.439,0.6,42.0,28.6,0,2,51,0,0.8999999999999005,12.499999999999988
2024-02-21,region_1,1.319,0.439,0.4,41.8,26.3,0,2,52,0,1.0999999999999006,12.599999999999987
2024-02-22,region_1,1.319,0.439,0.3,39.7,26.9,0,2,53,0,1.2999999999999006,12.499999999999986
2024-02-23,region_1,1.319,0.439,24.8,36.5,26.9,0,2,54,0,25.4999999999999,36.69999999999999
2024-02-24,region_1,1.319,0.439,0.7,57.3,26.7,0,2,55,0,25.7999999999999,27.099999999999984
2024-02-25,region_1,1.319,0.439,6.9,55.8,27.2,0,2,56,0,32.3999999999999,33.79999999999998
2024-02-26,region_1,1.319,0.439,2.8,56.6,28.8,0,2,57,0,10.3999999999999,36.499999999999986
2024-02-27,region_1,1.319,0.439,1.1,54.0,28.5,0,2,58,0,10.799999999999901,36.999999999999986
2024-02-28,region_1,1.319,0.439,0.1,53.0,28.3,0,2,59,0,3.9999999999999005,36.69999999999998
2024-02-29,region_1,1.319,0.439,1.1,54.8,26.3,0,2,60,0,2.299999999999901,37.499999999999986
2024-03-01,region_1,1.319,0.439,1.8,53.9,27.1,0,3,61,0,2.9999999999999005,14.499999999999982
2024-03-02,region_1,1.319,0.439,1.1,51.0,25.8,0,3,62,0,3.9999999999999005,14.899999999999984
2024-03-03,region_1,1.319,0.439,0.6,48.1,26.6,0,3,63,0,3.4999999999999005,8.599999999999982
2024-03-04,region_1,1.319,0.439,0.3,44.2,23.0,0,3,64,0,1.9999999999999005,6.099999999999983
2024-03-05,region_1,1.319,0.439,1.9,44.1,24.4,0,3,65,0,2.7999999999999003,6.899999999999982
2024-03-06,region_1,1.319,0.439,20.8,44.5,24.4,0,3,66,0,22.9999999999999,27.599999999999984
2024-03-07,region_1,1.319,0.439,1.9,58.0,28.1,0,3,67,0,24.5999999999999,28.39999999999998
2024-03-08,region_1,1.319,0.439,0.5,56.6,26.5,0,3,68,0,23.1999999999999,27.099999999999984
2024-03-09,region_1,1.319,0.439,40.0,55.1,26.0,0,3,69,0,42.3999999999999,65.99999999999999
2024-03-10,region_1,1.319,0.439,0.4,81.6,34.6,0,3,70,0,40.8999999999999,65.8
2024-03-11,region_1,1.319,0.439,1.4,74.7,34.7,0,3,71,0,41.7999999999999,66.89999999999998
2024-03-12,region_1,1.319,0.439,7.8,76.8,32.9,0,3,72,0,9.5999999999999,72.79999999999998
2024-03-13,region_1,1.319,0.439,0.5,72.2,33.8,0,3,73,0,9.6999999999999,52.499999999999986
2024-03-14,region_1,1.319,0.439,0.7,70.9,32.9,0,3,74,0,8.9999999999999,51.29999999999998
2024-03-15,region_1,1.319,0.439,2.8,69.6,34.5,0,3,75,0,3.9999999999999005,53.59999999999999
2024-03-16,region_1,1.319,0.439,0.7,69.5,34.3,0,3,76,0,4.199999999999901,14.299999999999985
2024-03-17,region_1,1.319,0.439,1.8,65.7,33.1,0,3,77,0,5.2999999999999,15.699999999999985
2024-03-18,region_1,1.319,0.439,0.1,63.7,32.3,0,3,78,0,2.5999999999999006,14.399999999999986
2024-03-19,region_1,1.319,0.439,12.9,64.8,32.3,0,3,79,0,14.799999999999901,19.499999999999986
2024-03-20,region_1,1.319,0.439,0.0,67.7,35.1,0,3,80,0,12.9999999999999,18.999999999999986
2024-03-21,region_1,1.319,0.439,25.3,63.8,34.5,0,3,81,0,38.1999999999999,43.59999999999999
2024-03-22,region_1,1.319,0.439,0.3,82.1,39.4,0,3,82,0,25.599999999999902,41.09999999999998
2024-03-23,region_1,1.319,0.439,1.0,77.3,37.9,0,3,83,0,26.599999999999902,41.399999999999984
2024-03-24,region_1,1.319,0.439,3.7,74.9,38.0,0,3,84,0,4.999999999999897,43.29999999999998
2024-03-25,region_1,1.319,0.439,1.8,73.0,37.7,0,3,85,0,6.499999999999897,44.999999999999986
2024-03-26,region_1,1.319,0.439,0.0,68.8,37.2,0,3,86,0,5.499999999999897,32.09999999999998
2024-03-27,region_1,1.319,0.439,0.3,67.6,39.1,0,3,87,0,2.099999999999897,32.399999999999984
2024-03-28,region_1,1.319,0.439,21.4,62.3,34.4,0,3,88,0,21.699999999999896,28.499999999999986
2024-03-29,region_1,1.319,0.439,7.5,81.1,43.4,0,3,89,0,29.199999999999896,35.69999999999999
2024-03-30,region_1,1.319,0.439,1.9,84.4,45.7,0,3,90,0,30.799999999999894,36.59999999999999
2024-03-31,region_1,1.319,0.439,2.6,82.3,45.7,0,3,91,0,11.999999999999897,35.499999999999986
2024-04-01,region_1,1.319,0.439,1.5,78.8,45.2,0,4,92,0,5.999999999999897,35.19999999999999
2024-04-02,region_1,1.319,0.439,2.0,77.6,45.6,0,4,93,0,6.099999999999897,37.19999999999999
2024-04-03,region_1,1.319,0.439,2.8,73.2,45.8,0,4,94,0,6.299999999999897,39.69999999999999
2024-04-04,region_1,1.319,0.439,0.8,74.2,43.6,0,4,95,0,5.599999999999897,19.099999999999987
2024-04-05,region_1,1.319,0.439,0.5,70.8,43.5,0,4,96,0,4.099999999999897,12.099999999999985
2024-04-06,region_1,1.319,0.439,0.7,65.7,43.4,0,4,97,0,1.999999999999897,10.899999999999984
2024-04-07,region_1,1.319,0.439,3.4,65.0,40.3,0,4,98,0,4.599999999999897,11.699999999999985
2024-04-08,region_1,1.319,0.439,0.5,65.7,40.7,0,4,99,0,4.599999999999897,10.699999999999985
2024-04-09,region_1,1.319,0.439,5.4,61.4,39.4,0,4,100,0,9.299999999999898,14.099999999999985
2024-04-10,region_1,1.319,0.439,0.8,60.9,40.6,0,4,101,0,6.699999999999897,12.099999999999987
2024-04-11,region_1,1.319,0.439,0.1,60.2,37.5,0,4,102,0,6.299999999999898,11.399999999999986
2024-04-12,region_1,1.319,0.439,5.0,58.0,39.8,0,4,103,0,5.899999999999897,15.899999999999986
2024-04-13,region_1,1.319,0.439,4.7,56.3,39.1,0,4,104,0,9.799999999999898,19.899999999999984
2024-04-14,region_1,1.319,0.439,44.1,57.2,39.2,0,4,105,0,53.7999999999999,60.59999999999999
2024-04-15,region_1,1.319,0.439,1.4,90.5,43.6,0,4,106,0,50.199999999999896,61.499999999999986
2024-04-16,region_1,1.319,0.439,0.9,88.0,44.4,0,4,107,0,46.39999999999989,56.999999999999986
2024-04-17,region_1,1.319,0.439,4.0,86.6,46.1,0,4,108,0,6.299999999999893,60.19999999999998
2024-04-18,region_1,1.319,0.439,1.8,83.8,45.4,0,4,109,0,6.699999999999894,61.89999999999999
2024-04-19,region_1,1.319,0.439,1.1,78.3,43.6,0,4,110,0,6.899999999999894,57.99999999999999
2024-04-20,region_1,1.319,0.439,1.5,80.3,44.8,0,4,111,0,4.399999999999894,54.79999999999999
2024-04-21,region_1,1.319,0.439,29.3,76.4,44.7,0,4,112,0,31.899999999999896,39.999999999999986
2024-04-22,region_1,1.319,0.439,18.7,92.4,52.4,0,4,113,0,49.49999999999989,57.29999999999998
2024-04-23,region_1,1.319,0.439,1.1,98.5,63.5,0,4,114,0,49.099999999999895,57.499999999999986
2024-04-24,region_1,1.319,0.439,3.1,95.2,63.9,0,4,115,0,22.899999999999892,56.59999999999999
2024-04-25,region_1,1.319,0.439,0.0,94.5,62.8,0,4,116,0,4.199999999999894,54.79999999999998
2024-04-26,region_1,1.319,0.439,1.7,85.3,62.4,0,4,117,0,4.799999999999893,55.399999999999984
2024-04-27,region_1,1.319,0.439,2.0,86.0,61.2,0,4,118,0,3.699999999999893,55.899999999999984
2024-04-28,region_1,1.319,0.439,0.2,84.5,60.2,0,4,119,0,3.8999999999998933,26.799999999999986
2024-04-29,region_1,1.319,0.439,3.3,75.3,58.4,0,4,120,0,5.499999999999893,11.399999999999986
2024-04-30,region_1,1.319,0.439,41.7,79.6,58.1,0,4,121,0,45.199999999999896,51.999999999999986
2024-05-01,region_1,1.319,0.439,8.1,100.0,70.3,0,5,122,0,53.099999999999895,56.999999999999986
2024-05-02,region_1,1.319,0.439,0.6,98.7,73.1,0,5,123,0,50.3999999999999,57.59999999999999
2024-05-03,region_1,1.319,0.439,0.3,94.1,72.7,0,5,124,0,8.999999999999893,56.19999999999999
2024-05-04,region_1,1.319,0.439,4.5,90.2,69.7,0,5,125,0,5.399999999999894,58.69999999999999
2024-05-05,region_1,1.319,0.439,11.5,86.8,73.3,0,5,126,0,16.299999999999894,69.99999999999999
2024-05-06,region_1,1.319,0.439,24.1,95.1,75.3,0,5,127,0,40.099999999999895,90.79999999999998
2024-05-07,region_1,1.319,0.439,58.1,100.0,89.1,0,5,128,0,93.6999999999999,107.19999999999999
2024-05-08,region_1,1.319,0.439,20.9,98.2,100.0,0,5,129,0,103.0999999999999,120.0
2024-05-09,region_1,1.319,0.439,1.5,100.0,100.0,0,5,130,0,80.49999999999989,120.89999999999998
2024-05-10,region_1,1.319,0.439,5.1,96.4,98.3,0,5,131,0,27.499999999999893,125.69999999999999
2024-05-11,region_1,1.319,0.439,0.2,96.3,98.8,0,5,132,0,6.799999999999893,121.39999999999999
2024-05-12,region_1,1.319,0.439,2.8,91.0,96.5,0,5,133,0,8.099999999999893,112.69999999999999
2024-05-13,region_1,1.319,0.439,8.3,90.7,96.7,0,5,134,0,11.299999999999894,96.89999999999999
2024-05-14,region_1,1.319,0.439,45.2,93.8,99.4,0,5,135,1,56.2999999999999,83.99999999999999
2024-05-15,region_1,1.319,0.439,0.6,99.4,100.0,0,5,136,1,54.0999999999999,63.69999999999999
2024-05-16,region_1,1.319,0.439,7.6,96.8,97.3,0,5,137,1,53.39999999999989,69.79999999999998
2024-05-17,region_1,1.319,0.439,4.9,98.1,99.2,0,5,138,1,13.099999999999893,69.6
2024-05-18,region_1,1.319,0.439,48.9,96.1,98.3,0,5,139,1,61.39999999999989,118.29999999999998
2024-05-19,region_1,1.319,0.439,2.0,100.0,100.0,0,5,140,1,55.79999999999989,117.5
2024-05-20,region_1,1.319,0.439,1.7,96.0,99.3,0,5,141,1,52.599999999999895,110.89999999999998
2024-05-21,region_1,1.319,0.439,31.1,93.0,98.0,0,5,142,1,34.7999999999999,96.8
2024-05-22,region_1,1.319,0.439,21.3,98.8,100.0,0,5,143,1,54.099999999999895,117.49999999999999
2024-05-23,region_1,1.319,0.439,3.1,100.0,100.0,0,5,144,1,55.49999999999989,112.99999999999999
2024-05-24,region_1,1.319,0.439,8.1,97.4,100.0,0,5,145,1,32.49999999999989,116.19999999999999
2024-05-25,region_1,1.319,0.439,3.9,97.7,100.0,0,5,146,1,15.099999999999893,71.19999999999997
2024-05-26,region_1,1.319,0.439,0.7,99.7,100.0,0,5,147,1,12.699999999999893,69.89999999999999
2024-05-27,region_1,1.319,0.439,10.4,95.9,95.9,0,5,148,1,14.999999999999893,78.6
2024-05-28,region_1,1.319,0.439,5.1,94.7,98.9,0,5,149,1,16.199999999999893,52.59999999999998
2024-05-29,region_1,1.319,0.439,5.5,92.4,98.5,0,5,150,1,20.999999999999893,36.79999999999998
2024-05-30,region_1,1.319,0.439,26.4,96.1,100.0,0,5,151,1,36.99999999999989,60.09999999999998
2024-05-31,region_1,1.319,0.439,0.6,100.0,99.2,0,5,152,1,32.49999999999989,52.59999999999999
2024-06-01,region_1,1.319,0.439,90.6,96.3,97.1,1,6,153,1,117.59999999999988,139.29999999999998
2024-06-02,region_1,1.319,0.439,17.0,100.0,100.0,0,6,154,1,108.19999999999987,155.6
2024-06-03,region_1,1.319,0.439,5.7,98.8,98.8,0,6,155,1,113.29999999999988,150.89999999999998
2024-06-04,region_1,1.319,0.439,2.1,98.5,100.0,0,6,156,1,24.799999999999887,147.9
2024-06-05,region_1,1.319,0.439,85.5,97.1,97.1,0,6,157,1,93.29999999999988,227.89999999999998
2024-06-06,region_1,1.319,0.439,45.0,99.3,98.8,0,6,158,1,132.59999999999988,246.5
2024-06-07,region_1,1.319,0.439,21.9,100.0,100.0,0,6,159,1,152.3999999999999,267.8
2024-06-08,region_1,1.319,0.439,3.6,100.0,98.8,0,6,160,1,70.49999999999989,180.79999999999998
2024-06-09,region_1,1.319,0.439,17.0,96.6,100.0,0,6,161,1,42.499999999999886,180.8
2024-06-10,region_1,1.319,0.439,22.8,100.0,100.0,0,6,162,1,43.39999999999989,197.9
2024-06-11,region_1,1.319,0.439,10.0,100.0,100.0,0,6,163,1,49.79999999999988,205.79999999999998
2024-06-12,region_1,1.319,0.439,128.6,100.0,100.0,1,6,164,1,161.39999999999986,248.89999999999998
2024-06-13,region_1,1.319,0.439,20.0,100.0,100.0,1,6,165,1,158.59999999999988,223.9
2024-06-14,region_1,1.319,0.439,50.7,97.3,99.0,1,6,166,1,199.2999999999999,252.7
2024-06-15,region_1,1.319,0.439,68.8,99.3,100.0,1,6,167,1,139.4999999999999,317.9
2024-06-16,region_1,1.319,0.439,11.6,97.7,100.0,0,6,168,1,131.09999999999988,312.5
2024-06-17,region_1,1.319,0.439,0.3,100.0,100.0,0,6,169,1,80.69999999999989,290.0
2024-06-18,region_1,1.319,0.439,8.3,96.0,98.4,0,6,170,1,20.19999999999989,288.3
2024-06-19,region_1,1.319,0.439,0.3,96.9,99.4,0,6,171,1,8.899999999999888,160.0
2024-06-20,region_1,1.319,0.439,6.1,94.1,97.6,0,6,172,1,14.699999999999886,146.1
2024-06-21,region_1,1.319,0.439,22.6,91.0,98.2,0,6,173,1,28.999999999999886,118.0
2024-06-22,region_1,1.319,0.439,44.1,98.8,100.0,0,6,174,1,72.79999999999988,93.30000000000001
2024-06-23,region_1,1.319,0.439,3.8,100.0,100.0,0,6,175,1,70.4999999999999,85.50000000000001
2024-06-24,region_1,1.319,0.439,32.3,98.0,99.8,0,6,176,1,80.19999999999987,117.5
2024-06-25,region_1,1.319,0.439,4.8,98.0,98.8,0,6,177,1,40.899999999999885,114.0
2024-06-26,region_1,1.319,0.439,0.5,100.0,98.1,0,6,178,1,37.59999999999989,114.2
2024-06-27,region_1,1.319,0.439,124.6,96.6,96.6,1,6,179,1,129.8999999999999,232.7
2024-06-28,region_1,1.319,0.439,78.1,100.0,99.4,0,6,180,1,203.19999999999987,288.2
2024-06-29,region_1,1.319,0.439,107.7,97.7,100.0,1,6,181,1,310.39999999999986,351.79999999999995
2024-06-30,region_1,1.319,0.439,24.0,100.0,100.0,0,6,182,1,209.7999999999999,372.0
2024-07-01,region_1,1.319,0.439,64.9,100.0,100.0,0,7,183,1,196.5999999999999,404.6
2024-07-02,region_1,1.319,0.439,93.6,99.6,100.0,1,7,184,1,182.4999999999999,493.4
2024-07-03,region_1,1.319,0.439,12.4,100.0,99.3,0,7,185,1,170.8999999999999,505.3
2024-07-04,region_1,1.319,0.439,4.9,99.8,98.5,0,7,186,1,110.89999999999989,385.59999999999997
2024-07-05,region_1,1.319,0.439,1.9,100.0,99.0,0,7,187,1,19.1999999999999,309.40000000000003
2024-07-06,region_1,1.319,0.439,16.5,96.8,96.3,0,7,188,1,23.299999999999898,218.2
2024-07-07,region_1,1.319,0.439,85.0,100.0,98.9,1,7,189,1,103.39999999999989,279.2
2024-07-08,region_1,1.319,0.439,120.9,100.0,99.5,0,7,190,1,222.3999999999999,335.2
2024-07-09,region_1,1.319,0.439,25.0,100.0,100.0,0,7,191,1,230.8999999999999,266.6
2024-07-10,region_1,1.319,0.439,18.2,100.0,100.0,0,7,192,1,164.09999999999988,272.4
2024-07-11,region_1,1.319,0.439,120.5,99.9,99.3,1,7,193,1,163.69999999999987,388.0
2024-07-12,region_1,1.319,0.439,58.9,99.0,100.0,0,7,194,1,197.59999999999988,445.0
2024-07-13,region_1,1.319,0.439,4.6,98.3,99.3,0,7,195,1,183.9999999999999,433.09999999999997
2024-07-14,region_1,1.319,0.439,47.4,95.4,100.0,1,7,196,1,110.89999999999989,395.5
2024-07-15,region_1,1.319,0.439,49.2,100.0,98.9,0,7,197,1,101.19999999999989,323.8
2024-07-16,region_1,1.319,0.439,58.6,99.4,100.0,1,7,198,1,155.1999999999999,357.40000000000003
2024-07-17,region_1,1.319,0.439,13.6,99.5,100.0,0,7,199,1,121.39999999999989,352.8
2024-07-18,region_1,1.319,0.439,10.3,100.0,100.0,0,7,200,1,82.49999999999989,242.6
2024-07-19,region_1,1.319,0.439,31.9,99.8,98.8,0,7,201,1,55.79999999999988,215.6
2024-07-20,region_1,1.319,0.439,1.0,100.0,100.0,0,7,202,1,43.19999999999988,212.0
2024-07-21,region_1,1.319,0.439,3.5,95.0,98.7,0,7,203,1,36.399999999999885,168.1
2024-07-22,region_1,1.319,0.439,1.3,92.4,95.8,0,7,204,1,5.799999999999886,120.2
2024-07-23,region_1,1.319,0.439,83.9,88.5,97.1,0,7,205,1,88.69999999999989,145.5
2024-07-24,region_1,1.319,0.439,70.9,100.0,98.8,1,7,206,1,156.0999999999999,202.8
2024-07-25,region_1,1.319,0.439,5.3,100.0,100.0,0,7,207,1,160.09999999999988,197.8
2024-07-26,region_1,1.319,0.439,58.9,98.5,100.0,0,7,208,1,135.09999999999988,224.8
2024-07-27,region_1,1.319,0.439,5.6,98.4,100.0,0,7,209,1,69.79999999999988,229.4
2024-07-28,region_1,1.319,0.439,8.0,100.0,98.5,0,7,210,1,72.49999999999989,233.89999999999998
2024-07-29,region_1,1.319,0.439,33.6,97.8,99.8,0,7,211,1,47.19999999999989,266.2
2024-07-30,region_1,1.319,0.439,4.7,100.0,100.0,0,7,212,1,46.29999999999989,187.0
2024-07-31,region_1,1.319,0.439,2.9,98.6,99.2,0,7,213,1,41.19999999999989,119.0
2024-08-01,region_1,1.319,0.439,3.0,97.5,98.5,0,8,214,1,10.599999999999886,116.7
2024-08-02,region_1,1.319,0.439,159.7,96.2,97.4,0,8,215,1,165.59999999999988,217.5
2024-08-03,region_1,1.319,0.439,10.4,100.0,100.0,0,8,216,1,173.09999999999988,222.3
2024-08-04,region_1,1.319,0.439,2.3,99.6,98.5,0,8,217,1,172.39999999999986,216.6
2024-08-05,region_1,1.319,0.439,8.4,99.2,99.1,0,8,218,1,21.099999999999888,191.4
2024-08-06,region_1,1.319,0.439,9.4,100.0,99.4,0,8,219,1,20.099999999999888,196.1
2024-08-07,region_1,1.319,0.439,0.9,100.0,100.0,0,8,220,1,18.699999999999886,194.1
2024-08-08,region_1,1.319,0.439,31.9,93.5,97.6,0,8,221,1,42.19999999999989,223.0
2024-08-09,region_1,1.319,0.439,54.3,97.4,100.0,1,8,222,1,87.09999999999988,117.6
2024-08-10,region_1,1.319,0.439,155.4,100.0,100.0,1,8,223,1,241.59999999999988,262.6
2024-08-11,region_1,1.319,0.439,3.9,100.0,100.0,0,8,224,1,213.59999999999988,264.2
2024-08-12,region_1,1.319,0.439,1.9,99.6,100.0,0,8,225,1,161.1999999999999,257.7
2024-08-13,region_1,1.319,0.439,0.3,93.6,97.6,0,8,226,1,6.099999999999886,248.6
2024-08-14,region_1,1.319,0.439,84.7,91.1,97.4,1,8,227,1,86.89999999999989,332.4
2024-08-15,region_1,1.319,0.439,24.5,100.0,100.0,0,8,228,1,109.49999999999989,325.0
2024-08-16,region_1,1.319,0.439,5.8,99.2,100.0,0,8,229,1,114.99999999999989,276.5
2024-08-17,region_1,1.319,0.439,192.3,100.0,100.0,0,8,230,1,222.5999999999999,313.4
2024-08-18,region_1,1.319,0.439,6.3,98.0,99.0,0,8,231,1,204.39999999999992,315.8
2024-08-19,region_1,1.319,0.439,0.6,100.0,98.6,0,8,232,1,199.1999999999999,314.5
2024-08-20,region_1,1.319,0.439,1.5,98.0,97.9,0,8,233,1,8.399999999999887,315.7
2024-08-21,region_1,1.319,0.439,64.3,90.7,95.5,0,8,234,1,66.39999999999988,295.3
2024-08-22,region_1,1.319,0.439,4.4,98.1,100.0,0,8,235,1,70.19999999999989,275.2
2024-08-23,region_1,1.319,0.439,16.2,99.9,98.8,0,8,236,1,84.89999999999989,285.59999999999997
2024-08-24,region_1,1.319,0.439,4.1,98.0,100.0,0,8,237,1,24.69999999999989,97.4
2024-08-25,region_1,1.319,0.439,2.3,100.0,99.8,0,8,238,1,22.599999999999888,93.4
2024-08-26,region_1,1.319,0.439,2.7,96.4,100.0,0,8,239,1,9.099999999999886,95.5
2024-08-27,region_1,1.319,0.439,95.5,93.4,97.3,0,8,240,1,100.49999999999989,189.5
2024-08-28,region_1,1.319,0.439,0.8,100.0,98.4,0,8,241,1,98.99999999999989,126.0
2024-08-29,region_1,1.319,0.439,2.0,97.3,99.4,0,8,242,1,98.29999999999988,123.6
2024-08-30,region_1,1.319,0.439,1.8,93.1,97.1,0,8,243,1,4.599999999999886,109.2
2024-08-31,region_1,1.319,0.439,15.3,86.3,96.1,0,8,244,1,19.099999999999888,120.4
2024-09-01,region_1,1.319,0.439,2.1,97.2,100.0,0,9,245,1,19.19999999999989,120.2
2024-09-02,region_1,1.319,0.439,1.6,91.6,100.0,0,9,246,1,18.999999999999886,119.1
2024-09-03,region_1,1.319,0.439,12.4,89.7,97.2,0,9,247,1,16.099999999999888,36.0
2024-09-04,region_1,1.319,0.439,2.9,94.0,99.4,0,9,248,1,16.89999999999989,38.1
2024-09-05,region_1,1.319,0.439,30.7,94.4,97.6,0,9,249,1,45.999999999999886,66.8
2024-09-06,region_1,1.319,0.439,4.8,99.6,99.0,0,9,250,1,38.399999999999885,69.8
2024-09-07,region_1,1.319,0.439,5.5,96.2,100.0,0,9,251,1,40.999999999999886,60.0
2024-09-08,region_1,1.319,0.439,66.1,99.9,99.3,1,9,252,1,76.39999999999988,124.0
2024-09-09,region_1,1.319,0.439,0.1,100.0,98.9,0,9,253,1,71.69999999999987,122.5
2024-09-10,region_1,1.319,0.439,57.3,96.5,97.5,0,9,254,1,123.49999999999989,167.4
2024-09-11,region_1,1.319,0.439,15.2,100.0,100.0,0,9,255,1,72.59999999999988,179.7
2024-09-12,region_1,1.319,0.439,8.9,100.0,99.9,0,9,256,1,81.39999999999989,157.9
2024-09-13,region_1,1.319,0.439,6.1,98.7,98.9,0,9,257,1,30.199999999999886,159.2
2024-09-14,region_1,1.319,0.439,7.9,97.3,100.0,0,9,258,1,22.899999999999885,161.6
2024-09-15,region_1,1.319,0.439,133.0,100.0,99.2,1,9,259,1,146.9999999999999,228.5
2024-09-16,region_1,1.319,0.439,1.7,99.6,100.0,0,9,260,1,142.59999999999988,230.1
2024-09-17,region_1,1.319,0.439,2.6,96.4,98.0,0,9,261,1,137.2999999999999,175.4
2024-09-18,region_1,1.319,0.439,5.3,92.1,97.1,0,9,262,1,9.599999999999886,165.5
2024-09-19,region_1,1.319,0.439,19.2,94.6,99.2,0,9,263,1,27.099999999999884,175.8
2024-09-20,region_1,1.319,0.439,9.3,100.0,98.6,0,9,264,1,33.79999999999988,179.0
2024-09-21,region_1,1.319,0.439,3.6,99.8,98.9,0,9,265,1,32.09999999999989,174.7
2024-09-22,region_1,1.319,0.439,28.1,96.1,99.3,0,9,266,0,40.999999999999886,69.8
2024-09-23,region_1,1.319,0.439,1.6,100.0,99.9,0,9,267,0,33.29999999999989,69.7
2024-09-24,region_1,1.319,0.439,0.3,97.0,100.0,0,9,268,0,29.999999999999886,67.4
2024-09-25,region_1,1.319,0.439,92.5,93.9,95.4,0,9,269,0,94.39999999999989,154.6
2024-09-26,region_1,1.319,0.439,4.6,96.8,98.7,0,9,270,0,97.39999999999989,140.0
2024-09-27,region_1,1.319,0.439,46.2,99.2,98.9,0,9,271,0,143.2999999999999,176.9
2024-09-28,region_1,1.319,0.439,2.9,98.9,100.0,0,9,272,0,53.69999999999989,176.20000000000002
2024-09-29,region_1,1.319,0.439,3.7,97.5,99.7,0,9,273,0,52.79999999999989,151.8
2024-09-30,region_1,1.319,0.439,4.1,97.0,98.6,0,9,274,0,10.699999999999886,154.29999999999998
2024-10-01,region_1,1.319,0.439,12.6,94.9,99.4,0,10,275,0,20.399999999999885,166.6
2024-10-02,region_1,1.319,0.439,1.3,99.8,100.0,0,10,276,0,17.999999999999886,75.4
2024-10-03,region_1,1.319,0.439,2.5,96.2,98.4,0,10,277,0,16.399999999999885,73.30000000000001
2024-10-04,region_1,1.319,0.439,51.1,91.4,97.9,0,10,278,0,54.899999999999885,78.2
2024-10-05,region_1,1.319,0.439,15.6,98.6,100.0,0,10,279,0,69.19999999999989,90.89999999999999
2024-10-06,region_1,1.319,0.439,15.1,100.0,99.3,0,10,280,0,81.79999999999988,102.30000000000001
2024-10-07,region_1,1.319,0.439,0.6,99.2,99.2,0,10,281,0,31.299999999999887,98.8
2024-10-08,region_1,1.319,0.439,1.7,97.4,97.3,0,10,282,0,17.399999999999885,87.9
2024-10-09,region_1,1.319,0.439,1.6,93.8,95.5,0,10,283,0,3.8999999999998862,88.2
2024-10-10,region_1,1.319,0.439,2.1,90.8,92.7,0,10,284,0,5.399999999999887,87.80000000000001
2024-10-11,region_1,1.319,0.439,9.6,87.0,93.2,0,10,285,0,13.299999999999887,46.3
2024-10-12,region_1,1.319,0.439,0.7,89.3,95.8,0,10,286,0,12.399999999999887,31.4
2024-10-13,region_1,1.319,0.439,0.1,86.0,93.2,0,10,287,0,10.399999999999888,16.4
2024-10-14,region_1,1.319,0.439,1.1,83.1,91.2,0,10,288,0,1.8999999999998864,16.9
2024-10-15,region_1,1.319,0.439,45.4,75.9,89.1,0,10,289,0,46.59999999999989,60.599999999999994
2024-10-16,region_1,1.319,0.439,0.3,100.0,98.7,0,10,290,0,46.79999999999988,59.3
2024-10-17,region_1,1.319,0.439,0.1,94.8,97.8,0,10,291,0,45.79999999999988,57.3
2024-10-18,region_1,1.319,0.439,0.7,90.9,95.5,0,10,292,0,1.0999999999998864,48.400000000000006
2024-10-19,region_1,1.319,0.439,1.9,87.2,91.3,0,10,293,0,2.6999999999998865,49.6
2024-10-20,region_1,1.319,0.439,39.2,84.2,92.8,0,10,294,0,41.79999999999989,88.7
2024-10-21,region_1,1.319,0.439,1.0,98.0,98.8,0,10,295,0,42.09999999999989,88.60000000000001
2024-10-22,region_1,1.319,0.439,1.1,96.2,97.0,0,10,296,0,41.29999999999989,44.300000000000004
2024-10-23,region_1,1.319,0.439,4.0,93.3,96.4,0,10,297,0,6.099999999999886,48.00000000000001
2024-10-24,region_1,1.319,0.439,4.3,87.5,96.5,0,10,298,0,9.399999999999887,52.2
2024-10-25,region_1,1.319,0.439,27.5,87.0,96.6,0,10,299,0,35.79999999999988,79.0
2024-10-26,region_1,1.319,0.439,17.8,100.0,100.0,0,10,300,0,49.59999999999989,94.89999999999999
2024-10-27,region_1,1.319,0.439,32.3,100.0,99.5,0,10,301,0,77.59999999999988,88.0
2024-10-28,region_1,1.319,0.439,2.2,100.0,100.0,0,10,302,0,52.29999999999989,89.19999999999999
2024-10-29,region_1,1.319,0.439,28.3,95.9,98.7,0,10,303,0,62.79999999999988,116.4
2024-10-30,region_1,1.319,0.439,2.0,100.0,100.0,0,10,304,0,32.499999999999886,114.4
2024-10-31,region_1,1.319,0.439,16.7,94.7,99.0,0,10,305,0,46.999999999999886,126.79999999999998
2024-11-01,region_1,1.319,0.439,55.6,99.8,99.5,0,11,306,0,74.29999999999988,154.89999999999998
2024-11-02,region_1,1.319,0.439,1.2,98.0,99.7,0,11,307,0,73.49999999999989,138.3
2024-11-03,region_1,1.319,0.439,2.3,96.1,96.6,0,11,308,0,59.09999999999989,108.3
2024-11-04,region_1,1.319,0.439,3.6,92.0,98.0,0,11,309,0,7.099999999999893,109.69999999999999
2024-11-05,region_1,1.319,0.439,0.1,93.3,97.5,0,11,310,0,5.999999999999893,81.5
2024-11-06,region_1,1.319,0.439,7.3,88.5,92.3,0,11,311,0,10.999999999999893,86.8
2024-11-07,region_1,1.319,0.439,1.1,87.5,96.9,0,11,312,0,8.499999999999893,71.19999999999999
2024-11-08,region_1,1.319,0.439,0.1,86.6,94.0,0,11,313,0,8.499999999999893,15.7
2024-11-09,region_1,1.319,0.439,1.7,79.6,90.7,0,11,314,0,2.8999999999998938,16.2
2024-11-10,region_1,1.319,0.439,2.6,78.4,88.9,0,11,315,0,4.399999999999894,16.5
2024-11-11,region_1,1.319,0.439,0.5,75.8,87.7,0,11,316,0,4.799999999999894,13.4
2024-11-12,region_1,1.319,0.439,0.3,74.6,85.4,0,11,317,0,3.3999999999998933,13.600000000000001
2024-11-13,region_1,1.319,0.439,8.4,71.2,83.3,0,11,318,0,9.199999999999893,14.700000000000001
2024-11-14,region_1,1.319,0.439,1.1,76.1,85.8,0,11,319,0,9.799999999999892,14.700000000000001
2024-11-15,region_1,1.319,0.439,0.4,71.6,82.8,0,11,320,0,9.899999999999892,15.000000000000002
2024-11-16,region_1,1.319,0.439,12.9,63.9,82.4,0,11,321,0,14.399999999999892,26.200000000000003
2024-11-17,region_1,1.319,0.439,0.5,73.1,82.5,0,11,322,0,13.799999999999892,24.1
2024-11-18,region_1,1.319,0.439,0.3,73.0,80.9,0,11,323,0,13.699999999999893,23.9
2024-11-19,region_1,1.319,0.439,0.9,67.0,77.4,0,11,324,0,1.6999999999998916,24.500000000000004
2024-11-20,region_1,1.319,0.439,1.7,62.0,76.3,0,11,325,0,2.8999999999998916,17.8
2024-11-21,region_1,1.319,0.439,0.5,63.7,74.9,0,11,326,0,3.0999999999998917,17.2
2024-11-22,region_1,1.319,0.439,36.8,61.2,73.8,0,11,327,0,38.999999999999886,53.599999999999994
2024-11-23,region_1,1.319,0.439,1.0,85.5,80.7,0,11,328,0,38.29999999999988,41.699999999999996
2024-11-24,region_1,1.319,0.439,0.6,82.8,79.7,0,11,329,0,38.399999999999885,41.8
2024-11-25,region_1,1.319,0.439,1.1,78.3,77.9,0,11,330,0,2.6999999999998865,42.599999999999994
2024-11-26,region_1,1.319,0.439,1.6,77.4,75.6,0,11,331,0,3.2999999999998866,43.29999999999999
2024-11-27,region_1,1.319,0.439,0.9,74.2,74.1,0,11,332,0,3.5999999999998864,42.5
2024-11-28,region_1,1.319,0.439,0.1,69.5,72.2,0,11,333,0,2.5999999999998864,42.099999999999994
2024-11-29,region_1,1.319,0.439,0.0,67.9,72.1,0,11,334,0,0.9999999999998863,5.300000000000001
2024-11-30,region_1,1.319,0.439,1.3,63.6,68.8,0,11,335,0,1.3999999999998862,5.6000000000000005
2024-12-01,region_1,1.319,0.439,0.1,64.9,68.0,0,12,336,0,1.3999999999998864,5.1000000000000005
2024-12-02,region_1,1.319,0.439,0.6,61.2,65.7,0,12,337,0,1.9999999999998863,4.6
2024-12-03,region_1,1.319,0.439,0.1,57.3,65.3,0,12,338,0,0.7999999999998862,3.1
2024-12-04,region_1,1.319,0.439,1.8,54.9,60.6,0,12,339,0,2.4999999999998863,4.0
2024-12-05,region_1,1.319,0.439,13.0,55.2,61.7,0,12,340,0,14.899999999999887,16.9
2024-12-06,region_1,1.319,0.439,0.8,61.0,60.9,0,12,341,0,15.599999999999888,17.7
2024-12-07,region_1,1.319,0.439,0.2,60.0,61.1,0,12,342,0,13.999999999999886,16.6
2024-12-08,region_1,1.319,0.439,0.6,58.4,59.0,0,12,343,0,1.5999999999998864,17.1
2024-12-09,region_1,1.319,0.439,7.3,53.2,56.2,0,12,344,0,8.099999999999886,23.8
2024-12-10,region_1,1.319,0.439,0.2,59.1,58.5,0,12,345,0,8.099999999999886,23.9
2024-12-11,region_1,1.319,0.439,1.0,56.1,56.9,0,12,346,0,8.499999999999886,23.1
2024-12-12,region_1,1.319,0.439,2.0,52.6,55.1,0,12,347,0,3.1999999999998865,12.100000000000001
2024-12-13,region_1,1.319,0.439,0.5,50.4,54.2,0,12,348,0,3.4999999999998863,11.8
2024-12-14,region_1,1.319,0.439,0.9,49.3,53.1,0,12,349,0,3.3999999999998862,12.5
2024-12-15,region_1,1.319,0.439,0.2,46.8,52.9,0,12,350,0,1.5999999999998864,12.100000000000001
2024-12-16,region_1,1.319,0.439,0.0,43.9,50.0,0,12,351,0,1.0999999999998864,4.8
2024-12-17,region_1,1.319,0.439,0.3,43.8,50.0,0,12,352,0,0.4999999999998863,4.9
2024-12-18,region_1,1.319,0.439,0.7,39.6,47.7,0,12,353,0,0.9999999999998863,4.6
2024-12-19,region_1,1.319,0.439,0.5,39.2,47.9,0,12,354,0,1.4999999999998863,3.1
2024-12-20,region_1,1.319,0.439,1.1,37.7,45.2,0,12,355,0,2.299999999999886,3.7000000000000006
2024-12-21,region_1,1.319,0.439,1.8,35.3,43.6,0,12,356,0,3.3999999999998867,4.6000000000000005
2024-12-22,region_1,1.319,0.439,1.2,38.1,42.2,0,12,357,0,4.099999999999886,5.6
2024-12-23,region_1,1.319,0.439,0.1,35.9,42.3,0,12,358,0,3.0999999999998864,5.7
2024-12-24,region_1,1.319,0.439,0.9,36.6,40.4,0,12,359,0,2.1999999999998865,6.300000000000001
2024-12-25,region_1,1.319,0.439,0.6,33.4,41.6,0,12,360,0,1.5999999999998864,6.2
2024-12-26,region_1,1.319,0.439,0.4,32.1,38.3,0,12,361,0,1.8999999999998862,6.1
2024-12-27,region_1,1.319,0.439,0.2,30.1,37.4,0,12,362,0,1.1999999999998863,5.2
2024-12-28,region_1,1.319,0.439,11.6,30.1,37.7,0,12,363,0,12.199999999999886,15.0
2024-12-29,region_1,1.319,0.439,0.3,38.2,38.0,0,12,364,0,12.099999999999886,14.100000000000001
2020-01-01,region_2,0.951,0.591,0.1,24.0,53.0,0,1,1,0,0.1,0.1
2020-01-02,region_2,0.951,0.591,18.7,23.3,53.2,0,1,2,0,18.8,18.8
2020-01-03,region_2,0.951,0.591,0.1,37.1,52.8,0,1,3,0,18.900000000000002,18.900000000000002
2020-01-04,region_2,0.951,0.591,0.6,36.6,50.9,0,1,4,0,19.4,19.5
2020-01-05,region_2,0.951,0.591,11.8,32.6,49.2,0,1,5,0,12.5,31.3
2020-01-06,region_2,0.951,0.591,1.3,38.3,51.7,0,1,6,0,13.700000000000001,32.6
2020-01-07,region_2,0.951,0.591,0.8,38.2,49.4,0,1,7,0,13.9,33.4
2020-01-08,region_2,0.951,0.591,24.9,37.6,48.5,0,1,8,0,27.0,58.2
2020-01-09,region_2,0.951,0.591,0.8,50.5,47.6,0,1,9,0,26.5,40.3
2020-01-10,region_2,0.951,0.591,0.1,46.9,48.4,0,1,10,0,25.799999999999997,40.300000000000004
2020-01-11,region_2,0.951,0.591,0.4,46.0,45.9,0,1,11,0,1.3,40.1
2020-01-12,region_2,0.951,0.591,0.1,41.0,48.3,0,1,12,0,0.6,28.4
2020-01-13,region_2,0.951,0.591,1.4,38.8,44.5,0,1,13,0,1.9,28.5
2020-01-14,region_2,0.951,0.591,0.4,39.1,44.0,0,1,14,0,1.9,28.099999999999998
2020-01-15,region_2,0.951,0.591,0.6,35.2,43.1,0,1,15,0,2.4,3.8
2020-01-16,region_2,0.951,0.591,11.5,34.1,42.6,0,1,16,0,12.5,14.5
2020-01-17,region_2,0.951,0.591,0.6,40.0,43.8,0,1,17,0,12.7,15.0
2020-01-18,region_2,0.951,0.591,1.2,37.9,42.4,0,1,18,0,13.3,15.8
2020-01-19,region_2,0.951,0.591,1.1,35.3,41.7,0,1,19,0,2.9,16.8
2020-01-20,region_2,0.951,0.591,0.2,35.8,41.6,0,1,20,0,2.5,15.6
2020-01-21,region_2,0.951,0.591,0.2,31.9,38.6,0,1,21,0,1.5,15.4
2020-01-22,region_2,0.951,0.591,0.5,33.9,40.0,0,1,22,0,0.9,15.3
2020-01-23,region_2,0.951,0.591,0.3,29.2,38.7,0,1,23,0,1.0,4.1
2020-01-24,region_2,0.951,0.591,1.9,29.1,37.1,0,1,24,0,2.7,5.3999999999999995
2020-01-25,region_2,0.951,0.591,0.5,28.9,37.2,0,1,25,0,2.7,4.699999999999999
2020-01-26,region_2,0.951,0.591,1.7,25.9,36.5,0,1,26,0,4.1,5.3
2020-01-27,region_2,0.951,0.591,0.3,24.6,33.1,0,1,27,0,2.4999999999999996,5.3999999999999995
2020-01-28,region_2,0.951,0.591,1.7,25.8,36.4,0,1,28,0,3.7,6.8999999999999995
2020-01-29,region_2,0.951,0.591,0.1,22.5,35.6,0,1,29,0,2.0999999999999996,6.499999999999999
2020-01-30,region_2,0.951,0.591,0.9,21.2,32.4,0,1,30,0,2.7,7.1
2020-01-31,region_2,0.951,0.591,1.2,23.3,32.3,0,1,31,0,2.2,6.4
2020-02-01,region_2,0.951,0.591,1.0,21.5,33.8,0,2,32,0,3.0999999999999996,6.9
2020-02-02,region_2,0.951,0.591,0.4,20.2,32.5,0,2,33,0,2.6,5.6
2020-02-03,region_2,0.951,0.591,0.1,19.5,31.6,0,2,34,0,1.5,5.4
2020-02-04,region_2,0.951,0.591,0.1,17.8,31.0,0,2,35,0,0.6000000000000001,3.8
2020-02-05,region_2,0.951,0.591,0.1,21.2,30.3,0,2,36,0,0.30000000000000004,3.8
2020-02-06,region_2,0.951,0.591,2.0,18.4,28.3,0,2,37,0,2.2,4.9
2020-02-07,region_2,0.951,0.591,0.0,15.9,28.2,0,2,38,0,2.1,3.6999999999999997
2020-02-08,region_2,0.951,0.591,1.2,15.6,29.2,0,2,39,0,3.2,3.9000000000000004
2020-02-09,region_2,0.951,0.591,0.2,16.9,28.3,0,2,40,0,1.4000000000000001,3.6999999999999997
2020-02-10,region_2,0.951,0.591,1.1,13.7,27.4,0,2,41,0,2.5,4.699999999999999
2020-02-11,region_2,0.951,0.591,1.8,14.2,25.9,0,2,42,0,3.1000000000000005,6.4
2020-02-12,region_2,0.951,0.591,1.8,15.1,27.1,0,2,43,0,4.7,8.1
2020-02-13,region_2,0.951,0.591,0.1,14.3,24.6,0,2,44,0,3.7000000000000006,6.199999999999999
2020-02-14,region_2,0.951,0.591,0.1,16.4,26.6,0,2,45,0,2.0000000000000004,6.3
2020-02-15,region_2,0.951,0.591,0.4,12.9,23.9,0,2,46,0,0.6000000000000003,5.5
2020-02-16,region_2,0.951,0.591,0.1,13.3,23.2,0,2,47,0,0.6000000000000003,5.4
2020-02-17,region_2,0.951,0.591,0.3,12.9,23.6,0,2,48,0,0.8000000000000002,4.6000000000000005
2020-02-18,region_2,0.951,0.591,1.8,14.5,23.3,0,2,49,0,2.2,4.6
2020-02-19,region_2,0.951,0.591,0.5,12.7,22.8,0,2,50,0,2.6,3.3
2020-02-20,region_2,0.951,0.591,0.3,15.7,20.9,0,2,51,0,2.6,3.5
2020-02-21,region_2,0.951,0.591,0.1,11.4,22.2,0,2,52,0,0.9,3.5
2020-02-22,region_2,0.951,0.591,2.8,11.0,22.3,0,2,53,0,3.1999999999999997,5.9
2020-02-23,region_2,0.951,0.591,0.9,14.2,20.9,0,2,54,0,3.8,6.7
2020-02-24,region_2,0.951,0.591,0.4,15.5,19.0,0,2,55,0,4.1,6.800000000000001
2020-02-25,region_2,0.951,0.591,62.4,11.8,19.9,0,2,56,0,63.699999999999996,67.4
2020-02-26,region_2,0.951,0.591,0.1,62.4,19.1,0,2,57,0,62.9,67.0
2020-02-27,region_2,0.951,0.591,0.7,58.1,17.9,0,2,58,0,63.199999999999996,67.4
2020-02-28,region_2,0.951,0.591,19.5,52.7,19.1,0,2,59,0,20.3,86.8
2020-02-29,region_2,0.951,0.591,0.4,63.7,25.1,0,2,60,0,20.599999999999998,84.39999999999999
2020-03-01,region_2,0.951,0.591,0.1,60.0,23.1,0,3,61,0,20.0,83.60000000000001
2020-03-02,region_2,0.951,0.591,0.2,54.8,22.4,0,3,62,0,0.7000000000000001,83.4
2020-03-03,region_2,0.951,0.591,1.2,53.3,23.0,0,3,63,0,1.5,22.2
2020-03-04,region_2,0.951,0.591,0.4,50.9,22.7,0,3,64,0,1.7999999999999998,22.5
2020-03-05,region_2,0.951,0.591,27.6,48.5,20.3,0,3,65,0,29.200000000000003,49.400000000000006
2020-03-06,region_2,0.951,0.591,1.6,62.8,27.2,0,3,66,0,29.600000000000005,31.500000000000004
2020-03-07,region_2,0.951,0.591,2.7,59.0,25.4,0,3,67,0,31.900000000000002,33.800000000000004
2020-03-08,region_2,0.951,0.591,0.8,61.9,26.3,0,3,68,0,5.1000000000000005,34.5
2020-03-09,region_2,0.951,0.591,0.1,55.5,24.5,0,3,69,0,3.6,34.4
2020-03-10,region_2,0.951,0.591,12.4,53.8,22.7,0,3,70,0,13.3,45.60000000000001
2020-03-11,region_2,0.951,0.591,2.0,59.2,27.0,0,3,71,0,14.5,47.2
2020-03-12,region_2,0.951,0.591,1.9,58.8,26.0,0,3,72,0,16.3,21.5
2020-03-13,region_2,0.951,0.591,0.3,53.3,28.1,0,3,73,0,4.2,20.2
2020-03-14,region_2,0.951,0.591,0.0,51.2,25.1,0,3,74,0,2.1999999999999997,17.5
2020-03-15,region_2,0.951,0.591,15.4,47.5,26.0,0,3,75,0,15.7,32.1
2020-03-16,region_2,0.951,0.591,0.5,54.5,28.2,0,3,76,0,15.9,32.5
2020-03-17,region_2,0.951,0.591,1.5,52.8,27.6,0,3,77,0,17.4,21.6
2020-03-18,region_2,0.951,0.591,2.0,50.1,26.5,0,3,78,0,4.0,21.6
2020-03-19,region_2,0.951,0.591,2.3,46.9,25.1,0,3,79,0,5.8,22.0
2020-03-20,region_2,0.951,0.591,0.3,47.4,25.3,0,3,80,0,4.6,22.0
2020-03-21,region_2,0.951,0.591,0.9,44.5,25.6,0,3,81,0,3.5,22.9
2020-03-22,region_2,0.951,0.591,1.3,44.4,24.5,0,3,82,0,2.5,8.8
2020-03-23,region_2,0.951,0.591,0.2,39.2,25.5,0,3,83,0,2.4000000000000004,8.5
2020-03-24,region_2,0.951,0.591,13.4,38.2,24.3,0,3,84,0,14.9,20.4
2020-03-25,region_2,0.951,0.591,4.4,45.8,24.5,0,3,85,0,18.0,22.8
2020-03-26,region_2,0.951,0.591,0.2,48.7,24.8,0,3,86,0,18.0,20.7
2020-03-27,region_2,0.951,0.591,2.6,44.0,24.1,0,3,87,0,7.200000000000001,23.0
2020-03-28,region_2,0.951,0.591,2.8,45.6,25.5,0,3,88,0,5.6,24.900000000000002
2020-03-29,region_2,0.951,0.591,0.2,43.2,24.7,0,3,89,0,5.6,23.8
2020-03-30,region_2,0.951,0.591,2.9,41.4,24.9,0,3,90,0,5.9,26.5
2020-03-31,region_2,0.951,0.591,0.5,42.2,24.6,0,3,91,0,3.6,13.600000000000001
2020-04-01,region_2,0.951,0.591,0.4,36.7,24.1,0,4,92,0,3.8,9.6
2020-04-02,region_2,0.951,0.591,11.1,36.1,24.5,0,4,93,0,12.0,20.5
2020-04-03,region_2,0.951,0.591,1.9,41.6,22.7,0,4,94,0,13.4,19.799999999999997
2020-04-04,region_2,0.951,0.591,12.3,39.9,24.5,0,4,95,0,25.3,29.299999999999997
2020-04-05,region_2,0.951,0.591,0.3,43.9,25.1,0,4,96,0,14.500000000000002,29.4
2020-04-06,region_2,0.951,0.591,0.9,44.3,24.0,0,4,97,0,13.5,27.400000000000002
2020-04-07,region_2,0.951,0.591,1.3,41.2,23.0,0,4,98,0,2.5,28.200000000000003
2020-04-08,region_2,0.951,0.591,63.8,39.5,23.5,0,4,99,0,66.0,91.6
2020-04-09,region_2,0.951,0.591,1.2,82.4,29.3,0,4,100,0,66.3,81.7
2020-04-10,region_2,0.951,0.591,3.6,73.6,27.4,0,4,101,0,68.6,83.39999999999999
2020-04-11,region_2,0.951,0.591,3.4,76.7,30.6,0,4,102,0,8.2,74.5
2020-04-12,region_2,0.951,0.591,2.9,75.1,32.7,0,4,103,0,9.899999999999999,77.1
2020-04-13,region_2,0.951,0.591,0.8,71.6,31.3,0,4,104,0,7.1,77.0
2020-04-14,region_2,0.951,0.591,22.3,66.2,32.4,0,4,105,0,26.0,98.0
2020-04-15,region_2,0.951,0.591,0.2,79.0,39.6,0,4,106,0,23.3,34.4
2020-04-16,region_2,0.951,0.591,3.9,76.4,38.6,0,4,107,0,26.400000000000002,37.099999999999994
2020-04-17,region_2,0.951,0.591,52.0,72.9,39.1,0,4,108,0,56.1,85.5
2020-04-18,region_2,0.951,0.591,1.8,100.0,61.6,0,4,109,0,57.699999999999996,83.89999999999999
2020-04-19,region_2,0.951,0.591,0.2,94.9,61.3,0,4,110,0,54.0,81.2
2020-04-20,region_2,0.951,0.591,0.2,90.2,62.1,0,4,111,0,2.2,80.6
2020-04-21,region_2,0.951,0.591,0.9,82.3,59.2,0,4,112,0,1.3,59.199999999999996
2020-04-22,region_2,0.951,0.591,1.4,79.7,61.0,0,4,113,0,2.5,60.4
2020-04-23,region_2,0.951,0.591,0.8,77.8,59.0,0,4,114,0,3.0999999999999996,57.3
2020-04-24,region_2,0.951,0.591,0.1,70.6,58.2,0,4,115,0,2.3,5.4
2020-04-25,region_2,0.951,0.591,2.1,67.2,55.4,0,4,116,0,3.0,5.7
2020-04-26,region_2,0.951,0.591,0.7,66.7,57.1,0,4,117,0,2.9000000000000004,6.2
2020-04-27,region_2,0.951,0.591,28.3,62.7,55.3,0,4,118,0,31.1,34.3
2020-04-28,region_2,0.951,0.591,1.1,79.2,64.0,0,4,119,0,30.1,34.5
2020-04-29,region_2,0.951,0.591,0.4,75.2,63.1,0,4,120,0,29.8,33.50000000000001
2020-04-30,region_2,0.951,0.591,10.8,70.9,61.4,0,4,121,0,12.3,43.5
2020-05-01,region_2,0.951,0.591,2.0,75.0,66.3,0,5,122,0,13.200000000000001,45.4
2020-05-02,region_2,0.951,0.591,2.8,73.7,65.9,0,5,123,0,15.600000000000001,46.1
2020-05-03,region_2,0.951,0.591,2.5,69.4,64.5,0,5,124,0,7.3,47.9
2020-05-04,region_2,0.951,0.591,1.5,66.2,66.2,0,5,125,0,6.8,21.1
2020-05-05,region_2,0.951,0.591,25.2,62.8,67.1,0,5,126,0,29.2,45.2
2020-05-06,region_2,0.951,0.591,11.1,76.5,70.3,0,5,127,0,37.8,55.9
2020-05-07,region_2,0.951,0.591,10.0,80.0,74.9,0,5,128,0,46.3,55.099999999999994
2020-05-08,region_2,0.951,0.591,0.7,83.6,79.1,0,5,129,0,21.8,53.8
2020-05-09,region_2,0.951,0.591,1.8,78.2,75.5,0,5,130,0,12.5,52.8
2020-05-10,region_2,0.951,0.591,25.8,77.1,75.9,0,5,131,0,28.3,76.1
2020-05-11,region_2,0.951,0.591,2.8,91.0,83.9,0,5,132,0,30.400000000000002,77.4
2020-05-12,region_2,0.951,0.591,0.2,89.7,84.2,0,5,133,0,28.8,52.4
2020-05-13,region_2,0.951,0.591,8.0,84.6,83.8,0,5,134,0,11.0,49.300000000000004
2020-05-14,region_2,0.951,0.591,5.1,87.6,82.2,0,5,135,1,13.299999999999999,44.400000000000006
2020-05-15,region_2,0.951,0.591,6.9,81.8,84.4,0,5,136,1,20.0,50.6
2020-05-16,region_2,0.951,0.591,0.1,81.6,86.2,0,5,137,1,12.1,48.900000000000006
2020-05-17,region_2,0.951,0.591,1.5,75.7,84.9,0,5,138,1,8.5,24.6
2020-05-18,region_2,0.951,0.591,4.3,71.6,84.2,0,5,139,1,5.9,26.1
2020-05-19,region_2,0.951,0.591,37.0,70.7,84.1,0,5,140,1,42.8,62.900000000000006
2020-05-20,region_2,0.951,0.591,5.6,89.1,95.6,0,5,141,1,46.9,60.50000000000001
2020-05-21,region_2,0.951,0.591,14.5,87.3,96.9,0,5,142,1,57.099999999999994,69.9
2020-05-22,region_2,0.951,0.591,9.4,92.8,100.0,0,5,143,1,29.499999999999993,72.4
2020-05-23,region_2,0.951,0.591,1.7,92.6,98.6,0,5,144,1,25.59999999999999,74.00000000000001
2020-05-24,region_2,0.951,0.591,3.9,90.8,100.0,0,5,145,1,14.999999999999993,76.4
2020-05-25,region_2,0.951,0.591,1.6,88.1,98.9,0,5,146,1,7.199999999999992,73.7
2020-05-26,region_2,0.951,0.591,73.5,81.4,99.1,0,5,147,1,78.99999999999999,110.20000000000002
2020-05-27,region_2,0.951,0.591,8.8,100.0,100.0,0,5,148,1,83.89999999999998,113.40000000000002
2020-05-28,region_2,0.951,0.591,0.5,100.0,100.0,0,5,149,1,82.79999999999998,99.40000000000002
2020-05-29,region_2,0.951,0.591,36.1,94.0,96.9,0,5,150,1,45.39999999999999,126.10000000000002
2020-05-30,region_2,0.951,0.591,5.3,97.3,99.7,0,5,151,1,41.89999999999999,129.70000000000002
2020-05-31,region_2,0.951,0.591,62.6,94.9,100.0,1,5,152,1,104.0,188.40000000000003
2020-06-01,region_2,0.951,0.591,69.6,100.0,100.0,0,6,153,1,137.5,256.40000000000003
2020-06-02,region_2,0.951,0.591,0.8,100.0,100.0,0,6,154,1,132.99999999999997,183.70000000000005
2020-06-03,region_2,0.951,0.591,46.5,96.7,98.3,0,6,155,1,116.89999999999998,221.40000000000003
2020-06-04,region_2,0.951,0.591,1.2,100.0,100.0,0,6,156,1,48.499999999999986,222.10000000000002
2020-06-05,region_2,0.951,0.591,30.4,96.7,100.0,0,6,157,1,78.09999999999998,216.4
2020-06-06,region_2,0.951,0.591,20.3,100.0,100.0,0,6,158,1,51.899999999999984,231.4
2020-06-07,region_2,0.951,0.591,1.5,100.0,99.4,0,6,159,1,52.19999999999998,170.3
2020-06-08,region_2,0.951,0.591,78.3,94.1,96.2,0,6,160,1,100.09999999999998,179.00000000000003
2020-06-09,region_2,0.951,0.591,4.6,100.0,98.7,0,6,161,1,84.39999999999998,182.8
2020-06-10,region_2,0.951,0.591,12.7,98.6,98.5,0,6,162,1,95.59999999999998,149.00000000000003
2020-06-11,region_2,0.951,0.591,4.0,100.0,99.9,0,6,163,1,21.299999999999983,151.80000000000004
2020-06-12,region_2,0.951,0.591,99.3,96.8,100.0,1,6,164,1,115.99999999999997,220.70000000000005
2020-06-13,region_2,0.951,0.591,26.9,97.0,100.0,0,6,165,1,130.2,227.3
2020-06-14,region_2,0.951,0.591,7.4,97.7,100.0,0,6,166,1,133.6,233.20000000000002
2020-06-15,region_2,0.951,0.591,4.6,100.0,99.3,0,6,167,1,38.899999999999984,159.50000000000003
2020-06-16,region_2,0.951,0.591,0.2,95.8,100.0,0,6,168,1,12.199999999999985,155.10000000000005
2020-06-17,region_2,0.951,0.591,7.2,91.7,98.5,0,6,169,1,11.999999999999986,149.60000000000002
2020-06-18,region_2,0.951,0.591,5.8,88.4,97.9,0,6,170,1,13.199999999999985,151.40000000000003
2020-06-19,region_2,0.951,0.591,27.4,91.0,99.1,0,6,171,1,40.399999999999984,79.50000000000004
2020-06-20,region_2,0.951,0.591,2.3,98.6,99.6,0,6,172,1,35.49999999999998,54.90000000000004
2020-06-21,region_2,0.951,0.591,9.9,97.9,100.0,0,6,173,1,39.59999999999998,57.40000000000004
2020-06-22,region_2,0.951,0.591,13.3,93.7,100.0,0,6,174,1,25.499999999999986,66.10000000000004
2020-06-23,region_2,0.951,0.591,1.5,99.6,98.7,0,6,175,1,24.699999999999985,67.40000000000003
2020-06-24,region_2,0.951,0.591,31.4,92.1,98.6,0,6,176,1,46.19999999999999,91.60000000000004
2020-06-25,region_2,0.951,0.591,7.6,100.0,100.0,0,6,177,1,40.499999999999986,93.40000000000005
2020-06-26,region_2,0.951,0.591,3.7,100.0,99.7,0,6,178,1,42.69999999999999,69.70000000000003
2020-06-27,region_2,0.951,0.591,35.3,96.1,99.6,0,6,179,1,46.59999999999998,102.70000000000005
2020-06-28,region_2,0.951,0.591,7.8,98.8,100.0,0,6,180,1,46.799999999999976,100.60000000000004
2020-06-29,region_2,0.951,0.591,0.8,99.1,100.0,0,6,181,1,43.899999999999984,88.10000000000004
2020-06-30,region_2,0.951,0.591,4.4,92.0,99.8,0,6,182,1,12.999999999999986,91.00000000000003
2020-07-01,region_2,0.951,0.591,8.7,88.6,99.2,0,7,183,1,13.899999999999984,68.30000000000004
2020-07-02,region_2,0.951,0.591,24.3,91.0,99.8,0,7,184,1,37.399999999999984,85.00000000000004
2020-07-03,region_2,0.951,0.591,88.4,98.7,99.7,0,7,185,1,121.39999999999999,169.70000000000005
2020-07-04,region_2,0.951,0.591,30.0,97.7,100.0,0,7,186,1,142.7,164.40000000000003
2020-07-05,region_2,0.951,0.591,0.5,99.7,99.6,0,7,187,1,118.89999999999999,157.10000000000005
2020-07-06,region_2,0.951,0.591,134.6,94.2,96.4,0,7,188,1,165.09999999999997,290.90000000000003
2020-07-07,region_2,0.951,0.591,6.6,100.0,100.0,0,7,189,1,141.7,293.1000000000001
2020-07-08,region_2,0.951,0.591,18.3,97.6,100.0,0,7,190,1,159.5,302.70000000000005
2020-07-09,region_2,0.951,0.591,19.0,99.1,99.6,0,7,191,1,43.9,297.40000000000003
2020-07-10,region_2,0.951,0.591,66.1,99.5,100.0,1,7,192,1,103.39999999999999,275.1
2020-07-11,region_2,0.951,0.591,24.0,100.0,99.5,0,7,193,1,109.1,269.1
2020-07-12,region_2,0.951,0.591,3.7,99.0,100.0,0,7,194,1,93.8,272.3
2020-07-13,region_2,0.951,0.591,2.4,94.0,98.7,0,7,195,1,30.1,140.10000000000005
2020-07-14,region_2,0.951,0.591,95.8,91.7,100.0,0,7,196,1,101.9,229.30000000000007
2020-07-15,region_2,0.951,0.591,20.7,99.3,99.2,0,7,197,1,118.89999999999999,231.70000000000005
2020-07-16,region_2,0.951,0.591,11.4,97.6,99.9,0,7,198,1,127.89999999999999,224.10000000000005
2020-07-17,region_2,0.951,0.591,1.9,99.4,100.0,0,7,199,1,34.0,159.90000000000003
2020-07-18,region_2,0.951,0.591,2.8,93.8,99.0,0,7,200,1,16.1,138.70000000000005
2020-07-19,region_2,0.951,0.591,34.5,91.5,98.7,0,7,201,1,39.2,169.50000000000006
2020-07-20,region_2,0.951,0.591,0.4,100.0,99.8,0,7,202,1,37.7,167.50000000000006
2020-07-21,region_2,0.951,0.591,68.5,93.3,100.0,0,7,203,1,103.4,140.20000000000005
2020-07-22,region_2,0.951,0.591,6.3,100.0,100.0,0,7,204,1,75.2,125.80000000000005
2020-07-23,region_2,0.951,0.591,90.8,98.3,100.0,1,7,205,1,165.6,205.20000000000005
2020-07-24,region_2,0.951,0.591,58.0,99.6,100.0,1,7,206,1,155.1,261.30000000000007
2020-07-25,region_2,0.951,0.591,88.4,99.5,98.3,0,7,207,1,237.2,346.90000000000003
2020-07-26,region_2,0.951,0.591,28.9,99.7,100.0,0,7,208,1,175.3,341.30000000000007
2020-07-27,region_2,0.951,0.591,51.1,97.9,100.0,0,7,209,1,168.4,392.00000000000006
2020-07-28,region_2,0.951,0.591,2.5,97.3,98.2,0,7,210,1,82.5,326.00000000000006
2020-07-29,region_2,0.951,0.591,7.0,97.3,100.0,0,7,211,1,60.6,326.70000000000005
2020-07-30,region_2,0.951,0.591,5.0,95.4,100.0,0,7,212,1,14.5,240.90000000000003
2020-07-31,region_2,0.951,0.591,64.5,92.6,98.9,0,7,213,1,76.5,247.40000000000003
2020-08-01,region_2,0.951,0.591,85.1,100.0,100.0,0,8,214,1,154.6,244.10000000000008
2020-08-02,region_2,0.951,0.591,2.9,100.0,99.1,0,8,215,1,152.5,218.10000000000005
2020-08-03,region_2,0.951,0.591,5.9,93.6,98.4,0,8,216,1,93.89999999999999,172.90000000000006
2020-08-04,region_2,0.951,0.591,61.0,94.9,99.7,1,8,217,1,69.8,231.40000000000003
2020-08-05,region_2,0.951,0.591,7.1,100.0,99.8,0,8,218,1,73.99999999999999,231.50000000000003
2020-08-06,region_2,0.951,0.591,80.7,97.6,98.4,0,8,219,1,148.8,307.20000000000005
2020-08-07,region_2,0.951,0.591,18.9,97.7,99.2,0,8,220,1,106.69999999999999,261.6000000000001
2020-08-08,region_2,0.951,0.591,96.8,100.0,99.0,1,8,221,1,196.4,273.30000000000007
2020-08-09,region_2,0.951,0.591,1.3,99.9,99.6,0,8,222,1,117.0,271.70000000000005
2020-08-10,region_2,0.951,0.591,37.3,93.7,99.7,0,8,223,1,135.39999999999998,303.1
2020-08-11,region_2,0.951,0.591,32.1,97.5,100.0,0,8,224,1,70.70000000000002,274.20000000000005
2020-08-12,region_2,0.951,0.591,7.1,100.0,100.0,0,8,225,1,76.50000000000001,274.20000000000005
2020-08-13,region_2,0.951,0.591,17.5,97.3,98.2,0,8,226,1,56.70000000000002,211.00000000000006
2020-08-14,region_2,0.951,0.591,140.2,98.5,100.0,1,8,227,1,164.8,332.30000000000007
2020-08-15,region_2,0.951,0.591,23.8,98.6,98.9,0,8,228,1,181.50000000000003,259.30000000000007
2020-08-16,region_2,0.951,0.591,4.5,99.5,98.3,0,8,229,1,168.50000000000003,262.50000000000006
2020-08-17,region_2,0.951,0.591,23.9,95.7,100.0,0,8,230,1,52.20000000000003,249.10000000000005
2020-08-18,region_2,0.951,0.591,22.2,98.6,98.7,0,8,231,1,50.60000000000002,239.20000000000007
2020-08-19,region_2,0.951,0.591,62.4,100.0,100.0,0,8,232,1,108.50000000000003,294.50000000000006
2020-08-20,region_2,0.951,0.591,2.0,100.0,99.5,0,8,233,1,86.60000000000002,279.00000000000006
2020-08-21,region_2,0.951,0.591,9.0,95.4,98.4,0,8,234,1,73.40000000000003,147.80000000000007
2020-08-22,region_2,0.951,0.591,8.7,98.0,100.0,0,8,235,1,19.700000000000028,132.70000000000007
2020-08-23,region_2,0.951,0.591,1.9,96.9,99.4,0,8,236,1,19.600000000000026,130.10000000000008
2020-08-24,region_2,0.951,0.591,1.1,94.4,98.8,0,8,237,1,11.700000000000028,107.30000000000008
2020-08-25,region_2,0.951,0.591,10.7,89.3,97.1,0,8,238,1,13.700000000000028,95.80000000000007
2020-08-26,region_2,0.951,0.591,4.7,91.0,100.0,0,8,239,1,16.50000000000003,38.10000000000009
2020-08-27,region_2,0.951,0.591,12.7,91.8,99.8,0,8,240,1,28.10000000000003,48.80000000000008
2020-08-28,region_2,0.951,0.591,0.5,95.6,99.3,0,8,241,1,17.900000000000027,40.30000000000008
2020-08-29,region_2,0.951,0.591,8.1,90.2,97.4,0,8,242,1,21.30000000000003,39.70000000000008
2020-08-30,region_2,0.951,0.591,1.3,91.8,100.0,0,8,243,1,9.90000000000003,39.10000000000009
2020-08-31,region_2,0.951,0.591,1.7,84.7,98.1,0,8,244,1,11.10000000000003,39.70000000000008
2020-09-01,region_2,0.951,0.591,14.1,79.4,99.4,0,9,245,1,17.10000000000003,43.10000000000008
2020-09-02,region_2,0.951,0.591,2.7,86.3,99.5,0,9,246,1,18.50000000000003,41.10000000000008
2020-09-03,region_2,0.951,0.591,7.0,82.8,99.7,0,9,247,1,23.80000000000003,35.400000000000084
2020-09-04,region_2,0.951,0.591,38.2,80.9,99.9,0,9,248,1,47.900000000000034,73.10000000000008
2020-09-05,region_2,0.951,0.591,30.3,97.0,99.7,0,9,249,1,75.50000000000003,95.3000000000001
2020-09-06,region_2,0.951,0.591,2.6,99.9,100.0,0,9,250,1,71.10000000000004,96.60000000000008
2020-09-07,region_2,0.951,0.591,37.4,97.6,100.0,0,9,251,1,70.30000000000003,132.3000000000001
2020-09-08,region_2,0.951,0.591,40.2,100.0,100.0,0,9,252,1,80.20000000000003,158.4000000000001
2020-09-09,region_2,0.951,0.591,135.4,100.0,100.0,1,9,253,1,213.00000000000003,291.10000000000014
2020-09-10,region_2,0.951,0.591,3.6,100.0,98.4,0,9,254,1,179.20000000000002,287.7000000000001
2020-09-11,region_2,0.951,0.591,2.9,97.4,100.0,0,9,255,1,141.90000000000003,252.4000000000001
2020-09-12,region_2,0.951,0.591,2.3,93.2,99.8,0,9,256,1,8.80000000000003,224.40000000000012
2020-09-13,region_2,0.951,0.591,6.1,89.7,99.3,0,9,257,1,11.30000000000003,227.9000000000001
2020-09-14,region_2,0.951,0.591,50.7,86.9,100.0,0,9,258,1,59.10000000000003,241.2000000000001
2020-09-15,region_2,0.951,0.591,0.9,98.1,98.5,0,9,259,1,57.70000000000003,201.9000000000001
2020-09-16,region_2,0.951,0.591,4.9,93.1,98.7,0,9,260,1,56.50000000000003,71.40000000000009
2020-09-17,region_2,0.951,0.591,12.5,91.9,99.0,0,9,261,1,18.30000000000003,80.3000000000001
2020-09-18,region_2,0.951,0.591,36.7,95.7,99.9,0,9,262,1,54.10000000000004,114.1000000000001
2020-09-19,region_2,0.951,0.591,0.5,97.8,99.0,0,9,263,1,49.70000000000003,112.3000000000001
2020-09-20,region_2,0.951,0.591,0.2,92.8,98.7,0,9,264,1,37.400000000000034,106.40000000000009
2020-09-21,region_2,0.951,0.591,1.1,89.8,95.4,0,9,265,1,1.8000000000000285,56.80000000000009
2020-09-22,region_2,0.951,0.591,47.2,83.3,95.6,0,9,266,0,48.50000000000003,103.1000000000001
2020-09-23,region_2,0.951,0.591,5.7,99.7,100.0,0,9,267,0,54.00000000000003,103.90000000000009
2020-09-24,region_2,0.951,0.591,4.7,96.9,99.8,0,9,268,0,57.60000000000003,96.1000000000001
2020-09-25,region_2,0.951,0.591,40.8,97.9,99.9,0,9,269,0,51.200000000000024,100.20000000000007
2020-09-26,region_2,0.951,0.591,4.0,100.0,100.0,0,9,270,0,49.50000000000002,103.70000000000007
2020-09-27,region_2,0.951,0.591,1.4,97.6,100.0,0,9,271,0,46.200000000000024,104.90000000000008
2020-09-28,region_2,0.951,0.591,0.1,92.8,99.3,0,9,272,0,5.500000000000028,103.90000000000008
2020-09-29,region_2,0.951,0.591,5.0,87.5,97.6,0,9,273,0,6.500000000000028,61.70000000000008
2020-09-30,region_2,0.951,0.591,5.7,87.7,98.1,0,9,274,0,10.80000000000003,61.70000000000008
2020-10-01,region_2,0.951,0.591,4.3,83.8,99.9,0,10,275,0,15.000000000000028,61.30000000000008
2020-10-02,region_2,0.951,0.591,3.5,82.6,99.0,0,10,276,0,13.500000000000028,24.000000000000085
2020-10-03,region_2,0.951,0.591,8.5,80.4,100.0,0,10,277,0,16.30000000000003,28.500000000000085
2020-10-04,region_2,0.951,0.591,0.8,83.1,100.0,0,10,278,0,12.80000000000003,27.900000000000087
2020-10-05,region_2,0.951,0.591,6.1,79.8,100.0,0,10,279,0,15.400000000000027,33.900000000000084
2020-10-06,region_2,0.951,0.591,2.3,76.6,100.0,0,10,280,0,9.200000000000028,31.200000000000085
2020-10-07,region_2,0.951,0.591,37.6,75.4,96.9,0,10,281,0,46.00000000000003,63.10000000000009
2020-10-08,region_2,0.951,0.591,0.8,99.2,100.0,0,10,282,0,40.700000000000024,59.60000000000008
2020-10-09,region_2,0.951,0.591,0.0,91.2,99.0,0,10,283,0,38.40000000000003,56.10000000000008
2020-10-10,region_2,0.951,0.591,4.8,89.0,97.6,0,10,284,0,5.600000000000028,52.400000000000084
2020-10-11,region_2,0.951,0.591,1.5,88.5,97.6,0,10,285,0,6.300000000000028,53.10000000000009
2020-10-12,region_2,0.951,0.591,2.0,83.1,97.6,0,10,286,0,8.30000000000003,49.000000000000085
2020-10-13,region_2,0.951,0.591,42.0,77.5,93.7,0,10,287,0,45.50000000000003,88.70000000000009
2020-10-14,region_2,0.951,0.591,42.6,98.0,99.4,0,10,288,0,86.60000000000002,93.70000000000009
2020-10-15,region_2,0.951,0.591,32.1,100.0,99.8,0,10,289,0,116.70000000000003,125.00000000000009
2020-10-16,region_2,0.951,0.591,2.5,98.4,99.3,0,10,290,0,77.20000000000003,127.50000000000009
2020-10-17,region_2,0.951,0.591,47.4,93.9,98.3,0,10,291,0,82.00000000000003,170.10000000000008
2020-10-18,region_2,0.951,0.591,2.0,100.0,100.0,0,10,292,0,51.90000000000003,170.60000000000008
2020-10-19,region_2,0.951,0.591,26.0,96.6,98.5,0,10,293,0,75.40000000000003,194.60000000000008
2020-10-20,region_2,0.951,0.591,0.6,99.5,99.3,0,10,294,0,28.60000000000003,153.2000000000001
2020-10-21,region_2,0.951,0.591,1.5,94.0,99.2,0,10,295,0,28.10000000000003,112.10000000000008
2020-10-22,region_2,0.951,0.591,0.1,89.5,98.8,0,10,296,0,2.2000000000000286,80.1000000000001
2020-10-23,region_2,0.951,0.591,1.0,82.9,95.1,0,10,297,0,2.6000000000000285,78.60000000000008
2020-10-24,region_2,0.951,0.591,0.7,79.2,93.1,0,10,298,0,1.8000000000000282,31.900000000000084
2020-10-25,region_2,0.951,0.591,1.0,73.0,91.7,0,10,299,0,2.700000000000028,30.900000000000084
2020-10-26,region_2,0.951,0.591,2.4,72.6,92.2,0,10,300,0,4.100000000000028,7.300000000000085
2020-10-27,region_2,0.951,0.591,3.9,73.0,91.1,0,10,301,0,7.300000000000028,10.600000000000085
2020-10-28,region_2,0.951,0.591,0.9,67.1,90.0,0,10,302,0,7.200000000000029,10.000000000000085
2020-10-29,region_2,0.951,0.591,22.3,65.2,88.4,0,10,303,0,27.10000000000003,32.20000000000009
2020-10-30,region_2,0.951,0.591,0.9,73.9,92.8,0,10,304,0,24.10000000000003,32.10000000000009
2020-10-31,region_2,0.951,0.591,0.8,68.4,93.0,0,10,305,0,24.00000000000003,32.20000000000009
2020-11-01,region_2,0.951,0.591,0.2,69.9,91.8,0,11,306,0,1.9000000000000286,31.400000000000084
2020-11-02,region_2,0.951,0.591,0.7,61.4,89.4,0,11,307,0,1.7000000000000284,29.700000000000085
2020-11-03,region_2,0.951,0.591,0.7,60.8,87.9,0,11,308,0,1.6000000000000285,26.500000000000085
2020-11-04,region_2,0.951,0.591,0.9,56.5,85.0,0,11,309,0,2.3000000000000282,26.50000000000008
2020-11-05,region_2,0.951,0.591,5.3,55.1,85.8,0,11,310,0,6.900000000000028,9.500000000000082
2020-11-06,region_2,0.951,0.591,0.2,53.4,82.9,0,11,311,0,6.400000000000028,8.80000000000008
2020-11-07,region_2,0.951,0.591,2.4,48.6,82.6,0,11,312,0,7.900000000000029,10.400000000000082
2020-11-08,region_2,0.951,0.591,33.1,48.4,81.8,0,11,313,0,35.70000000000003,43.30000000000008
2020-11-09,region_2,0.951,0.591,0.4,69.3,88.0,0,11,314,0,35.90000000000003,43.00000000000008
2020-11-10,region_2,0.951,0.591,7.7,62.5,86.3,0,11,315,0,41.20000000000003,50.000000000000085
2020-11-11,region_2,0.951,0.591,14.3,66.8,87.0,0,11,316,0,22.40000000000003,63.40000000000009
2020-11-12,region_2,0.951,0.591,5.1,70.8,89.3,0,11,317,0,27.10000000000003,63.20000000000008
2020-11-13,region_2,0.951,0.591,10.6,71.5,92.4,0,11,318,0,30.00000000000003,73.60000000000008
2020-11-14,region_2,0.951,0.591,0.2,72.1,92.5,0,11,319,0,15.900000000000027,71.40000000000008
2020-11-15,region_2,0.951,0.591,1.0,69.6,89.3,0,11,320,0,11.800000000000027,39.30000000000008
2020-11-16,region_2,0.951,0.591,4.9,69.6,88.0,0,11,321,0,6.100000000000029,43.80000000000008
2020-11-17,region_2,0.951,0.591,14.6,64.5,88.5,0,11,322,0,20.50000000000003,50.700000000000074
2020-11-18,region_2,0.951,0.591,0.2,69.5,89.0,0,11,323,0,19.700000000000028,36.60000000000008
2020-11-19,region_2,0.951,0.591,15.0,67.6,86.5,0,11,324,0,29.800000000000026,46.50000000000008
2020-11-20,region_2,0.951,0.591,0.1,75.1,91.9,0,11,325,0,15.300000000000027,36.00000000000008
2020-11-21,region_2,0.951,0.591,0.0,73.2,87.7,0,11,326,0,15.100000000000028,35.800000000000075
2020-11-22,region_2,0.951,0.591,1.1,65.7,88.5,0,11,327,0,1.2000000000000286,35.90000000000008
2020-11-23,region_2,0.951,0.591,2.2,62.9,87.4,0,11,328,0,3.3000000000000287,33.200000000000074
2020-11-24,region_2,0.951,0.591,1.3,61.2,85.3,0,11,329,0,4.600000000000029,19.900000000000077
2020-11-25,region_2,0.951,0.591,28.6,56.5,85.3,0,11,330,0,32.10000000000003,48.30000000000008
2020-11-26,region_2,0.951,0.591,8.2,73.8,91.9,0,11,331,0,38.10000000000003,41.50000000000008
2020-11-27,region_2,0.951,0.591,0.5,75.3,92.3,0,11,332,0,37.300000000000026,41.90000000000008
2020-11-28,region_2,0.951,0.591,22.9,67.9,91.7,0,11,333,0,31.600000000000026,64.80000000000007
2020-11-29,region_2,0.951,0.591,0.8,83.0,99.0,0,11,334,0,24.200000000000028,64.50000000000007
2020-11-30,region_2,0.951,0.591,1.0,76.7,97.6,0,11,335,0,24.700000000000028,63.300000000000075
2020-12-01,region_2,0.951,0.591,0.4,73.8,97.5,0,12,336,0,2.2000000000000286,62.40000000000008
2020-12-02,region_2,0.951,0.591,14.3,71.8,95.3,0,12,337,0,15.70000000000003,48.10000000000008
2020-12-03,region_2,0.951,0.591,0.1,75.2,97.4,0,12,338,0,14.80000000000003,40.00000000000008
2020-12-04,region_2,0.951,0.591,0.9,73.0,96.4,0,12,339,0,15.30000000000003,40.40000000000008
2020-12-05,region_2,0.951,0.591,0.7,65.8,93.8,0,12,340,0,1.7000000000000284,18.200000000000077
2020-12-06,region_2,0.951,0.591,53.4,63.5,92.5,0,12,341,0,55.00000000000003,70.80000000000007
2020-12-07,region_2,0.951,0.591,0.8,100.0,100.0,0,12,342,0,54.90000000000003,70.60000000000008
2020-12-08,region_2,0.951,0.591,15.4,93.7,100.0,0,12,343,0,69.60000000000002,85.60000000000007
2020-12-09,region_2,0.951,0.591,0.0,100.0,100.0,0,12,344,0,16.20000000000003,71.30000000000007
2020-12-10,region_2,0.951,0.591,0.4,95.6,98.3,0,12,345,0,15.80000000000003,71.60000000000008
2020-12-11,region_2,0.951,0.591,0.1,86.1,96.5,0,12,346,0,0.5000000000000284,70.80000000000007
2020-12-12,region_2,0.951,0.591,1.1,80.4,95.4,0,12,347,0,1.6000000000000285,71.20000000000007
2020-12-13,region_2,0.951,0.591,1.6,73.9,93.1,0,12,348,0,2.8000000000000287,19.40000000000008
2020-12-14,region_2,0.951,0.591,0.3,73.9,90.4,0,12,349,0,3.0000000000000284,18.90000000000008
2020-12-15,region_2,0.951,0.591,1.8,69.8,91.9,0,12,350,0,3.7000000000000286,5.300000000000079
2020-12-16,region_2,0.951,0.591,0.3,67.2,87.9,0,12,351,0,2.4000000000000283,5.600000000000079
2020-12-17,region_2,0.951,0.591,1.4,64.3,88.6,0,12,352,0,3.5000000000000284,6.600000000000078
2020-12-18,region_2,0.951,0.591,0.9,58.0,86.8,0,12,353,0,2.6000000000000285,7.4000000000000785
2020-12-19,region_2,0.951,0.591,0.5,59.3,86.4,0,12,354,0,2.8000000000000287,6.800000000000079
2020-12-20,region_2,0.951,0.591,0.0,53.0,83.8,0,12,355,0,1.4000000000000283,5.200000000000078
2020-12-21,region_2,0.951,0.591,0.1,50.7,80.7,0,12,356,0,0.6000000000000284,5.000000000000078
2020-12-22,region_2,0.951,0.591,8.8,47.0,80.7,0,12,357,0,8.900000000000029,12.000000000000078
2020-12-23,region_2,0.951,0.591,0.5,50.1,79.1,0,12,358,0,9.400000000000029,12.200000000000077
2020-12-24,region_2,0.951,0.591,0.7,46.7,77.0,0,12,359,0,10.000000000000028,11.500000000000078
2020-12-25,region_2,0.951,0.591,13.5,46.3,74.6,0,12,360,0,14.700000000000028,24.10000000000008
2020-12-26,region_2,0.951,0.591,0.3,50.9,77.1,0,12,361,0,14.500000000000028,23.900000000000077
2020-12-27,region_2,0.951,0.591,1.3,49.0,74.0,0,12,362,0,15.100000000000028,25.200000000000077
2020-12-28,region_2,0.951,0.591,6.8,46.5,75.9,0,12,363,0,8.400000000000029,31.900000000000077
2020-12-29,region_2,0.951,0.591,0.6,48.9,72.4,0,12,364,0,8.700000000000028,23.70000000000008
2020-12-30,region_2,0.951,0.591,0.3,44.3,72.2,0,12,365,0,7.7000000000000295,23.500000000000078
2020-12-31,region_2,0.951,0.591,0.0,39.5,70.8,0,12,366,0,0.9000000000000283,22.800000000000075
2021-01-01,region_2,0.951,0.591,0.0,42.8,69.9,0,1,1,0,0.3000000000000284,9.300000000000079
2021-01-02,region_2,0.951,0.591,0.2,40.7,67.5,0,1,2,0,0.20000000000002843,9.200000000000077
2021-01-03,region_2,0.951,0.591,0.5,32.9,68.1,0,1,3,0,0.7000000000000284,8.400000000000079
2021-01-04,region_2,0.951,0.591,0.4,35.5,65.8,0,1,4,0,1.1000000000000285,2.000000000000078
2021-01-05,region_2,0.951,0.591,0.7,33.3,64.4,0,1,5,0,1.6000000000000285,2.100000000000078
2021-01-06,region_2,0.951,0.591,0.3,29.6,62.5,0,1,6,0,1.4000000000000286,2.1000000000000782
2021-01-07,region_2,0.951,0.591,0.1,31.2,62.4,0,1,7,0,1.1000000000000283,2.2000000000000783
2021-01-08,region_2,0.951,0.591,0.6,29.8,62.0,0,1,8,0,1.0000000000000284,2.800000000000078
2021-01-09,region_2,0.951,0.591,0.0,28.4,62.2,0,1,9,0,0.7000000000000285,2.600000000000078
2021-01-10,region_2,0.951,0.591,1.1,27.8,57.3,0,1,10,0,1.7000000000000286,3.2000000000000783
2021-01-11,region_2,0.951,0.591,0.4,25.9,57.0,0,1,11,0,1.5000000000000284,3.2000000000000783
2021-01-12,region_2,0.951,0.591,0.2,22.0,54.1,0,1,12,0,1.7000000000000286,2.700000000000078
2021-01-13,region_2,0.951,0.591,0.2,22.0,55.6,0,1,13,0,0.8000000000000285,2.6000000000000782
2021-01-14,region_2,0.951,0.591,0.7,21.3,52.4,0,1,14,0,1.1000000000000285,3.2000000000000783
2021-01-15,region_2,0.951,0.591,0.1,22.2,53.0,0,1,15,0,1.0000000000000284,2.7000000000000783
2021-01-16,region_2,0.951,0.591,0.4,18.4,52.9,0,1,16,0,1.2000000000000284,3.1000000000000787
2021-01-17,region_2,0.951,0.591,0.6,17.0,50.2,0,1,17,0,1.1000000000000285,2.600000000000078
2021-01-18,region_2,0.951,0.591,1.5,14.7,48.7,0,1,18,0,2.5000000000000284,3.700000000000078
2021-01-19,region_2,0.951,0.591,0.7,18.7,50.0,0,1,19,0,2.8000000000000282,4.200000000000078
2021-01-20,region_2,0.951,0.591,0.5,17.2,48.4,0,1,20,0,2.7000000000000286,4.500000000000078
2021-01-21,region_2,0.951,0.591,0.2,14.9,45.6,0,1,21,0,1.4000000000000283,4.000000000000078
2021-01-22,region_2,0.951,0.591,0.0,16.6,45.9,0,1,22,0,0.7000000000000284,3.900000000000078
2021-01-23,region_2,0.951,0.591,2.4,13.9,44.0,0,1,23,0,2.600000000000028,5.9000000000000785
2021-01-24,region_2,0.951,0.591,0.1,13.5,45.1,0,1,24,0,2.5000000000000284,5.400000000000078
2021-01-25,region_2,0.951,0.591,1.1,16.6,43.2,0,1,25,0,3.6000000000000285,5.000000000000078
2021-01-26,region_2,0.951,0.591,0.1,11.3,43.8,0,1,26,0,1.3000000000000287,4.400000000000078
2021-01-27,region_2,0.951,0.591,0.0,13.7,40.5,0,1,27,0,1.2000000000000286,3.900000000000078
2021-01-28,region_2,0.951,0.591,0.5,12.5,40.8,0,1,28,0,0.6000000000000284,4.200000000000078
2021-01-29,region_2,0.951,0.591,0.6,9.8,39.8,0,1,29,0,1.1000000000000285,4.800000000000078
2021-01-30,region_2,0.951,0.591,0.0,12.4,39.2,0,1,30,0,1.1000000000000285,2.4000000000000785
2021-01-31,region_2,0.951,0.591,6.9,10.2,37.6,0,1,31,0,7.500000000000028,9.20000000000008
2021-02-01,region_2,0.951,0.591,0.5,18.7,35.2,0,2,32,0,7.400000000000029,8.60000000000008
2021-02-02,region_2,0.951,0.591,7.7,17.0,37.4,0,2,33,0,15.10000000000003,16.20000000000008
2021-02-03,region_2,0.951,0.591,0.1,20.3,36.2,0,2,34,0,8.30000000000003,16.30000000000008
2021-02-04,region_2,0.951,0.591,6.3,15.0,34.6,0,2,35,0,14.100000000000028,22.10000000000008
2021-02-05,region_2,0.951,0.591,12.9,20.6,34.4,0,2,36,0,19.30000000000003,34.40000000000008
2021-02-06,region_2,0.951,0.591,0.1,28.8,33.4,0,2,37,0,19.300000000000026,34.50000000000008
2021-02-07,region_2,0.951,0.591,0.3,29.8,32.0,0,2,38,0,13.30000000000003,27.90000000000008
2021-02-08,region_2,0.951,0.591,0.0,26.7,34.2,0,2,39,0,0.40000000000002667,27.40000000000008
2021-02-09,region_2,0.951,0.591,0.6,25.3,33.1,0,2,40,0,0.9000000000000267,20.300000000000082
2021-02-10,region_2,0.951,0.591,5.9,25.3,30.5,0,2,41,0,6.500000000000027,26.10000000000008
2021-02-11,region_2,0.951,0.591,0.6,29.1,34.1,0,2,42,0,7.100000000000026,20.40000000000008
2021-02-12,region_2,0.951,0.591,12.9,27.6,29.8,0,2,43,0,19.400000000000027,20.40000000000008
2021-02-13,region_2,0.951,0.591,0.1,33.7,31.5,0,2,44,0,13.600000000000026,20.40000000000008
2021-02-14,region_2,0.951,0.591,8.2,30.5,30.2,0,2,45,0,21.200000000000024,28.300000000000082
2021-02-15,region_2,0.951,0.591,20.3,35.5,29.0,0,2,46,0,28.60000000000003,48.60000000000008
2021-02-16,region_2,0.951,0.591,0.5,44.7,32.0,0,2,47,0,29.00000000000003,48.50000000000008
2021-02-17,region_2,0.951,0.591,1.6,43.5,30.9,0,2,48,0,22.400000000000034,44.20000000000008
2021-02-18,region_2,0.951,0.591,0.1,40.0,29.9,0,2,49,0,2.2000000000000286,43.70000000000008
2021-02-19,region_2,0.951,0.591,4.2,39.8,31.3,0,2,50,0,5.900000000000029,35.00000000000008
2021-02-20,region_2,0.951,0.591,0.1,38.8,30.4,0,2,51,0,4.400000000000029,35.00000000000008
2021-02-21,region_2,0.951,0.591,0.4,37.1,29.9,0,2,52,0,4.700000000000029,27.20000000000008
2021-02-22,region_2,0.951,0.591,1.7,32.7,28.4,0,2,53,0,2.2000000000000286,8.600000000000078
2021-02-23,region_2,0.951,0.591,0.7,33.1,28.6,0,2,54,0,2.8000000000000282,8.800000000000079
2021-02-24,region_2,0.951,0.591,0.1,32.6,27.7,0,2,55,0,2.5000000000000284,7.300000000000079
2021-02-25,region_2,0.951,0.591,0.7,29.8,27.7,0,2,56,0,1.5000000000000284,7.9000000000000785
2021-02-26,region_2,0.951,0.591,5.3,25.2,25.7,0,2,57,0,6.100000000000028,9.000000000000078
2021-02-27,region_2,0.951,0.591,0.9,28.5,24.0,0,2,58,0,6.900000000000029,9.800000000000079
2021-02-28,region_2,0.951,0.591,1.0,29.8,27.3,0,2,59,0,7.200000000000029,10.400000000000079
2021-03-01,region_2,0.951,0.591,0.2,30.5,25.5,0,3,60,0,2.1000000000000285,8.900000000000079
2021-03-02,region_2,0.951,0.591,0.2,26.3,25.6,0,3,61,0,1.4000000000000286,8.400000000000079
2021-03-03,region_2,0.951,0.591,0.6,24.4,23.8,0,3,62,0,1.0000000000000284,8.900000000000079
2021-03-04,region_2,0.951,0.591,0.0,25.6,23.8,0,3,63,0,0.8000000000000286,8.20000000000008
2021-03-05,region_2,0.951,0.591,0.5,22.5,25.1,0,3,64,0,1.1000000000000285,3.400000000000078
2021-03-06,region_2,0.951,0.591,13.2,22.7,23.5,0,3,65,0,13.700000000000028,15.700000000000077
2021-03-07,region_2,0.951,0.591,0.8,30.6,25.4,0,3,66,0,14.500000000000028,15.500000000000078
2021-03-08,region_2,0.951,0.591,1.7,29.1,23.7,0,3,67,0,15.700000000000028,17.000000000000078
2021-03-09,region_2,0.951,0.591,1.2,30.6,21.8,0,3,68,0,3.7000000000000286,18.000000000000078
2021-03-10,region_2,0.951,0.591,1.4,29.5,22.5,0,3,69,0,4.300000000000028,18.80000000000008
2021-03-11,region_2,0.951,0.591,6.7,27.2,23.4,0,3,70,0,9.30000000000003,25.500000000000078
2021-03-12,region_2,0.951,0.591,1.7,30.0,21.9,0,3,71,0,9.80000000000003,26.700000000000077
2021-03-13,region_2,0.951,0.591,2.6,28.7,22.0,0,3,72,0,11.000000000000028,16.10000000000008
2021-03-14,region_2,0.951,0.591,0.9,28.6,22.5,0,3,73,0,5.200000000000029,16.200000000000077
2021-03-15,region_2,0.951,0.591,1.7,28.6,18.4,0,3,74,0,5.200000000000028,16.200000000000077
2021-03-16,region_2,0.951,0.591,0.2,29.7,21.2,0,3,75,0,2.8000000000000287,15.20000000000008
2021-03-17,region_2,0.951,0.591,0.4,25.1,21.4,0,3,76,0,2.3000000000000287,14.200000000000077
2021-03-18,region_2,0.951,0.591,2.4,23.9,18.9,0,3,77,0,3.0000000000000284,9.900000000000079
2021-03-19,region_2,0.951,0.591,0.4,27.1,20.5,0,3,78,0,3.200000000000028,8.60000000000008
2021-03-20,region_2,0.951,0.591,0.3,27.5,19.0,0,3,79,0,3.1000000000000285,6.300000000000078
2021-03-21,region_2,0.951,0.591,2.0,25.4,17.0,0,3,80,0,2.7000000000000286,7.4000000000000785
2021-03-22,region_2,0.951,0.591,0.1,21.0,19.1,0,3,81,0,2.4000000000000283,5.800000000000079
2021-03-23,region_2,0.951,0.591,25.7,23.0,18.0,0,3,82,0,27.800000000000026,31.30000000000008
2021-03-24,region_2,0.951,0.591,0.5,46.3,18.7,0,3,83,0,26.30000000000003,31.40000000000008
2021-03-25,region_2,0.951,0.591,0.1,41.7,19.2,0,3,84,0,26.30000000000003,29.10000000000008
2021-03-26,region_2,0.951,0.591,1.1,39.6,17.2,0,3,85,0,1.7000000000000286,29.80000000000008
2021-03-27,region_2,0.951,0.591,0.2,39.0,18.7,0,3,86,0,1.4000000000000286,29.700000000000077
2021-03-28,region_2,0.951,0.591,0.2,37.0,16.7,0,3,87,0,1.5000000000000284,27.90000000000008
2021-03-29,region_2,0.951,0.591,2.1,34.8,18.8,0,3,88,0,2.5000000000000284,29.900000000000077
2021-03-30,region_2,0.951,0.591,0.4,34.8,18.3,0,3,89,0,2.700000000000028,4.600000000000079
2021-03-31,region_2,0.951,0.591,0.2,32.2,18.4,0,3,90,0,2.7000000000000286,4.300000000000078
2021-04-01,region_2,0.951,0.591,0.1,29.1,17.0,0,4,91,0,0.7000000000000285,4.300000000000079
2021-04-02,region_2,0.951,0.591,2.9,27.6,15.7,0,4,92,0,3.2000000000000286,6.100000000000078
2021-04-03,region_2,0.951,0.591,0.4,27.9,15.3,0,4,93,0,3.400000000000028,6.300000000000078
2021-04-04,region_2,0.951,0.591,2.2,26.9,14.9,0,4,94,0,5.500000000000028,8.300000000000079
2021-04-05,region_2,0.951,0.591,3.3,28.3,15.3,0,4,95,0,5.900000000000029,9.500000000000078
2021-04-06,region_2,0.951,0.591,34.9,26.8,14.7,0,4,96,0,40.40000000000003,44.00000000000008
2021-04-07,region_2,0.951,0.591,23.3,51.2,17.3,0,4,97,0,61.50000000000003,67.10000000000008
2021-04-08,region_2,0.951,0.591,0.4,62.8,19.8,0,4,98,0,58.60000000000003,67.40000000000008
2021-04-09,region_2,0.951,0.591,1.7,60.9,19.8,0,4,99,0,25.40000000000003,66.20000000000007
2021-04-10,region_2,0.951,0.591,1.7,59.1,20.2,0,4,100,0,3.8000000000000282,67.50000000000009
2021-04-11,region_2,0.951,0.591,1.4,56.1,19.7,0,4,101,0,4.800000000000028,66.70000000000009
2021-04-12,region_2,0.951,0.591,0.2,50.3,20.2,0,4,102,0,3.3000000000000282,63.60000000000008
2021-04-13,region_2,0.951,0.591,52.8,50.2,20.7,0,4,103,0,54.40000000000003,81.50000000000009
2021-04-14,region_2,0.951,0.591,4.1,87.7,30.3,0,4,104,0,57.10000000000003,62.30000000000008
2021-04-15,region_2,0.951,0.591,4.0,84.3,31.1,0,4,105,0,60.90000000000003,65.90000000000008
2021-04-16,region_2,0.951,0.591,1.3,85.0,33.6,0,4,106,0,9.400000000000029,65.50000000000007
2021-04-17,region_2,0.951,0.591,3.7,78.5,32.6,0,4,107,0,9.000000000000028,67.50000000000007
2021-04-18,region_2,0.951,0.591,51.2,79.1,36.2,0,4,108,0,56.20000000000003,117.30000000000007
2021-04-19,region_2,0.951,0.591,0.9,100.0,53.4,0,4,109,0,55.80000000000003,118.00000000000009
2021-04-20,region_2,0.951,0.591,7.1,95.0,53.7,0,4,110,0,59.20000000000003,72.30000000000007
2021-04-21,region_2,0.951,0.591,5.2,93.6,58.9,0,4,111,0,13.200000000000028,73.40000000000008
2021-04-22,region_2,0.951,0.591,0.6,92.4,58.6,0,4,112,0,12.900000000000029,70.00000000000009
2021-04-23,region_2,0.951,0.591,18.1,88.8,58.2,0,4,113,0,23.90000000000003,86.80000000000008
2021-04-24,region_2,0.951,0.591,28.2,94.7,65.7,0,4,114,0,46.900000000000034,111.30000000000008
2021-04-25,region_2,0.951,0.591,12.2,99.3,86.0,0,4,115,0,58.50000000000003,72.30000000000008
2021-04-26,region_2,0.951,0.591,2.0,98.6,92.8,0,4,116,0,42.40000000000003,73.40000000000008
2021-04-27,region_2,0.951,0.591,0.2,93.8,92.8,0,4,117,0,14.400000000000027,66.50000000000009
2021-04-28,region_2,0.951,0.591,2.2,90.7,90.5,0,4,118,0,4.400000000000029,63.50000000000008
2021-04-29,region_2,0.951,0.591,23.9,84.5,87.9,0,4,119,0,26.300000000000026,86.80000000000008
2021-04-30,region_2,0.951,0.591,26.7,98.0,95.8,0,4,120,0,52.800000000000026,95.40000000000008
2021-05-01,region_2,0.951,0.591,5.4,100.0,100.0,0,5,121,0,56.00000000000002,72.60000000000007
2021-05-02,region_2,0.951,0.591,61.0,96.3,100.0,0,5,122,0,93.10000000000002,121.40000000000009
2021-05-03,region_2,0.951,0.591,0.3,98.8,100.0,0,5,123,0,66.70000000000002,119.70000000000009
2021-05-04,region_2,0.951,0.591,12.8,95.0,99.1,0,5,124,0,74.10000000000002,132.30000000000007
2021-05-05,region_2,0.951,0.591,0.4,98.7,99.6,0,5,125,0,13.500000000000023,130.50000000000009
2021-05-06,region_2,0.951,0.591,1.6,92.5,100.0,0,5,126,0,14.800000000000022,108.20000000000009
2021-05-07,region_2,0.951,0.591,0.3,89.2,96.8,0,5,127,0,2.300000000000021,81.80000000000008
2021-05-08,region_2,0.951,0.591,0.0,84.7,94.1,0,5,128,0,1.9000000000000214,76.40000000000008
2021-05-09,region_2,0.951,0.591,1.2,78.1,94.6,0,5,129,0,1.5000000000000213,16.60000000000008
2021-05-10,region_2,0.951,0.591,8.4,73.3,92.0,0,5,130,0,9.600000000000021,24.70000000000008
2021-05-11,region_2,0.951,0.591,37.1,75.0,92.9,0,5,131,0,46.700000000000024,49.000000000000085
2021-05-12,region_2,0.951,0.591,1.8,98.8,100.0,0,5,132,0,47.30000000000002,50.40000000000008
2021-05-13,region_2,0.951,0.591,40.2,95.5,97.6,0,5,133,0,79.10000000000002,89.00000000000009
2021-05-14,region_2,0.951,0.591,3.4,100.0,100.0,0,5,134,0,45.40000000000002,92.10000000000008
2021-05-15,region_2,0.951,0.591,5.7,94.8,99.6,0,5,135,1,49.300000000000026,97.80000000000008
2021-05-16,region_2,0.951,0.591,11.7,94.2,100.0,0,5,136,1,20.80000000000002,108.30000000000008
2021-05-17,region_2,0.951,0.591,1.2,98.9,100.0,0,5,137,1,18.600000000000023,101.10000000000007
2021-05-18,region_2,0.951,0.591,2.9,95.6,100.0,0,5,138,1,15.80000000000002,66.90000000000008
2021-05-19,region_2,0.951,0.591,11.9,89.6,98.1,0,5,139,1,16.00000000000002,77.00000000000009
2021-05-20,region_2,0.951,0.591,4.5,93.5,98.3,0,5,140,1,19.300000000000022,41.300000000000075
2021-05-21,region_2,0.951,0.591,3.3,91.3,99.6,0,5,141,1,19.70000000000002,41.20000000000008
2021-05-22,region_2,0.951,0.591,115.6,89.1,100.0,0,5,142,1,123.40000000000002,151.10000000000008
2021-05-23,region_2,0.951,0.591,0.5,100.0,100.0,0,5,143,1,119.40000000000002,139.9000000000001
2021-05-24,region_2,0.951,0.591,76.1,94.6,99.5,0,5,144,1,192.20000000000002,214.80000000000007
2021-05-25,region_2,0.951,0.591,4.3,100.0,100.0,0,5,145,1,80.90000000000002,216.2000000000001
2021-05-26,region_2,0.951,0.591,1.2,99.3,99.0,0,5,146,1,81.60000000000002,205.50000000000009
2021-05-27,region_2,0.951,0.591,1.0,92.6,99.3,0,5,147,1,6.500000000000028,202.00000000000009
2021-05-28,region_2,0.951,0.591,1.1,86.2,97.6,0,5,148,1,3.3000000000000282,199.80000000000007
2021-05-29,region_2,0.951,0.591,33.2,82.6,97.3,0,5,149,1,35.30000000000003,117.40000000000009
2021-05-30,region_2,0.951,0.591,5.1,98.0,99.1,0,5,150,1,39.400000000000034,122.00000000000009
2021-05-31,region_2,0.951,0.591,28.1,98.5,99.3,0,5,151,1,66.40000000000003,74.00000000000009
2021-06-01,region_2,0.951,0.591,12.9,99.3,100.0,0,6,152,1,46.10000000000003,82.6000000000001
2021-06-02,region_2,0.951,0.591,48.8,100.0,100.0,0,6,153,1,89.80000000000003,130.2000000000001
2021-06-03,region_2,0.951,0.591,12.1,99.9,99.8,0,6,154,1,73.80000000000003,141.3000000000001
2021-06-04,region_2,0.951,0.591,2.9,99.4,100.0,0,6,155,1,63.800000000000026,143.10000000000008
2021-06-05,region_2,0.951,0.591,38.8,96.7,100.0,0,6,156,1,53.800000000000026,148.70000000000007
2021-06-06,region_2,0.951,0.591,0.1,99.8,100.0,0,6,157,1,41.800000000000026,143.70000000000007
2021-06-07,region_2,0.951,0.591,8.0,93.0,99.2,0,6,158,1,46.90000000000003,123.60000000000008
2021-06-08,region_2,0.951,0.591,3.3,92.0,100.0,0,6,159,1,11.400000000000027,114.00000000000009
2021-06-09,region_2,0.951,0.591,7.2,90.5,99.5,0,6,160,1,18.50000000000003,72.40000000000008
2021-06-10,region_2,0.951,0.591,2.1,87.1,99.5,0,6,161,1,12.600000000000028,62.400000000000084
2021-06-11,region_2,0.951,0.591,48.3,87.6,99.1,0,6,162,1,57.60000000000002,107.80000000000008
2021-06-12,region_2,0.951,0.591,149.5,100.0,99.3,1,6,163,1,199.90000000000003,218.50000000000009
2021-06-13,region_2,0.951,0.591,47.4,97.6,99.8,0,6,164,1,245.20000000000005,265.80000000000007
2021-06-14,region_2,0.951,0.591,25.6,100.0,100.0,0,6,165,1,222.50000000000003,283.4000000000001
2021-06-15,region_2,0.951,0.591,0.8,100.0,100.0,0,6,166,1,73.80000000000003,280.9000000000001
2021-06-16,region_2,0.951,0.591,31.8,93.6,97.7,0,6,167,1,58.20000000000003,305.5000000000001
2021-06-17,region_2,0.951,0.591,39.2,100.0,99.6,0,6,168,1,71.80000000000004,342.6000000000001
2021-06-18,region_2,0.951,0.591,72.8,99.8,99.6,0,6,169,1,143.8,367.1
2021-06-19,region_2,0.951,0.591,1.6,100.0,99.2,0,6,170,1,113.60000000000001,219.20000000000007
2021-06-20,region_2,0.951,0.591,6.0,94.4,98.5,0,6,171,1,80.4,177.80000000000007
2021-06-21,region_2,0.951,0.591,86.9,94.4,100.0,0,6,172,1,94.50000000000003,239.10000000000008
2021-06-22,region_2,0.951,0.591,1.8,99.8,100.0,0,6,173,1,94.70000000000003,240.10000000000008
2021-06-23,region_2,0.951,0.591,9.8,94.7,98.9,0,6,174,1,98.50000000000003,218.10000000000008
2021-06-24,region_2,0.951,0.591,2.7,97.5,99.3,0,6,175,1,14.30000000000003,181.60000000000008
2021-06-25,region_2,0.951,0.591,33.8,94.1,99.9,0,6,176,1,46.300000000000026,142.60000000000008
2021-06-26,region_2,0.951,0.591,5.4,96.5,100.0,0,6,177,1,41.90000000000003,146.4000000000001
2021-06-27,region_2,0.951,0.591,90.6,93.0,100.0,1,6,178,1,129.8,231.00000000000009
2021-06-28,region_2,0.951,0.591,1.2,100.0,99.6,0,6,179,1,97.20000000000002,145.30000000000007
2021-06-29,region_2,0.951,0.591,5.2,93.6,98.4,0,6,180,1,97.00000000000001,148.70000000000007
2021-06-30,region_2,0.951,0.591,6.2,90.0,100.0,0,6,181,1,12.600000000000016,145.10000000000008
2021-07-01,region_2,0.951,0.591,4.1,90.1,98.7,0,7,182,1,15.500000000000014,146.50000000000006
2021-07-02,region_2,0.951,0.591,54.1,92.3,100.0,0,7,183,1,64.40000000000002,166.8000000000001
2021-07-03,region_2,0.951,0.591,26.6,98.0,100.0,0,7,184,1,84.80000000000001,188.00000000000009
2021-07-04,region_2,0.951,0.591,11.7,100.0,99.7,0,7,185,1,92.40000000000002,109.1000000000001
2021-07-05,region_2,0.951,0.591,2.9,98.9,100.0,0,7,186,1,41.20000000000002,110.80000000000008
2021-07-06,region_2,0.951,0.591,68.4,93.8,98.3,1,7,187,1,83.00000000000003,174.00000000000009
2021-07-07,region_2,0.951,0.591,53.5,99.1,100.0,1,7,188,1,124.80000000000003,221.3000000000001
2021-07-08,region_2,0.951,0.591,41.9,97.9,100.0,1,7,189,1,163.80000000000004,259.1000000000001
2021-07-09,region_2,0.951,0.591,1.4,97.6,100.0,0,7,190,1,96.80000000000003,206.4000000000001
2021-07-10,region_2,0.951,0.591,2.9,93.7,99.0,0,7,191,1,46.200000000000024,182.70000000000007
2021-07-11,region_2,0.951,0.591,11.5,89.1,100.0,0,7,192,1,15.80000000000003,182.50000000000009
2021-07-12,region_2,0.951,0.591,183.9,94.0,100.0,0,7,193,1,198.30000000000004,363.5000000000001
2021-07-13,region_2,0.951,0.591,0.0,100.0,100.0,0,7,194,1,195.40000000000003,295.10000000000014
2021-07-14,region_2,0.951,0.591,173.1,92.7,97.2,0,7,195,1,357.0,414.70000000000005
2021-07-15,region_2,0.951,0.591,100.0,100.0,97.6,0,7,196,1,273.1,472.80000000000007
2021-07-16,region_2,0.951,0.591,7.1,99.0,100.0,0,7,197,1,280.20000000000005,478.50000000000006
2021-07-17,region_2,0.951,0.591,6.9,99.3,100.0,0,7,198,1,114.00000000000003,482.5000000000001
2021-07-18,region_2,0.951,0.591,3.3,95.7,100.0,0,7,199,1,17.30000000000003,474.30000000000007
2021-07-19,region_2,0.951,0.591,7.8,95.3,100.0,0,7,200,1,18.00000000000003,298.2000000000001
2021-07-20,region_2,0.951,0.591,76.0,98.1,100.0,0,7,201,1,87.10000000000002,374.20000000000005
2021-07-21,region_2,0.951,0.591,44.1,100.0,100.0,0,7,202,1,127.90000000000003,245.20000000000007
2021-07-22,region_2,0.951,0.591,86.0,99.7,98.9,1,7,203,1,206.10000000000002,231.20000000000007
2021-07-23,region_2,0.951,0.591,134.4,98.3,98.2,1,7,204,1,264.50000000000006,358.5000000000001
2021-07-24,region_2,0.951,0.591,1.1,100.0,99.1,0,7,205,1,221.50000000000006,352.7000000000001
2021-07-25,region_2,0.951,0.591,12.3,94.5,97.7,0,7,206,1,147.80000000000007,361.7000000000001
2021-07-26,region_2,0.951,0.591,5.3,96.5,100.0,0,7,207,1,18.700000000000056,359.2000000000001
2021-07-27,region_2,0.951,0.591,7.4,94.3,98.4,0,7,208,1,25.000000000000057,290.6000000000001
2021-07-28,region_2,0.951,0.591,71.4,97.1,99.5,0,7,209,1,84.10000000000007,317.9000000000001
2021-07-29,region_2,0.951,0.591,16.3,99.8,100.0,0,7,210,1,95.10000000000007,248.2000000000001
2021-07-30,region_2,0.951,0.591,42.8,100.0,99.9,0,7,211,1,130.50000000000006,156.60000000000008
2021-07-31,region_2,0.951,0.591,0.8,99.7,100.0,0,7,212,1,59.90000000000005,156.3000000000001
2021-08-01,region_2,0.951,0.591,46.7,94.2,98.4,1,8,213,1,90.30000000000005,190.70000000000007
2021-08-02,region_2,0.951,0.591,6.9,99.4,100.0,0,8,214,1,54.400000000000055,192.3000000000001
2021-08-03,region_2,0.951,0.591,2.1,100.0,99.5,0,8,215,1,55.70000000000006,187.00000000000009
2021-08-04,region_2,0.951,0.591,2.1,94.6,99.4,0,8,216,1,11.100000000000058,117.70000000000007
2021-08-05,region_2,0.951,0.591,11.0,88.3,98.3,0,8,217,1,15.200000000000058,112.40000000000009
2021-08-06,region_2,0.951,0.591,4.0,92.5,98.5,0,8,218,1,17.10000000000006,73.60000000000008
2021-08-07,region_2,0.951,0.591,7.8,89.4,100.0,0,8,219,1,22.800000000000058,80.6000000000001
2021-08-08,region_2,0.951,0.591,1.2,90.3,99.1,0,8,220,1,13.000000000000057,35.10000000000009
2021-08-09,region_2,0.951,0.591,34.2,84.5,100.0,0,8,221,1,43.20000000000006,62.40000000000009
2021-08-10,region_2,0.951,0.591,67.3,99.2,99.2,0,8,222,1,102.70000000000006,127.60000000000008
2021-08-11,region_2,0.951,0.591,23.6,100.0,98.6,0,8,223,1,125.10000000000005,149.1000000000001
2021-08-12,region_2,0.951,0.591,28.1,100.0,100.0,0,8,224,1,119.00000000000006,166.2000000000001
2021-08-13,region_2,0.951,0.591,2.9,97.2,98.5,0,8,225,1,54.60000000000006,165.1000000000001
2021-08-14,region_2,0.951,0.591,1.4,95.8,97.7,0,8,226,1,32.400000000000055,158.7000000000001
2021-08-15,region_2,0.951,0.591,37.9,90.0,97.7,0,8,227,1,42.20000000000005,195.4000000000001
2021-08-16,region_2,0.951,0.591,47.2,98.6,99.9,1,8,228,1,86.50000000000006,208.4000000000001
2021-08-17,region_2,0.951,0.591,16.6,96.8,98.7,0,8,229,1,101.70000000000005,157.7000000000001
2021-08-18,region_2,0.951,0.591,1.2,100.0,99.4,0,8,230,1,65.00000000000006,135.3000000000001
2021-08-19,region_2,0.951,0.591,0.4,94.0,96.7,0,8,231,1,18.20000000000006,107.6000000000001
2021-08-20,region_2,0.951,0.591,8.8,88.4,98.1,0,8,232,1,10.400000000000057,113.5000000000001
2021-08-21,region_2,0.951,0.591,0.2,93.4,100.0,0,8,233,1,9.400000000000057,112.3000000000001
2021-08-22,region_2,0.951,0.591,3.9,85.4,96.8,0,8,234,1,12.900000000000057,78.3000000000001
2021-08-23,region_2,0.951,0.591,36.8,82.8,95.5,0,8,235,1,40.900000000000055,67.90000000000009
2021-08-24,region_2,0.951,0.591,95.0,98.0,99.1,1,8,236,1,135.70000000000005,146.3000000000001
2021-08-25,region_2,0.951,0.591,24.6,98.6,100.0,0,8,237,1,156.40000000000003,169.7000000000001
2021-08-26,region_2,0.951,0.591,4.2,100.0,100.0,0,8,238,1,123.80000000000005,173.5000000000001
2021-08-27,region_2,0.951,0.591,163.9,97.4,99.8,1,8,239,1,192.70000000000005,328.60000000000014
2021-08-28,region_2,0.951,0.591,49.1,100.0,99.5,1,8,240,1,217.20000000000007,377.5000000000001
2021-08-29,region_2,0.951,0.591,1.3,98.7,99.4,0,8,241,1,214.30000000000007,374.9000000000001
2021-08-30,region_2,0.951,0.591,4.0,95.4,99.2,0,8,242,1,54.400000000000055,342.10000000000014
2021-08-31,region_2,0.951,0.591,3.1,93.7,100.0,0,8,243,1,8.400000000000057,250.20000000000013
2021-09-01,region_2,0.951,0.591,8.5,89.1,99.5,0,9,244,1,15.600000000000058,234.1000000000001
2021-09-02,region_2,0.951,0.591,9.8,92.1,99.6,0,9,245,1,21.40000000000006,239.70000000000013
2021-09-03,region_2,0.951,0.591,10.3,92.9,100.0,0,9,246,1,28.60000000000006,86.10000000000012
2021-09-04,region_2,0.951,0.591,1.2,95.4,100.0,0,9,247,1,21.300000000000058,38.20000000000012
2021-09-05,region_2,0.951,0.591,1.3,86.7,98.6,0,9,248,1,12.80000000000006,38.20000000000012
2021-09-06,region_2,0.951,0.591,8.3,86.3,97.7,0,9,249,1,10.80000000000006,42.50000000000012
2021-09-07,region_2,0.951,0.591,82.4,88.5,99.2,0,9,250,1,92.00000000000007,121.80000000000013
2021-09-08,region_2,0.951,0.591,2.3,100.0,100.0,0,9,251,1,93.00000000000007,115.60000000000012
2021-09-09,region_2,0.951,0.591,3.3,94.0,98.9,0,9,252,1,88.00000000000007,109.10000000000012
2021-09-10,region_2,0.951,0.591,84.7,91.6,100.0,0,9,253,1,90.30000000000007,183.5000000000001
2021-09-11,region_2,0.951,0.591,10.9,97.6,100.0,0,9,254,1,98.90000000000008,193.20000000000013
2021-09-12,region_2,0.951,0.591,1.3,97.6,100.0,0,9,255,1,96.90000000000008,193.2000000000001
2021-09-13,region_2,0.951,0.591,3.5,95.5,98.6,0,9,256,1,15.70000000000007,188.40000000000012
2021-09-14,region_2,0.951,0.591,35.5,93.9,100.0,0,9,257,1,40.30000000000007,141.5000000000001
2021-09-15,region_2,0.951,0.591,6.5,100.0,100.0,0,9,258,1,45.50000000000007,145.7000000000001
2021-09-16,region_2,0.951,0.591,19.5,98.7,99.9,0,9,259,1,61.50000000000007,161.90000000000012
2021-09-17,region_2,0.951,0.591,0.2,100.0,100.0,0,9,260,1,26.20000000000007,77.40000000000012
2021-09-18,region_2,0.951,0.591,0.0,93.4,97.1,0,9,261,1,19.70000000000007,66.50000000000011
2021-09-19,region_2,0.951,0.591,2.8,89.5,96.2,0,9,262,1,3.000000000000071,68.00000000000011
2021-09-20,region_2,0.951,0.591,3.2,82.5,95.6,0,9,263,1,6.000000000000071,67.70000000000012
2021-09-21,region_2,0.951,0.591,2.1,76.8,96.0,0,9,264,1,8.10000000000007,34.30000000000011
2021-09-22,region_2,0.951,0.591,0.5,77.4,94.0,0,9,265,1,5.800000000000072,28.300000000000114
2021-09-23,region_2,0.951,0.591,2.1,73.4,92.2,0,9,266,0,4.700000000000071,10.900000000000114
2021-09-24,region_2,0.951,0.591,3.0,70.9,91.2,0,9,267,0,5.600000000000071,13.700000000000115
2021-09-25,region_2,0.951,0.591,25.9,68.7,90.8,0,9,268,0,31.00000000000007,39.600000000000115
2021-09-26,region_2,0.951,0.591,11.2,84.9,100.0,0,9,269,0,40.100000000000065,48.000000000000114
2021-09-27,region_2,0.951,0.591,5.3,91.7,100.0,0,9,270,0,42.40000000000007,50.100000000000115
2021-09-28,region_2,0.951,0.591,33.9,89.3,97.8,0,9,271,0,50.40000000000007,81.90000000000012
2021-09-29,region_2,0.951,0.591,1.0,98.9,100.0,0,9,272,0,40.200000000000074,82.40000000000012
2021-09-30,region_2,0.951,0.591,2.1,90.9,98.4,0,9,273,0,37.00000000000007,82.40000000000012
2021-10-01,region_2,0.951,0.591,13.7,88.9,97.8,0,10,274,0,16.800000000000068,93.10000000000012
2021-10-02,region_2,0.951,0.591,11.5,98.0,98.9,0,10,275,0,27.300000000000068,78.70000000000012
2021-10-03,region_2,0.951,0.591,52.2,98.9,100.0,0,10,276,0,77.40000000000006,119.7000000000001
2021-10-04,region_2,0.951,0.591,9.7,100.0,99.6,0,10,277,0,73.40000000000008,124.10000000000011
2021-10-05,region_2,0.951,0.591,4.5,100.0,99.8,0,10,278,0,66.40000000000008,94.7000000000001
2021-10-06,region_2,0.951,0.591,10.6,96.7,100.0,0,10,279,0,24.800000000000068,104.30000000000011
2021-10-07,region_2,0.951,0.591,2.1,98.8,100.0,0,10,280,0,17.20000000000007,104.30000000000011
2021-10-08,region_2,0.951,0.591,1.4,93.9,100.0,0,10,281,0,14.10000000000007,92.00000000000011
2021-10-09,region_2,0.951,0.591,5.7,93.3,98.3,0,10,282,0,9.20000000000007,86.2000000000001
2021-10-10,region_2,0.951,0.591,1.2,87.4,100.0,0,10,283,0,8.300000000000072,35.20000000000011
2021-10-11,region_2,0.951,0.591,8.2,86.1,99.3,0,10,284,0,15.10000000000007,33.70000000000012
2021-10-12,region_2,0.951,0.591,102.7,87.5,100.0,0,10,285,0,112.10000000000008,131.90000000000012
2021-10-13,region_2,0.951,0.591,2.2,100.0,100.0,0,10,286,0,113.10000000000007,123.50000000000013
2021-10-14,region_2,0.951,0.591,0.1,95.4,98.7,0,10,287,0,105.00000000000006,121.50000000000011
2021-10-15,region_2,0.951,0.591,7.6,87.5,97.5,0,10,288,0,9.90000000000007,127.70000000000013
2021-10-16,region_2,0.951,0.591,3.3,87.4,100.0,0,10,289,0,11.000000000000071,125.30000000000013
2021-10-17,region_2,0.951,0.591,0.5,84.4,98.8,0,10,290,0,11.40000000000007,124.60000000000012
2021-10-18,region_2,0.951,0.591,10.0,81.3,99.6,0,10,291,0,13.80000000000007,126.40000000000012
2021-10-19,region_2,0.951,0.591,8.0,84.4,99.9,0,10,292,0,18.50000000000007,31.700000000000113
2021-10-20,region_2,0.951,0.591,0.7,83.4,100.0,0,10,293,0,18.70000000000007,30.200000000000113
2021-10-21,region_2,0.951,0.591,1.5,78.6,99.8,0,10,294,0,10.20000000000007,31.60000000000011
2021-10-22,region_2,0.951,0.591,5.1,76.0,97.1,0,10,295,0,7.300000000000071,29.100000000000115
2021-10-23,region_2,0.951,0.591,37.0,71.1,96.6,0,10,296,0,43.60000000000007,62.80000000000011
2021-10-24,region_2,0.951,0.591,56.1,89.1,100.0,0,10,297,0,98.20000000000007,118.40000000000012
2021-10-25,region_2,0.951,0.591,1.2,97.7,99.0,0,10,298,0,94.30000000000008,109.60000000000011
2021-10-26,region_2,0.951,0.591,2.7,96.2,98.5,0,10,299,0,60.00000000000007,104.30000000000011
2021-10-27,region_2,0.951,0.591,0.2,88.3,99.0,0,10,300,0,4.100000000000072,103.80000000000011
2021-10-28,region_2,0.951,0.591,1.0,85.9,97.3,0,10,301,0,3.9000000000000714,103.30000000000011
2021-10-29,region_2,0.951,0.591,1.8,79.9,97.1,0,10,302,0,3.000000000000071,100.00000000000011
2021-10-30,region_2,0.951,0.591,19.5,77.7,95.7,0,10,303,0,22.30000000000007,82.50000000000011
2021-10-31,region_2,0.951,0.591,0.4,84.8,98.6,0,10,304,0,21.70000000000007,26.80000000000011
2021-11-01,region_2,0.951,0.591,0.9,80.4,97.4,0,11,305,0,20.80000000000007,26.500000000000114
2021-11-02,region_2,0.951,0.591,1.4,75.2,97.3,0,11,306,0,2.7000000000000712,25.20000000000011
2021-11-03,region_2,0.951,0.591,0.3,73.1,92.9,0,11,307,0,2.600000000000071,25.30000000000011
2021-11-04,region_2,0.951,0.591,0.5,70.0,92.6,0,11,308,0,2.200000000000071,24.80000000000011
2021-11-05,region_2,0.951,0.591,0.2,65.9,89.8,0,11,309,0,1.000000000000071,23.200000000000113
2021-11-06,region_2,0.951,0.591,0.1,59.7,91.8,0,11,310,0,0.800000000000071,3.8000000000001135
2021-11-07,region_2,0.951,0.591,7.0,55.3,88.3,0,11,311,0,7.300000000000071,10.400000000000114
2021-11-08,region_2,0.951,0.591,0.9,57.8,87.2,0,11,312,0,8.000000000000071,10.400000000000114
2021-11-09,region_2,0.951,0.591,1.1,57.6,86.1,0,11,313,0,9.000000000000071,10.100000000000113
2021-11-10,region_2,0.951,0.591,1.1,51.9,83.8,0,11,314,0,3.100000000000071,10.900000000000114
2021-11-11,region_2,0.951,0.591,0.2,50.9,85.2,0,11,315,0,2.4000000000000714,10.600000000000115
2021-11-12,region_2,0.951,0.591,1.0,47.9,79.3,0,11,316,0,2.300000000000071,11.400000000000114
2021-11-13,region_2,0.951,0.591,1.1,45.8,80.4,0,11,317,0,2.300000000000071,12.400000000000114
2021-11-14,region_2,0.951,0.591,1.4,44.5,78.6,0,11,318,0,3.500000000000071,6.8000000000001135
2021-11-15,region_2,0.951,0.591,1.2,39.1,76.2,0,11,319,0,3.700000000000071,7.100000000000113
2021-11-16,region_2,0.951,0.591,0.3,37.9,75.6,0,11,320,0,2.9000000000000705,6.3000000000001135
2021-11-17,region_2,0.951,0.591,15.4,37.2,72.7,0,11,321,0,16.90000000000007,20.600000000000115
2021-11-18,region_2,0.951,0.591,1.5,46.7,76.0,0,11,322,0,17.200000000000074,21.900000000000112
2021-11-19,region_2,0.951,0.591,0.8,45.3,73.1,0,11,323,0,17.70000000000007,21.700000000000113
2021-11-20,region_2,0.951,0.591,0.8,41.2,72.7,0,11,324,0,3.100000000000071,21.400000000000112
2021-11-21,region_2,0.951,0.591,0.3,40.9,69.9,0,11,325,0,1.9000000000000712,20.300000000000114
2021-11-22,region_2,0.951,0.591,2.6,36.6,70.4,0,11,326,0,3.7000000000000712,21.700000000000117
2021-11-23,region_2,0.951,0.591,0.6,35.7,67.9,0,11,327,0,3.5000000000000715,22.000000000000114
2021-11-24,region_2,0.951,0.591,0.2,33.1,67.6,0,11,328,0,3.400000000000071,6.8000000000001135
2021-11-25,region_2,0.951,0.591,0.7,32.9,65.8,0,11,329,0,1.500000000000071,6.000000000000114
2021-11-26,region_2,0.951,0.591,0.8,30.9,63.9,0,11,330,0,1.7000000000000712,6.000000000000114
2021-11-27,region_2,0.951,0.591,0.4,31.6,63.7,0,11,331,0,1.9000000000000712,5.600000000000113
2021-11-28,region_2,0.951,0.591,0.4,29.4,65.7,0,11,332,0,1.6000000000000711,5.700000000000113
2021-11-29,region_2,0.951,0.591,0.3,27.2,59.1,0,11,333,0,1.1000000000000711,3.4000000000001136
2021-11-30,region_2,0.951,0.591,0.5,25.7,59.0,0,11,334,0,1.2000000000000712,3.3000000000001135
2021-12-01,region_2,0.951,0.591,0.4,23.9,56.6,0,12,335,0,1.2000000000000712,3.500000000000114
2021-12-02,region_2,0.951,0.591,0.5,20.7,57.2,0,12,336,0,1.400000000000071,3.300000000000114
2021-12-03,region_2,0.951,0.591,13.1,20.5,55.9,0,12,337,0,14.000000000000071,15.600000000000113
2021-12-04,region_2,0.951,0.591,0.2,32.3,57.0,0,12,338,0,13.80000000000007,15.400000000000112
2021-12-05,region_2,0.951,0.591,0.9,29.2,53.7,0,12,339,0,14.20000000000007,15.900000000000114
2021-12-06,region_2,0.951,0.591,0.8,26.3,53.9,0,12,340,0,1.9000000000000712,16.400000000000112
2021-12-07,region_2,0.951,0.591,24.5,29.3,49.8,0,12,341,0,26.20000000000007,40.40000000000011
2021-12-08,region_2,0.951,0.591,0.2,46.8,52.4,0,12,342,0,25.50000000000007,40.20000000000012
2021-12-09,region_2,0.951,0.591,0.2,43.5,50.4,0,12,343,0,24.90000000000007,39.90000000000011
2021-12-10,region_2,0.951,0.591,0.0,39.9,50.8,0,12,344,0,0.4000000000000711,26.80000000000011
2021-12-11,region_2,0.951,0.591,1.8,37.3,50.4,0,12,345,0,2.000000000000071,28.400000000000112
2021-12-12,region_2,0.951,0.591,1.4,36.0,47.8,0,12,346,0,3.2000000000000712,28.900000000000112
2021-12-13,region_2,0.951,0.591,0.2,35.1,48.1,0,12,347,0,3.400000000000071,28.300000000000114
2021-12-14,region_2,0.951,0.591,8.2,33.8,46.2,0,12,348,0,9.80000000000007,12.000000000000114
2021-12-15,region_2,0.951,0.591,0.2,37.9,46.4,0,12,349,0,8.600000000000069,12.000000000000114
2021-12-16,region_2,0.951,0.591,0.4,35.4,45.9,0,12,350,0,8.80000000000007,12.200000000000113
2021-12-17,region_2,0.951,0.591,0.3,28.0,43.6,0,12,351,0,0.9000000000000711,12.500000000000114
2021-12-18,region_2,0.951,0.591,0.3,32.8,42.7,0,12,352,0,1.000000000000071,11.000000000000112
2021-12-19,region_2,0.951,0.591,0.9,29.8,43.7,0,12,353,0,1.500000000000071,10.500000000000114
2021-12-20,region_2,0.951,0.591,0.9,26.4,41.4,0,12,354,0,2.100000000000071,11.200000000000113
2021-12-21,region_2,0.951,0.591,0.7,27.6,42.6,0,12,355,0,2.500000000000071,3.700000000000114
2021-12-22,region_2,0.951,0.591,8.3,26.5,38.7,0,12,356,0,9.900000000000071,11.800000000000114
2021-12-23,region_2,0.951,0.591,0.7,29.7,41.1,0,12,357,0,9.70000000000007,12.100000000000113
2021-12-24,region_2,0.951,0.591,0.8,29.6,39.4,0,12,358,0,9.800000000000072,12.600000000000115
2021-12-25,region_2,0.951,0.591,0.1,27.5,38.6,0,12,359,0,1.6000000000000711,12.400000000000114
2021-12-26,region_2,0.951,0.591,0.2,26.0,38.0,0,12,360,0,1.1000000000000711,11.700000000000115
2021-12-27,region_2,0.951,0.591,1.2,26.8,35.7,0,12,361,0,1.500000000000071,12.000000000000114
2021-12-28,region_2,0.951,0.591,0.1,24.4,37.6,0,12,362,0,1.500000000000071,11.400000000000114
2021-12-29,region_2,0.951,0.591,0.5,24.0,35.3,0,12,363,0,1.8000000000000709,3.6000000000001138
2021-12-30,region_2,0.951,0.591,0.1,23.9,34.2,0,12,364,0,0.700000000000071,3.000000000000114
2021-12-31,region_2,0.951,0.591,0.2,20.8,36.5,0,12,365,0,0.8000000000000711,2.4000000000001136
2022-01-01,region_2,0.951,0.591,1.3,21.4,33.3,0,1,1,0,1.6000000000000711,3.6000000000001133
2022-01-02,region_2,0.951,0.591,0.5,21.8,32.1,0,1,2,0,2.000000000000071,3.900000000000114
2022-01-03,region_2,0.951,0.591,0.4,20.2,33.2,0,1,3,0,2.2000000000000712,3.1000000000001138
2022-01-04,region_2,0.951,0.591,0.3,18.9,32.0,0,1,4,0,1.200000000000071,3.3000000000001135
2022-01-05,region_2,0.951,0.591,0.0,18.4,32.1,0,1,5,0,0.700000000000071,2.8000000000001135
2022-01-06,region_2,0.951,0.591,0.4,16.7,30.5,0,1,6,0,0.700000000000071,3.1000000000001133
2022-01-07,region_2,0.951,0.591,1.4,16.6,30.8,0,1,7,0,1.8000000000000709,4.3000000000001135
2022-01-08,region_2,0.951,0.591,1.2,13.9,31.3,0,1,8,0,3.000000000000071,4.200000000000114
2022-01-09,region_2,0.951,0.591,0.2,15.5,27.9,0,1,9,0,2.800000000000071,3.900000000000114
2022-01-10,region_2,0.951,0.591,0.4,15.4,27.7,0,1,10,0,1.800000000000071,3.9000000000001136
2022-01-11,region_2,0.951,0.591,0.3,14.1,26.0,0,1,11,0,0.9000000000000711,3.9000000000001136
2022-01-12,region_2,0.951,0.591,0.6,17.3,27.4,0,1,12,0,1.3000000000000709,4.500000000000114
2022-01-13,region_2,0.951,0.591,0.1,12.9,26.6,0,1,13,0,1.000000000000071,4.200000000000113
2022-01-14,region_2,0.951,0.591,1.6,9.8,27.2,0,1,14,0,2.300000000000071,4.400000000000114
2022-01-15,region_2,0.951,0.591,0.0,12.8,25.4,0,1,15,0,1.700000000000071,3.200000000000114
2022-01-16,region_2,0.951,0.591,0.4,13.2,24.8,0,1,16,0,2.000000000000071,3.4000000000001136
2022-01-17,region_2,0.951,0.591,0.1,10.2,24.6,0,1,17,0,0.500000000000071,3.1000000000001138
2022-01-18,region_2,0.951,0.591,0.4,10.8,23.7,0,1,18,0,0.9000000000000711,3.200000000000114
2022-01-19,region_2,0.951,0.591,2.3,10.3,23.8,0,1,19,0,2.800000000000071,4.900000000000114
2022-01-20,region_2,0.951,0.591,0.5,11.5,23.2,0,1,20,0,3.200000000000071,5.300000000000114
2022-01-21,region_2,0.951,0.591,0.7,10.3,23.1,0,1,21,0,3.500000000000071,4.400000000000113
2022-01-22,region_2,0.951,0.591,0.4,12.6,21.9,0,1,22,0,1.6000000000000711,4.8000000000001135
2022-01-23,region_2,0.951,0.591,0.6,13.8,22.2,0,1,23,0,1.700000000000071,5.000000000000113
2022-01-24,region_2,0.951,0.591,0.0,9.0,21.8,0,1,24,0,1.000000000000071,4.900000000000113
2022-01-25,region_2,0.951,0.591,0.9,7.7,20.5,0,1,25,0,1.500000000000071,5.400000000000113
2022-01-26,region_2,0.951,0.591,0.7,9.0,20.3,0,1,26,0,1.6000000000000711,3.8000000000001135
2022-01-27,region_2,0.951,0.591,0.4,11.9,19.8,0,1,27,0,2.000000000000071,3.700000000000114
2022-01-28,region_2,0.951,0.591,0.3,9.0,18.3,0,1,28,0,1.4000000000000712,3.3000000000001135
2022-01-29,region_2,0.951,0.591,0.2,9.6,18.7,0,1,29,0,0.9000000000000711,3.1000000000001133
2022-01-30,region_2,0.951,0.591,0.4,7.3,19.5,0,1,30,0,0.9000000000000711,2.900000000000114
2022-01-31,region_2,0.951,0.591,0.2,11.1,19.3,0,1,31,0,0.8000000000000711,3.1000000000001138
2022-02-01,region_2,0.951,0.591,0.3,7.6,18.4,0,2,32,0,0.9000000000000711,2.5000000000001137
2022-02-02,region_2,0.951,0.591,0.1,8.2,16.7,0,2,33,0,0.600000000000071,1.9000000000001138
2022-02-03,region_2,0.951,0.591,25.7,6.3,18.3,0,2,34,0,26.10000000000007,27.200000000000113
2022-02-04,region_2,0.951,0.591,0.2,27.9,19.0,0,2,35,0,26.000000000000068,27.10000000000011
2022-02-05,region_2,0.951,0.591,1.0,27.6,17.4,0,2,36,0,26.90000000000007,27.900000000000112
2022-02-06,region_2,0.951,0.591,0.0,26.9,16.5,0,2,37,0,1.200000000000071,27.500000000000114
2022-02-07,region_2,0.951,0.591,8.5,26.4,15.3,0,2,38,0,9.500000000000071,35.80000000000011
2022-02-08,region_2,0.951,0.591,1.1,27.2,16.3,0,2,39,0,9.60000000000007,36.600000000000115
2022-02-09,region_2,0.951,0.591,0.5,27.4,15.6,0,2,40,0,10.10000000000007,37.000000000000114
2022-02-10,region_2,0.951,0.591,0.1,26.3,15.6,0,2,41,0,1.7000000000000712,11.400000000000112
2022-02-11,region_2,0.951,0.591,0.2,25.9,16.7,0,2,42,0,0.8000000000000711,11.400000000000114
2022-02-12,region_2,0.951,0.591,0.2,22.7,16.0,0,2,43,0,0.500000000000071,10.600000000000113
2022-02-13,region_2,0.951,0.591,2.1,22.9,14.5,0,2,44,0,2.500000000000071,12.700000000000113
2022-02-14,region_2,0.951,0.591,79.5,22.1,14.8,0,2,45,0,81.80000000000007,83.70000000000012
2022-02-15,region_2,0.951,0.591,0.7,88.1,16.7,0,2,46,0,82.30000000000007,83.30000000000013
2022-02-16,region_2,0.951,0.591,82.2,82.2,16.3,0,2,47,0,162.4000000000001,165.0000000000001
2022-02-17,region_2,0.951,0.591,0.2,98.5,60.8,0,2,48,0,83.10000000000008,165.10000000000014
2022-02-18,region_2,0.951,0.591,9.0,94.4,61.8,0,2,49,0,91.40000000000008,173.90000000000012
2022-02-19,region_2,0.951,0.591,0.6,95.3,66.0,0,2,50,0,9.80000000000007,174.30000000000013
2022-02-20,region_2,0.951,0.591,6.1,89.5,63.2,0,2,51,0,15.70000000000007,178.30000000000013
2022-02-21,region_2,0.951,0.591,0.4,89.2,65.4,0,2,52,0,7.100000000000071,99.20000000000012
2022-02-22,region_2,0.951,0.591,1.4,84.3,65.8,0,2,53,0,7.9000000000000705,99.90000000000012
2022-02-23,region_2,0.951,0.591,1.6,78.0,63.5,0,2,54,0,3.400000000000071,19.30000000000011
2022-02-24,region_2,0.951,0.591,0.7,77.5,62.3,0,2,55,0,3.7000000000000712,19.800000000000114
2022-02-25,region_2,0.951,0.591,1.1,71.8,62.2,0,2,56,0,3.4000000000000714,11.900000000000112
2022-02-26,region_2,0.951,0.591,0.6,65.7,63.2,0,2,57,0,2.400000000000071,11.900000000000114
2022-02-27,region_2,0.951,0.591,1.4,62.4,60.2,0,2,58,0,3.1000000000000707,7.200000000000113
2022-02-28,region_2,0.951,0.591,0.2,60.9,59.4,0,2,59,0,2.200000000000071,7.000000000000113
2022-03-01,region_2,0.951,0.591,3.1,58.4,58.4,0,3,60,0,4.70000000000007,8.700000000000113
2022-03-02,region_2,0.951,0.591,0.9,55.3,57.3,0,3,61,0,4.200000000000071,8.000000000000114
2022-03-03,region_2,0.951,0.591,0.0,51.4,56.2,0,3,62,0,4.000000000000071,7.300000000000114
2022-03-04,region_2,0.951,0.591,0.1,50.8,56.1,0,3,63,0,1.0000000000000706,6.3000000000001135
2022-03-05,region_2,0.951,0.591,1.1,45.0,53.9,0,3,64,0,1.2000000000000708,6.800000000000114
2022-03-06,region_2,0.951,0.591,2.7,45.2,53.9,0,3,65,0,3.900000000000071,8.100000000000113
2022-03-07,region_2,0.951,0.591,1.1,44.2,53.9,0,3,66,0,4.900000000000071,9.000000000000114
2022-03-08,region_2,0.951,0.591,1.1,40.3,53.1,0,3,67,0,4.900000000000071,7.000000000000114
2022-03-09,region_2,0.951,0.591,0.5,43.3,51.6,0,3,68,0,2.700000000000071,6.600000000000113
2022-03-10,region_2,0.951,0.591,2.7,38.5,49.6,0,3,69,0,4.300000000000071,9.300000000000114
2022-03-11,region_2,0.951,0.591,23.7,36.7,49.7,0,3,70,0,26.90000000000007,32.90000000000011
2022-03-12,region_2,0.951,0.591,0.0,51.7,51.8,0,3,71,0,26.40000000000007,31.800000000000114
2022-03-13,region_2,0.951,0.591,0.9,45.9,51.1,0,3,72,0,24.60000000000007,30.000000000000114
2022-03-14,region_2,0.951,0.591,22.4,46.8,49.3,0,3,73,0,23.300000000000068,51.30000000000011
2022-03-15,region_2,0.951,0.591,69.9,60.8,51.6,0,3,74,0,93.20000000000007,120.10000000000011
2022-03-16,region_2,0.951,0.591,0.4,100.0,66.1,0,3,75,0,92.70000000000007,120.00000000000011
2022-03-17,region_2,0.951,0.591,0.4,94.3,64.7,0,3,76,0,70.70000000000007,117.7000000000001
2022-03-18,region_2,0.951,0.591,0.9,87.6,63.0,0,3,77,0,1.7000000000000712,94.90000000000012
2022-03-19,region_2,0.951,0.591,0.5,84.0,63.5,0,3,78,0,1.8000000000000713,95.40000000000012
2022-03-20,region_2,0.951,0.591,0.3,81.2,62.2,0,3,79,0,1.700000000000071,94.80000000000011
2022-03-21,region_2,0.951,0.591,1.2,75.2,60.0,0,3,80,0,2.000000000000071,73.60000000000012
2022-03-22,region_2,0.951,0.591,0.5,72.1,59.8,0,3,81,0,2.000000000000071,4.200000000000114
2022-03-23,region_2,0.951,0.591,0.3,68.0,59.2,0,3,82,0,2.0000000000000706,4.100000000000113
2022-03-24,region_2,0.951,0.591,0.6,63.7,56.8,0,3,83,0,1.4000000000000707,4.3000000000001135
2022-03-25,region_2,0.951,0.591,0.2,57.4,56.6,0,3,84,0,1.1000000000000707,3.6000000000001133
2022-03-26,region_2,0.951,0.591,0.7,53.7,56.8,0,3,85,0,1.5000000000000706,3.8000000000001135
2022-03-27,region_2,0.951,0.591,23.2,50.6,54.7,0,3,86,0,24.10000000000007,26.700000000000113
2022-03-28,region_2,0.951,0.591,0.2,63.1,57.8,0,3,87,0,24.10000000000007,25.700000000000113
2022-03-29,region_2,0.951,0.591,2.0,59.4,58.5,0,3,88,0,25.40000000000007,27.200000000000113
2022-03-30,region_2,0.951,0.591,1.3,61.5,57.3,0,3,89,0,3.500000000000071,28.200000000000113
2022-03-31,region_2,0.951,0.591,1.6,55.1,56.9,0,3,90,0,4.900000000000071,29.200000000000113
2022-04-01,region_2,0.951,0.591,0.6,53.8,54.6,0,4,91,0,3.500000000000071,29.60000000000011
2022-04-02,region_2,0.951,0.591,0.4,50.4,54.1,0,4,92,0,2.6000000000000716,29.300000000000114
2022-04-03,region_2,0.951,0.591,1.1,48.2,53.3,0,4,93,0,2.1000000000000716,7.200000000000114
2022-04-04,region_2,0.951,0.591,1.4,46.1,52.7,0,4,94,0,2.9000000000000714,8.400000000000114
2022-04-05,region_2,0.951,0.591,0.8,42.4,54.0,0,4,95,0,3.3000000000000713,7.200000000000114
2022-04-06,region_2,0.951,0.591,1.7,43.1,50.8,0,4,96,0,3.9000000000000714,7.600000000000114
2022-04-07,region_2,0.951,0.591,0.6,39.9,51.0,0,4,97,0,3.100000000000071,6.600000000000113
2022-04-08,region_2,0.951,0.591,0.1,37.8,51.3,0,4,98,0,2.400000000000071,6.100000000000114
2022-04-09,region_2,0.951,0.591,9.5,36.1,49.7,0,4,99,0,10.20000000000007,15.200000000000115
2022-04-10,region_2,0.951,0.591,0.3,43.1,48.2,0,4,100,0,9.900000000000071,14.400000000000116
2022-04-11,region_2,0.951,0.591,2.4,38.5,48.3,0,4,101,0,12.20000000000007,15.400000000000114
2022-04-12,region_2,0.951,0.591,16.1,39.1,46.6,0,4,102,0,18.80000000000007,30.700000000000117
2022-04-13,region_2,0.951,0.591,1.3,51.0,47.8,0,4,103,0,19.80000000000007,30.300000000000118
2022-04-14,region_2,0.951,0.591,0.6,48.7,47.9,0,4,104,0,18.00000000000007,30.300000000000114
2022-04-15,region_2,0.951,0.591,1.6,46.1,47.1,0,4,105,0,3.500000000000071,31.800000000000118
2022-04-16,region_2,0.951,0.591,5.3,42.1,46.0,0,4,106,0,7.500000000000071,27.60000000000012
2022-04-17,region_2,0.951,0.591,23.9,46.1,45.1,0,4,107,0,30.800000000000068,51.20000000000012
2022-04-18,region_2,0.951,0.591,1.0,56.5,47.1,0,4,108,0,30.200000000000067,49.80000000000012
2022-04-19,region_2,0.951,0.591,2.7,52.3,45.6,0,4,109,0,27.60000000000007,36.40000000000012
2022-04-20,region_2,0.951,0.591,1.6,53.1,46.7,0,4,110,0,5.300000000000072,36.70000000000011
2022-04-21,region_2,0.951,0.591,68.7,50.8,46.1,0,4,111,0,73.00000000000007,104.80000000000011
2022-04-22,region_2,0.951,0.591,0.1,96.2,63.5,0,4,112,0,70.40000000000006,103.30000000000011
2022-04-23,region_2,0.951,0.591,0.8,87.6,60.0,0,4,113,0,69.60000000000008,98.80000000000013
2022-04-24,region_2,0.951,0.591,2.6,82.8,60.8,0,4,114,0,3.500000000000071,77.50000000000011
2022-04-25,region_2,0.951,0.591,3.3,77.8,60.5,0,4,115,0,6.70000000000007,79.80000000000011
2022-04-26,region_2,0.951,0.591,0.1,76.3,60.6,0,4,116,0,6.000000000000071,77.20000000000012
2022-04-27,region_2,0.951,0.591,72.0,75.8,60.7,0,4,117,0,75.40000000000008,147.60000000000014
2022-04-28,region_2,0.951,0.591,2.6,99.0,81.2,0,4,118,0,74.70000000000007,81.50000000000011
2022-04-29,region_2,0.951,0.591,23.6,96.5,81.3,0,4,119,0,98.20000000000007,105.00000000000013
2022-04-30,region_2,0.951,0.591,0.8,100.0,91.0,0,4,120,0,27.000000000000075,105.00000000000011
2022-05-01,region_2,0.951,0.591,0.1,93.4,89.5,0,5,121,0,24.50000000000007,102.50000000000013
2022-05-02,region_2,0.951,0.591,1.1,89.0,89.2,0,5,122,0,2.000000000000071,100.30000000000013
2022-05-03,region_2,0.951,0.591,56.1,84.0,88.6,0,5,123,0,57.300000000000075,156.30000000000013
2022-05-04,region_2,0.951,0.591,9.0,98.7,100.0,0,5,124,0,66.20000000000007,93.30000000000013
2022-05-05,region_2,0.951,0.591,0.4,100.0,100.0,0,5,125,0,65.50000000000009,91.10000000000012
2022-05-06,region_2,0.951,0.591,2.5,92.1,98.2,0,5,126,0,11.900000000000071,70.00000000000011
2022-05-07,region_2,0.951,0.591,0.2,90.9,98.4,0,5,127,0,3.100000000000071,69.40000000000012
2022-05-08,region_2,0.951,0.591,6.4,85.0,96.6,0,5,128,0,9.100000000000072,75.7000000000001
2022-05-09,region_2,0.951,0.591,35.2,84.7,96.4,0,5,129,0,41.800000000000075,109.80000000000013
2022-05-10,region_2,0.951,0.591,1.2,99.7,99.8,0,5,130,0,42.800000000000075,54.90000000000012
2022-05-11,region_2,0.951,0.591,5.7,95.2,100.0,0,5,131,0,42.10000000000007,51.600000000000115
2022-05-12,region_2,0.951,0.591,1.1,94.7,99.4,0,5,132,0,8.000000000000071,52.30000000000012
2022-05-13,region_2,0.951,0.591,48.1,86.2,99.4,0,5,133,0,54.90000000000007,97.90000000000012
2022-05-14,region_2,0.951,0.591,17.7,98.2,99.5,0,5,134,0,66.90000000000006,115.40000000000012
2022-05-15,region_2,0.951,0.591,88.4,100.0,99.9,0,5,135,1,154.20000000000007,197.40000000000012
2022-05-16,region_2,0.951,0.591,2.7,100.0,99.1,0,5,136,1,108.80000000000008,164.90000000000012
2022-05-17,region_2,0.951,0.591,0.5,96.1,99.0,0,5,137,1,91.60000000000008,164.2000000000001
2022-05-18,region_2,0.951,0.591,2.0,91.8,98.8,0,5,138,1,5.200000000000071,160.5000000000001
2022-05-19,region_2,0.951,0.591,3.7,85.9,97.7,0,5,139,1,6.200000000000071,163.10000000000014
2022-05-20,region_2,0.951,0.591,17.0,85.6,99.1,0,5,140,1,22.70000000000007,132.0000000000001
2022-05-21,region_2,0.951,0.591,7.5,90.1,100.0,0,5,141,1,28.20000000000007,121.80000000000013
2022-05-22,region_2,0.951,0.591,3.0,87.9,100.0,0,5,142,1,27.50000000000007,36.40000000000011
2022-05-23,region_2,0.951,0.591,1.3,88.3,99.6,0,5,143,1,11.800000000000072,35.00000000000011
2022-05-24,region_2,0.951,0.591,3.4,82.9,97.6,0,5,144,1,7.700000000000071,37.90000000000011
2022-05-25,region_2,0.951,0.591,2.7,78.2,98.4,0,5,145,1,7.400000000000071,38.60000000000011
2022-05-26,region_2,0.951,0.591,3.4,75.4,97.2,0,5,146,1,9.500000000000071,38.30000000000011
2022-05-27,region_2,0.951,0.591,17.6,74.6,95.8,0,5,147,1,23.700000000000074,38.90000000000012
2022-05-28,region_2,0.951,0.591,3.6,78.8,100.0,0,5,148,1,24.600000000000076,35.000000000000114
2022-05-29,region_2,0.951,0.591,0.7,78.4,98.8,0,5,149,1,21.900000000000073,32.70000000000012
2022-05-30,region_2,0.951,0.591,5.1,73.4,98.0,0,5,150,1,9.40000000000007,36.500000000000114
2022-05-31,region_2,0.951,0.591,17.8,73.3,98.1,0,5,151,1,23.600000000000072,50.90000000000012
2022-06-01,region_2,0.951,0.591,46.9,78.4,100.0,0,6,152,1,69.80000000000007,95.10000000000011
2022-06-02,region_2,0.951,0.591,1.3,98.6,99.0,0,6,153,1,66.00000000000007,93.00000000000011
2022-06-03,region_2,0.951,0.591,1.6,95.4,100.0,0,6,154,1,49.80000000000006,77.00000000000011
2022-06-04,region_2,0.951,0.591,18.3,91.8,97.3,0,6,155,1,21.20000000000007,91.70000000000012
2022-06-05,region_2,0.951,0.591,3.7,96.3,97.5,0,6,156,1,23.60000000000007,94.70000000000012
2022-06-06,region_2,0.951,0.591,2.1,94.9,100.0,0,6,157,1,24.100000000000072,91.7000000000001
2022-06-07,region_2,0.951,0.591,40.9,87.4,100.0,0,6,158,1,46.700000000000074,114.8000000000001
2022-06-08,region_2,0.951,0.591,13.7,99.3,98.8,0,6,159,1,56.70000000000006,81.60000000000011
2022-06-09,region_2,0.951,0.591,1.6,100.0,100.0,0,6,160,1,56.20000000000007,81.90000000000012
2022-06-10,region_2,0.951,0.591,7.9,95.0,100.0,0,6,161,1,23.20000000000007,88.2000000000001
2022-06-11,region_2,0.951,0.591,10.0,96.7,100.0,0,6,162,1,19.50000000000007,79.9000000000001
2022-06-12,region_2,0.951,0.591,22.0,95.3,100.0,0,6,163,1,39.90000000000007,98.2000000000001
2022-06-13,region_2,0.951,0.591,2.5,99.6,100.0,0,6,164,1,34.50000000000007,98.60000000000011
2022-06-14,region_2,0.951,0.591,5.5,96.6,100.0,0,6,165,1,30.00000000000007,63.20000000000012
2022-06-15,region_2,0.951,0.591,1.5,92.3,99.9,0,6,166,1,9.500000000000071,51.000000000000114
2022-06-16,region_2,0.951,0.591,91.3,87.1,98.1,1,6,167,1,98.30000000000007,140.7000000000001
2022-06-17,region_2,0.951,0.591,0.7,100.0,99.7,0,6,168,1,93.50000000000007,133.5000000000001
2022-06-18,region_2,0.951,0.591,5.0,92.9,99.7,0,6,169,1,97.00000000000007,128.5000000000001
2022-06-19,region_2,0.951,0.591,1.7,93.6,100.0,0,6,170,1,7.400000000000071,108.20000000000012
2022-06-20,region_2,0.951,0.591,7.8,84.2,99.3,0,6,171,1,14.500000000000071,113.50000000000011
2022-06-21,region_2,0.951,0.591,28.7,88.4,99.7,0,6,172,1,38.200000000000074,136.7000000000001
2022-06-22,region_2,0.951,0.591,63.8,100.0,100.0,1,6,173,1,100.30000000000007,199.0000000000001
2022-06-23,region_2,0.951,0.591,1.5,100.0,100.0,0,6,174,1,94.00000000000007,109.2000000000001
2022-06-24,region_2,0.951,0.591,6.6,94.6,99.9,0,6,175,1,71.90000000000006,115.10000000000011
2022-06-25,region_2,0.951,0.591,2.2,96.2,98.8,0,6,176,1,10.300000000000072,112.30000000000011
2022-06-26,region_2,0.951,0.591,5.6,91.7,99.6,0,6,177,1,14.40000000000007,116.2000000000001
2022-06-27,region_2,0.951,0.591,25.9,87.7,100.0,0,6,178,1,33.70000000000007,134.3000000000001
2022-06-28,region_2,0.951,0.591,4.9,100.0,98.6,0,6,179,1,36.40000000000007,110.50000000000011
2022-06-29,region_2,0.951,0.591,35.7,96.0,100.0,0,6,180,1,66.50000000000007,82.40000000000012
2022-06-30,region_2,0.951,0.591,28.9,97.7,100.0,0,6,181,1,69.50000000000007,109.80000000000011
2022-07-01,region_2,0.951,0.591,131.2,100.0,100.0,1,7,182,1,195.80000000000007,234.4000000000001
2022-07-02,region_2,0.951,0.591,9.3,100.0,100.0,0,7,183,1,169.4000000000001,241.50000000000009
2022-07-03,region_2,0.951,0.591,4.3,98.2,100.0,0,7,184,1,144.80000000000007,240.20000000000007
2022-07-04,region_2,0.951,0.591,38.5,96.9,100.0,0,7,185,1,52.10000000000009,252.80000000000007
2022-07-05,region_2,0.951,0.591,8.4,98.2,100.0,0,7,186,1,51.20000000000008,256.3000000000001
2022-07-06,region_2,0.951,0.591,27.1,99.2,99.0,0,7,187,1,74.00000000000009,247.70000000000007
2022-07-07,region_2,0.951,0.591,27.0,99.3,99.0,0,7,188,1,62.500000000000085,245.80000000000007
2022-07-08,region_2,0.951,0.591,13.5,100.0,100.0,0,7,189,1,67.60000000000008,128.10000000000008
2022-07-09,region_2,0.951,0.591,10.9,99.2,99.5,0,7,190,1,51.400000000000084,129.7000000000001
2022-07-10,region_2,0.951,0.591,2.2,98.1,99.5,0,7,191,1,26.600000000000087,127.6000000000001
2022-07-11,region_2,0.951,0.591,0.2,98.0,96.9,0,7,192,1,13.300000000000086,89.30000000000008
2022-07-12,region_2,0.951,0.591,97.6,90.5,98.4,0,7,193,1,100.00000000000009,178.50000000000009
2022-07-13,region_2,0.951,0.591,148.3,100.0,98.9,1,7,194,1,246.10000000000008,299.7000000000001
2022-07-14,region_2,0.951,0.591,67.8,100.0,99.2,1,7,195,1,313.7000000000001,340.5000000000001
2022-07-15,region_2,0.951,0.591,2.6,100.0,100.0,0,7,196,1,218.70000000000007,329.6000000000001
2022-07-16,region_2,0.951,0.591,15.2,96.8,97.7,0,7,197,1,85.60000000000005,333.9000000000001
2022-07-17,region_2,0.951,0.591,90.0,100.0,100.0,1,7,198,1,107.80000000000005,421.70000000000005
2022-07-18,region_2,0.951,0.591,124.8,100.0,99.2,1,7,199,1,230.00000000000006,546.3000000000001
2022-07-19,region_2,0.951,0.591,32.3,99.3,99.9,0,7,200,1,247.10000000000002,481.00000000000006
2022-07-20,region_2,0.951,0.591,7.9,100.0,99.2,0,7,201,1,165.00000000000003,340.6
2022-07-21,region_2,0.951,0.591,101.4,99.0,98.7,0,7,202,1,141.60000000000008,374.2000000000001
2022-07-22,region_2,0.951,0.591,2.4,100.0,99.2,0,7,203,1,111.70000000000007,374.00000000000006
2022-07-23,region_2,0.951,0.591,39.0,96.4,99.0,0,7,204,1,142.80000000000007,397.80000000000007
2022-07-24,region_2,0.951,0.591,1.0,100.0,98.8,0,7,205,1,42.400000000000055,308.80000000000007
2022-07-25,region_2,0.951,0.591,124.7,92.9,100.0,1,7,206,1,164.70000000000005,308.70000000000005
2022-07-26,region_2,0.951,0.591,12.5,100.0,99.0,0,7,207,1,138.20000000000005,288.9000000000001
2022-07-27,region_2,0.951,0.591,127.0,98.5,98.1,0,7,208,1,264.20000000000005,408.0000000000001
2022-07-28,region_2,0.951,0.591,136.7,100.0,97.9,1,7,209,1,276.20000000000005,443.30000000000007
2022-07-29,region_2,0.951,0.591,10.0,100.0,100.0,0,7,210,1,273.70000000000005,450.9000000000001
2022-07-30,region_2,0.951,0.591,4.1,100.0,98.3,0,7,211,1,150.80000000000004,416.00000000000006
2022-07-31,region_2,0.951,0.591,29.8,97.5,99.8,0,7,212,1,43.900000000000055,444.80000000000007
2022-08-01,region_2,0.951,0.591,13.3,100.0,100.0,0,8,213,1,47.20000000000006,333.4000000000001
2022-08-02,region_2,0.951,0.591,0.9,98.4,100.0,0,8,214,1,44.00000000000006,321.80000000000007
2022-08-03,region_2,0.951,0.591,1.0,95.3,99.0,0,8,215,1,15.200000000000058,195.80000000000007
2022-08-04,region_2,0.951,0.591,41.6,87.9,97.0,0,8,216,1,43.50000000000006,100.70000000000009
2022-08-05,region_2,0.951,0.591,122.2,100.0,100.0,0,8,217,1,164.80000000000007,212.9000000000001
2022-08-06,region_2,0.951,0.591,38.8,98.4,99.8,0,8,218,1,202.60000000000005,247.60000000000008
2022-08-07,region_2,0.951,0.591,4.7,98.5,100.0,0,8,219,1,165.70000000000005,222.50000000000009
2022-08-08,region_2,0.951,0.591,14.5,98.9,100.0,0,8,220,1,58.00000000000004,223.7000000000001
2022-08-09,region_2,0.951,0.591,3.2,100.0,99.6,0,8,221,1,22.40000000000004,226.00000000000009
2022-08-10,region_2,0.951,0.591,30.3,98.2,99.2,0,8,222,1,48.00000000000004,255.3000000000001
2022-08-11,region_2,0.951,0.591,66.1,99.5,99.9,1,8,223,1,99.60000000000004,279.80000000000007
2022-08-12,region_2,0.951,0.591,12.9,98.5,100.0,0,8,224,1,109.30000000000004,170.50000000000009
2022-08-13,region_2,0.951,0.591,97.1,99.4,99.7,1,8,225,1,176.10000000000002,228.8000000000001
2022-08-14,region_2,0.951,0.591,1.3,100.0,100.0,0,8,226,1,111.30000000000004,225.4000000000001
2022-08-15,region_2,0.951,0.591,7.6,94.7,99.3,0,8,227,1,106.00000000000004,218.50000000000009
2022-08-16,region_2,0.951,0.591,128.0,92.8,100.0,1,8,228,1,136.90000000000003,343.30000000000007
2022-08-17,region_2,0.951,0.591,47.0,100.0,100.0,0,8,229,1,182.60000000000002,360.0000000000001
2022-08-18,region_2,0.951,0.591,7.8,100.0,99.1,0,8,230,1,182.80000000000004,301.70000000000005
2022-08-19,region_2,0.951,0.591,4.6,100.0,97.8,0,8,231,1,59.40000000000004,293.4000000000001
2022-08-20,region_2,0.951,0.591,16.8,93.4,100.0,0,8,232,1,29.200000000000042,213.10000000000008
2022-08-21,region_2,0.951,0.591,0.5,98.8,99.3,0,8,233,1,21.90000000000004,212.30000000000007
2022-08-22,region_2,0.951,0.591,38.0,94.6,97.9,0,8,234,1,55.30000000000004,242.7000000000001
2022-08-23,region_2,0.951,0.591,81.8,100.0,99.0,0,8,235,1,120.30000000000004,196.50000000000009
2022-08-24,region_2,0.951,0.591,47.7,99.3,99.5,1,8,236,1,167.50000000000006,197.2000000000001
2022-08-25,region_2,0.951,0.591,11.8,98.7,99.5,0,8,237,1,141.30000000000004,201.20000000000007
2022-08-26,region_2,0.951,0.591,0.2,98.5,99.9,0,8,238,1,59.700000000000045,196.8000000000001
2022-08-27,region_2,0.951,0.591,0.3,97.0,97.5,0,8,239,1,12.300000000000043,180.3000000000001
2022-08-28,region_2,0.951,0.591,28.6,86.2,95.6,0,8,240,1,29.100000000000044,208.4000000000001
2022-08-29,region_2,0.951,0.591,17.7,97.7,100.0,0,8,241,1,46.600000000000044,188.1000000000001
2022-08-30,region_2,0.951,0.591,71.5,98.2,100.0,0,8,242,1,117.80000000000004,177.8000000000001
2022-08-31,region_2,0.951,0.591,13.0,100.0,100.0,0,8,243,1,102.20000000000005,143.10000000000008
2022-09-01,region_2,0.951,0.591,4.4,99.6,100.0,0,9,244,1,88.90000000000005,135.7000000000001
2022-09-02,region_2,0.951,0.591,2.3,98.2,99.1,0,9,245,1,19.700000000000042,137.80000000000007
2022-09-03,region_2,0.951,0.591,4.3,91.9,100.0,0,9,246,1,11.000000000000043,141.8000000000001
2022-09-04,region_2,0.951,0.591,32.0,91.3,100.0,0,9,247,1,38.600000000000044,145.2000000000001
2022-09-05,region_2,0.951,0.591,37.2,100.0,100.0,0,9,248,1,73.50000000000006,164.7000000000001
2022-09-06,region_2,0.951,0.591,2.7,100.0,98.2,0,9,249,1,71.90000000000005,95.9000000000001
2022-09-07,region_2,0.951,0.591,8.2,98.3,99.3,0,9,250,1,48.100000000000044,91.10000000000011
2022-09-08,region_2,0.951,0.591,1.3,94.4,100.0,0,9,251,1,12.200000000000042,88.0000000000001
2022-09-09,region_2,0.951,0.591,57.8,90.9,97.9,0,9,252,1,67.30000000000004,143.50000000000009
2022-09-10,region_2,0.951,0.591,29.1,100.0,99.3,0,9,253,1,88.20000000000005,168.30000000000013
2022-09-11,region_2,0.951,0.591,22.8,100.0,98.6,0,9,254,1,109.70000000000005,159.1000000000001
2022-09-12,region_2,0.951,0.591,9.4,100.0,99.6,0,9,255,1,61.30000000000005,131.3000000000001
2022-09-13,region_2,0.951,0.591,0.0,100.0,99.2,0,9,256,1,32.200000000000045,128.6000000000001
2022-09-14,region_2,0.951,0.591,54.8,95.1,95.6,0,9,257,1,64.20000000000005,175.2000000000001
2022-09-15,region_2,0.951,0.591,18.7,100.0,100.0,0,9,258,1,73.50000000000004,192.6000000000001
2022-09-16,region_2,0.951,0.591,3.9,100.0,100.0,0,9,259,1,77.40000000000005,138.7000000000001
2022-09-17,region_2,0.951,0.591,47.0,98.3,98.7,0,9,260,1,69.60000000000005,156.6000000000001
2022-09-18,region_2,0.951,0.591,6.4,99.8,100.0,0,9,261,1,57.30000000000005,140.2000000000001
2022-09-19,region_2,0.951,0.591,0.5,97.9,100.0,0,9,262,1,53.90000000000005,131.30000000000013
2022-09-20,region_2,0.951,0.591,5.8,90.7,99.5,0,9,263,1,12.700000000000049,137.1000000000001
2022-09-21,region_2,0.951,0.591,4.7,93.0,100.0,0,9,264,1,11.00000000000005,87.0000000000001
2022-09-22,region_2,0.951,0.591,1.7,91.5,99.2,0,9,265,1,12.200000000000049,70.0000000000001
2022-09-23,region_2,0.951,0.591,50.8,83.5,99.8,0,9,266,0,57.200000000000045,116.9000000000001
2022-09-24,region_2,0.951,0.591,3.1,99.1,100.0,0,9,267,0,55.600000000000044,73.00000000000009
2022-09-25,region_2,0.951,0.591,3.4,97.0,100.0,0,9,268,0,57.30000000000005,70.0000000000001
2022-09-26,region_2,0.951,0.591,26.7,92.7,100.0,0,9,269,0,33.200000000000045,96.2000000000001
2022-09-27,region_2,0.951,0.591,19.7,100.0,100.0,0,9,270,0,49.80000000000005,110.10000000000011
2022-09-28,region_2,0.951,0.591,2.8,100.0,100.0,0,9,271,0,49.200000000000045,108.2000000000001
2022-09-29,region_2,0.951,0.591,0.9,96.0,99.2,0,9,272,0,23.40000000000005,107.40000000000009
2022-09-30,region_2,0.951,0.591,0.5,91.6,98.7,0,9,273,0,4.20000000000005,57.1000000000001
2022-10-01,region_2,0.951,0.591,31.6,84.2,95.8,0,10,274,0,33.00000000000005,85.6000000000001
2022-10-02,region_2,0.951,0.591,2.4,100.0,100.0,0,10,275,0,34.50000000000005,84.60000000000011
2022-10-03,region_2,0.951,0.591,44.2,93.6,99.1,0,10,276,0,78.20000000000005,102.10000000000011
2022-10-04,region_2,0.951,0.591,9.0,98.1,100.0,0,10,277,0,55.60000000000005,91.4000000000001
2022-10-05,region_2,0.951,0.591,0.8,99.2,99.7,0,10,278,0,54.00000000000005,89.4000000000001
2022-10-06,region_2,0.951,0.591,22.6,95.3,98.6,0,10,279,0,32.40000000000005,111.10000000000011
2022-10-07,region_2,0.951,0.591,58.7,100.0,99.5,0,10,280,0,82.10000000000005,169.30000000000013
2022-10-08,region_2,0.951,0.591,4.8,98.8,99.3,0,10,281,0,86.10000000000005,142.5000000000001
2022-10-09,region_2,0.951,0.591,52.8,98.2,99.5,1,10,282,0,116.30000000000004,192.9000000000001
2022-10-10,region_2,0.951,0.591,37.0,100.0,100.0,0,10,283,0,94.60000000000004,185.7000000000001
2022-10-11,region_2,0.951,0.591,53.5,100.0,100.0,0,10,284,0,143.30000000000004,230.2000000000001
2022-10-12,region_2,0.951,0.591,3.9,98.7,99.6,0,10,285,0,94.40000000000005,233.3000000000001
2022-10-13,region_2,0.951,0.591,23.0,99.1,100.0,0,10,286,0,80.40000000000003,233.7000000000001
2022-10-14,region_2,0.951,0.591,0.0,100.0,99.5,0,10,287,0,26.90000000000004,175.00000000000009
2022-10-15,region_2,0.951,0.591,1.9,95.2,98.0,0,10,288,0,24.90000000000004,172.10000000000008
2022-10-16,region_2,0.951,0.591,0.4,90.4,99.1,0,10,289,0,2.3000000000000425,119.7000000000001
2022-10-17,region_2,0.951,0.591,35.0,85.2,95.1,0,10,290,0,37.30000000000004,117.7000000000001
2022-10-18,region_2,0.951,0.591,3.1,100.0,99.7,0,10,291,0,38.50000000000004,67.3000000000001
2022-10-19,region_2,0.951,0.591,0.8,93.6,98.8,0,10,292,0,38.90000000000004,64.2000000000001
2022-10-20,region_2,0.951,0.591,42.4,89.4,98.1,0,10,293,0,46.30000000000004,83.6000000000001
2022-10-21,region_2,0.951,0.591,6.8,99.8,100.0,0,10,294,0,50.000000000000036,90.40000000000009
2022-10-22,region_2,0.951,0.591,5.0,96.5,99.5,0,10,295,0,54.20000000000004,93.50000000000009
2022-10-23,region_2,0.951,0.591,2.4,97.5,98.9,0,10,296,0,14.200000000000042,95.5000000000001
2022-10-24,region_2,0.951,0.591,2.6,91.7,100.0,0,10,297,0,10.000000000000043,63.100000000000094
2022-10-25,region_2,0.951,0.591,2.4,89.9,100.0,0,10,298,0,7.400000000000043,62.4000000000001
2022-10-26,region_2,0.951,0.591,1.0,84.6,99.9,0,10,299,0,6.000000000000043,62.6000000000001
2022-10-27,region_2,0.951,0.591,24.3,77.0,96.6,0,10,300,0,27.700000000000045,44.5000000000001
2022-10-28,region_2,0.951,0.591,1.5,95.3,100.0,0,10,301,0,26.800000000000043,39.2000000000001
2022-10-29,region_2,0.951,0.591,3.0,88.1,98.6,0,10,302,0,28.800000000000043,37.2000000000001
2022-10-30,region_2,0.951,0.591,0.5,88.0,98.1,0,10,303,0,5.000000000000043,35.3000000000001
2022-10-31,region_2,0.951,0.591,3.6,83.3,98.4,0,10,304,0,7.100000000000042,36.300000000000104
2022-11-01,region_2,0.951,0.591,2.2,81.3,98.2,0,11,305,0,6.300000000000043,36.100000000000094
2022-11-02,region_2,0.951,0.591,0.3,77.4,95.5,0,11,306,0,6.100000000000043,35.4000000000001
2022-11-03,region_2,0.951,0.591,4.5,72.0,93.2,0,11,307,0,7.000000000000043,15.600000000000101
2022-11-04,region_2,0.951,0.591,6.6,70.1,94.1,0,11,308,0,11.400000000000041,20.7000000000001
2022-11-05,region_2,0.951,0.591,0.6,74.3,92.5,0,11,309,0,11.700000000000042,18.3000000000001
2022-11-06,region_2,0.951,0.591,0.6,68.0,94.8,0,11,310,0,7.8000000000000425,18.400000000000098
2022-11-07,region_2,0.951,0.591,1.8,63.3,89.5,0,11,311,0,3.0000000000000426,16.6000000000001
2022-11-08,region_2,0.951,0.591,2.3,62.1,89.7,0,11,312,0,4.700000000000042,16.7000000000001
2022-11-09,region_2,0.951,0.591,1.5,61.0,88.1,0,11,313,0,5.600000000000042,17.900000000000098
2022-11-10,region_2,0.951,0.591,0.1,58.5,85.9,0,11,314,0,3.9000000000000425,13.500000000000098
2022-11-11,region_2,0.951,0.591,0.1,51.7,84.2,0,11,315,0,1.7000000000000426,7.0000000000000995
2022-11-12,region_2,0.951,0.591,25.2,51.8,84.6,0,11,316,0,25.40000000000004,31.6000000000001
2022-11-13,region_2,0.951,0.591,0.7,64.0,87.1,0,11,317,0,26.00000000000004,31.700000000000095
2022-11-14,region_2,0.951,0.591,1.6,59.1,84.5,0,11,318,0,27.500000000000043,31.5000000000001
2022-11-15,region_2,0.951,0.591,0.6,55.9,83.4,0,11,319,0,2.9000000000000425,29.800000000000097
2022-11-16,region_2,0.951,0.591,1.0,56.3,81.6,0,11,320,0,3.200000000000043,29.300000000000097
2022-11-17,region_2,0.951,0.591,2.1,53.7,81.9,0,11,321,0,3.700000000000043,31.300000000000097
2022-11-18,region_2,0.951,0.591,0.3,52.2,80.8,0,11,322,0,3.400000000000042,31.5000000000001
2022-11-19,region_2,0.951,0.591,0.9,45.0,78.8,0,11,323,0,3.3000000000000425,7.2000000000001
2022-11-20,region_2,0.951,0.591,1.0,44.3,77.1,0,11,324,0,2.200000000000042,7.5000000000000995
2022-11-21,region_2,0.951,0.591,0.5,42.8,76.1,0,11,325,0,2.400000000000042,6.4000000000001
2022-11-22,region_2,0.951,0.591,0.0,42.6,72.3,0,11,326,0,1.5000000000000422,5.800000000000099
2022-11-23,region_2,0.951,0.591,1.9,39.1,72.8,0,11,327,0,2.400000000000042,6.700000000000099
2022-11-24,region_2,0.951,0.591,0.4,36.5,72.3,0,11,328,0,2.300000000000042,5.0000000000000995
2022-11-25,region_2,0.951,0.591,0.1,35.1,70.1,0,11,329,0,2.400000000000042,4.800000000000099
2022-11-26,region_2,0.951,0.591,0.2,33.8,68.5,0,11,330,0,0.7000000000000423,4.100000000000099
2022-11-27,region_2,0.951,0.591,0.0,32.0,66.5,0,11,331,0,0.30000000000004223,3.100000000000099
2022-11-28,region_2,0.951,0.591,2.1,31.5,65.2,0,11,332,0,2.3000000000000425,4.700000000000099
2022-11-29,region_2,0.951,0.591,1.0,31.1,64.0,0,11,333,0,3.1000000000000423,5.700000000000099
2022-11-30,region_2,0.951,0.591,0.0,29.9,63.5,0,11,334,0,3.1000000000000423,3.8000000000000997
2022-12-01,region_2,0.951,0.591,1.8,25.1,61.6,0,12,335,0,2.8000000000000425,5.2000000000001
2022-12-02,region_2,0.951,0.591,0.9,24.8,59.1,0,12,336,0,2.7000000000000424,6.0000000000000995
2022-12-03,region_2,0.951,0.591,0.0,23.5,60.5,0,12,337,0,2.7000000000000424,5.800000000000099
2022-12-04,region_2,0.951,0.591,7.9,24.1,59.0,0,12,338,0,8.800000000000043,13.700000000000099
2022-12-05,region_2,0.951,0.591,0.1,26.5,58.0,0,12,339,0,8.000000000000043,11.7000000000001
2022-12-06,region_2,0.951,0.591,1.4,26.5,55.5,0,12,340,0,9.400000000000041,12.100000000000101
2022-12-07,region_2,0.951,0.591,0.4,26.3,54.9,0,12,341,0,1.9000000000000417,12.5000000000001
2022-12-08,region_2,0.951,0.591,10.4,24.3,54.8,0,12,342,0,12.200000000000042,21.1000000000001
2022-12-09,region_2,0.951,0.591,1.1,30.6,53.6,0,12,343,0,11.900000000000041,21.3000000000001
2022-12-10,region_2,0.951,0.591,0.7,27.3,51.8,0,12,344,0,12.200000000000042,22.0000000000001
2022-12-11,region_2,0.951,0.591,3.4,24.8,52.8,0,12,345,0,5.200000000000041,17.5000000000001
2022-12-12,region_2,0.951,0.591,1.2,26.4,49.8,0,12,346,0,5.300000000000041,18.6000000000001
2022-12-13,region_2,0.951,0.591,0.8,28.1,46.7,0,12,347,0,5.400000000000041,18.0000000000001
2022-12-14,region_2,0.951,0.591,0.8,28.5,48.9,0,12,348,0,2.8000000000000407,18.4000000000001
2022-12-15,region_2,0.951,0.591,0.6,27.0,47.9,0,12,349,0,2.200000000000041,8.6000000000001
2022-12-16,region_2,0.951,0.591,0.4,23.5,46.9,0,12,350,0,1.800000000000041,7.9000000000001
2022-12-17,region_2,0.951,0.591,14.8,24.0,46.3,0,12,351,0,15.800000000000042,22.0000000000001
2022-12-18,region_2,0.951,0.591,0.4,28.1,45.0,0,12,352,0,15.600000000000042,19.0000000000001
2022-12-19,region_2,0.951,0.591,1.5,30.9,45.7,0,12,353,0,16.700000000000042,19.300000000000097
2022-12-20,region_2,0.951,0.591,0.0,28.9,42.5,0,12,354,0,1.9000000000000408,18.5000000000001
2022-12-21,region_2,0.951,0.591,1.2,27.6,43.0,0,12,355,0,2.700000000000041,18.9000000000001
2022-12-22,region_2,0.951,0.591,0.1,22.8,41.5,0,12,356,0,1.300000000000041,18.400000000000098
2022-12-23,region_2,0.951,0.591,0.0,24.9,42.3,0,12,357,0,1.300000000000041,18.0000000000001
2022-12-24,region_2,0.951,0.591,0.3,25.5,39.7,0,12,358,0,0.4000000000000409,3.5000000000000977
2022-12-25,region_2,0.951,0.591,36.8,22.0,39.8,0,12,359,0,37.10000000000004,39.9000000000001
2022-12-26,region_2,0.951,0.591,11.9,45.0,40.4,0,12,360,0,49.000000000000036,50.3000000000001
2022-12-27,region_2,0.951,0.591,0.2,52.1,41.6,0,12,361,0,48.90000000000004,50.5000000000001
2022-12-28,region_2,0.951,0.591,0.8,48.4,39.9,0,12,362,0,12.900000000000043,50.100000000000094
2022-12-29,region_2,0.951,0.591,0.8,47.3,40.3,0,12,363,0,1.8000000000000427,50.800000000000104
2022-12-30,region_2,0.951,0.591,0.0,43.0,39.3,0,12,364,0,1.6000000000000427,50.800000000000104
2022-12-31,region_2,0.951,0.591,0.6,42.7,38.8,0,12,365,0,1.4000000000000425,51.100000000000094
2023-01-01,region_2,0.951,0.591,1.3,41.7,39.3,0,1,1,0,1.9000000000000428,15.600000000000101
2023-01-02,region_2,0.951,0.591,0.2,37.7,37.3,0,1,2,0,2.1000000000000427,3.9000000000001
2023-01-03,region_2,0.951,0.591,3.8,36.7,35.4,0,1,3,0,5.3000000000000425,7.5000000000000995
2023-01-04,region_2,0.951,0.591,0.6,36.8,38.0,0,1,4,0,4.600000000000042,7.300000000000099
2023-01-05,region_2,0.951,0.591,0.1,35.7,36.3,0,1,5,0,4.500000000000043,6.6000000000001
2023-01-06,region_2,0.951,0.591,0.1,34.4,35.3,0,1,6,0,0.8000000000000427,6.7000000000001
2023-01-07,region_2,0.951,0.591,0.4,31.7,33.8,0,1,7,0,0.6000000000000427,6.5000000000000995
2023-01-08,region_2,0.951,0.591,0.7,30.8,34.1,0,1,8,0,1.2000000000000428,5.9000000000001
2023-01-09,region_2,0.951,0.591,5.1,29.0,30.6,0,1,9,0,6.200000000000042,10.8000000000001
2023-01-10,region_2,0.951,0.591,0.7,32.2,33.8,0,1,10,0,6.500000000000042,7.7000000000001
2023-01-11,region_2,0.951,0.591,0.4,30.2,32.6,0,1,11,0,6.200000000000042,7.5000000000000995
2023-01-12,region_2,0.951,0.591,0.0,28.6,30.9,0,1,12,0,1.1000000000000427,7.400000000000099
2023-01-13,region_2,0.951,0.591,0.4,27.5,31.3,0,1,13,0,0.8000000000000427,7.7000000000001
2023-01-14,region_2,0.951,0.591,0.2,25.0,30.5,0,1,14,0,0.6000000000000427,7.5000000000000995
2023-01-15,region_2,0.951,0.591,1.1,24.4,28.2,0,1,15,0,1.7000000000000428,7.9000000000001
2023-01-16,region_2,0.951,0.591,35.2,21.8,28.9,0,1,16,0,36.50000000000004,38.0000000000001
2023-01-17,region_2,0.951,0.591,0.9,49.6,30.0,0,1,17,0,37.20000000000004,38.200000000000095
2023-01-18,region_2,0.951,0.591,0.2,50.0,29.0,0,1,18,0,36.30000000000005,38.0000000000001
2023-01-19,region_2,0.951,0.591,0.8,45.7,28.4,0,1,19,0,1.9000000000000428,38.8000000000001
2023-01-20,region_2,0.951,0.591,0.4,47.4,29.0,0,1,20,0,1.4000000000000425,38.8000000000001
2023-01-21,region_2,0.951,0.591,0.4,40.9,27.8,0,1,21,0,1.6000000000000427,39.0000000000001
2023-01-22,region_2,0.951,0.591,2.3,40.9,29.0,0,1,22,0,3.1000000000000423,40.2000000000001
2023-01-23,region_2,0.951,0.591,0.3,37.9,26.3,0,1,23,0,3.000000000000042,5.300000000000099
2023-01-24,region_2,0.951,0.591,0.1,36.7,26.8,0,1,24,0,2.7000000000000424,4.5000000000000995
2023-01-25,region_2,0.951,0.591,1.1,32.8,25.0,0,1,25,0,1.5000000000000426,5.4000000000001
2023-01-26,region_2,0.951,0.591,1.7,31.4,26.2,0,1,26,0,2.9000000000000425,6.300000000000099
2023-01-27,region_2,0.951,0.591,0.3,32.8,24.0,0,1,27,0,3.1000000000000423,6.2000000000001
2023-01-28,region_2,0.951,0.591,0.1,30.0,25.0,0,1,28,0,2.1000000000000427,5.900000000000099
2023-01-29,region_2,0.951,0.591,0.4,29.9,25.4,0,1,29,0,0.8000000000000427,4.0000000000000995
2023-01-30,region_2,0.951,0.591,0.0,29.2,23.8,0,1,30,0,0.5000000000000426,3.7000000000000997
2023-01-31,region_2,0.951,0.591,3.1,23.3,22.3,0,1,31,0,3.5000000000000426,6.7000000000001
2023-02-01,region_2,0.951,0.591,1.1,27.9,23.9,0,2,32,0,4.200000000000043,6.700000000000099
2023-02-02,region_2,0.951,0.591,0.5,24.2,22.9,0,2,33,0,4.700000000000043,5.5000000000000995
2023-02-03,region_2,0.951,0.591,0.2,24.0,22.0,0,2,34,0,1.8000000000000427,5.4000000000001
2023-02-04,region_2,0.951,0.591,23.1,21.0,20.7,0,2,35,0,23.800000000000043,28.4000000000001
2023-02-05,region_2,0.951,0.591,6.4,38.7,20.4,0,2,36,0,29.700000000000045,34.400000000000105
2023-02-06,region_2,0.951,0.591,0.1,39.7,24.6,0,2,37,0,29.600000000000044,34.50000000000011
2023-02-07,region_2,0.951,0.591,0.2,39.4,21.4,0,2,38,0,6.700000000000043,31.6000000000001
2023-02-08,region_2,0.951,0.591,0.5,37.8,20.5,0,2,39,0,0.8000000000000427,31.0000000000001
2023-02-09,region_2,0.951,0.591,1.4,35.1,21.5,0,2,40,0,2.1000000000000427,31.9000000000001
2023-02-10,region_2,0.951,0.591,8.2,32.0,19.8,0,2,41,0,10.100000000000042,39.9000000000001
2023-02-11,region_2,0.951,0.591,10.6,35.8,21.7,0,2,42,0,20.200000000000042,27.400000000000098
2023-02-12,region_2,0.951,0.591,0.1,43.5,23.2,0,2,43,0,18.900000000000045,21.1000000000001
2023-02-13,region_2,0.951,0.591,0.0,42.1,20.4,0,2,44,0,10.700000000000042,21.0000000000001
2023-02-14,region_2,0.951,0.591,0.0,38.8,20.7,0,2,45,0,0.10000000000004264,20.8000000000001
2023-02-15,region_2,0.951,0.591,1.2,38.9,21.0,0,2,46,0,1.2000000000000426,21.5000000000001
2023-02-16,region_2,0.951,0.591,0.8,34.5,19.1,0,2,47,0,2.0000000000000426,20.900000000000098
2023-02-17,region_2,0.951,0.591,0.3,33.6,19.0,0,2,48,0,2.3000000000000425,13.0000000000001
2023-02-18,region_2,0.951,0.591,0.0,31.3,19.5,0,2,49,0,1.1000000000000427,2.4000000000000994
2023-02-19,region_2,0.951,0.591,0.8,28.2,21.1,0,2,50,0,1.1000000000000427,3.1000000000000996
2023-02-20,region_2,0.951,0.591,0.9,28.0,18.0,0,2,51,0,1.7000000000000428,4.0000000000000995
2023-02-21,region_2,0.951,0.591,0.1,28.4,18.2,0,2,52,0,1.8000000000000427,4.1000000000001
2023-02-22,region_2,0.951,0.591,0.6,26.9,20.6,0,2,53,0,1.6000000000000427,3.5000000000000995
2023-02-23,region_2,0.951,0.591,15.6,24.9,18.6,0,2,54,0,16.300000000000043,18.3000000000001
2023-02-24,region_2,0.951,0.591,13.7,35.6,16.3,0,2,55,0,29.90000000000004,31.700000000000095
2023-02-25,region_2,0.951,0.591,0.6,43.1,18.5,0,2,56,0,29.90000000000004,32.3000000000001
2023-02-26,region_2,0.951,0.591,0.5,40.8,19.0,0,2,57,0,14.800000000000042,32.0000000000001
2023-02-27,region_2,0.951,0.591,1.2,40.5,19.6,0,2,58,0,2.3000000000000425,32.3000000000001
2023-02-28,region_2,0.951,0.591,1.0,35.6,19.3,0,2,59,0,2.7000000000000424,33.200000000000095
2023-03-01,region_2,0.951,0.591,1.0,37.4,18.2,0,3,60,0,3.2000000000000424,33.600000000000094
2023-03-02,region_2,0.951,0.591,0.2,32.2,18.1,0,3,61,0,2.200000000000043,18.2000000000001
2023-03-03,region_2,0.951,0.591,7.3,31.4,15.8,0,3,62,0,8.500000000000043,11.8000000000001
2023-03-04,region_2,0.951,0.591,3.0,32.7,16.7,0,3,63,0,10.500000000000043,14.200000000000099
2023-03-05,region_2,0.951,0.591,33.8,35.9,16.1,0,3,64,0,44.10000000000004,47.5000000000001
2023-03-06,region_2,0.951,0.591,1.2,55.6,20.4,0,3,65,0,38.00000000000004,47.5000000000001
2023-03-07,region_2,0.951,0.591,1.4,50.0,19.6,0,3,66,0,36.40000000000004,47.9000000000001
2023-03-08,region_2,0.951,0.591,1.8,48.7,19.2,0,3,67,0,4.400000000000043,48.700000000000095
2023-03-09,region_2,0.951,0.591,0.2,46.9,20.5,0,3,68,0,3.4000000000000425,48.7000000000001
2023-03-10,region_2,0.951,0.591,0.6,44.2,19.1,0,3,69,0,2.6000000000000423,42.0000000000001
2023-03-11,region_2,0.951,0.591,8.1,40.7,19.4,0,3,70,0,8.900000000000041,47.100000000000094
2023-03-12,region_2,0.951,0.591,0.9,46.2,19.5,0,3,71,0,9.600000000000044,14.200000000000099
2023-03-13,region_2,0.951,0.591,0.5,46.3,19.4,0,3,72,0,9.500000000000043,13.5000000000001
2023-03-14,region_2,0.951,0.591,0.4,40.9,17.2,0,3,73,0,1.8000000000000427,12.5000000000001
2023-03-15,region_2,0.951,0.591,1.6,39.7,18.9,0,3,74,0,2.5000000000000426,12.300000000000098
2023-03-16,region_2,0.951,0.591,0.5,38.3,18.2,0,3,75,0,2.5000000000000426,12.6000000000001
2023-03-17,region_2,0.951,0.591,0.6,35.4,17.0,0,3,76,0,2.700000000000043,12.6000000000001
2023-03-18,region_2,0.951,0.591,69.9,34.6,17.8,0,3,77,0,71.00000000000004,74.4000000000001
2023-03-19,region_2,0.951,0.591,0.7,86.2,23.9,0,3,78,0,71.20000000000005,74.2000000000001
2023-03-20,region_2,0.951,0.591,0.6,82.6,22.4,0,3,79,0,71.20000000000005,74.3000000000001
2023-03-21,region_2,0.951,0.591,0.9,77.3,21.5,0,3,80,0,2.200000000000043,74.80000000000011
2023-03-22,region_2,0.951,0.591,0.7,71.3,21.6,0,3,81,0,2.200000000000043,73.9000000000001
2023-03-23,region_2,0.951,0.591,0.2,66.7,20.7,0,3,82,0,1.8000000000000425,73.6000000000001
2023-03-24,region_2,0.951,0.591,0.1,62.1,21.5,0,3,83,0,1.0000000000000426,73.10000000000011
2023-03-25,region_2,0.951,0.591,0.6,60.7,21.8,0,3,84,0,0.9000000000000427,3.8000000000000993
2023-03-26,region_2,0.951,0.591,1.1,59.2,22.7,0,3,85,0,1.8000000000000427,4.200000000000099
2023-03-27,region_2,0.951,0.591,0.1,54.2,20.0,0,3,86,0,1.800000000000043,3.7000000000000997
2023-03-28,region_2,0.951,0.591,2.1,51.6,20.8,0,3,87,0,3.300000000000043,4.9000000000001
2023-03-29,region_2,0.951,0.591,25.3,49.6,20.4,0,3,88,0,27.500000000000043,29.5000000000001
2023-03-30,region_2,0.951,0.591,1.5,64.7,24.5,0,3,89,0,28.90000000000004,30.800000000000104
2023-03-31,region_2,0.951,0.591,0.4,66.6,22.9,0,3,90,0,27.200000000000042,31.1000000000001
2023-04-01,region_2,0.951,0.591,1.0,58.4,23.1,0,4,91,0,2.9000000000000425,31.5000000000001
2023-04-02,region_2,0.951,0.591,29.9,54.8,25.6,0,4,92,0,31.30000000000004,60.3000000000001
2023-04-03,region_2,0.951,0.591,0.7,70.9,32.5,0,4,93,0,31.60000000000004,60.9000000000001
2023-04-04,region_2,0.951,0.591,8.9,68.4,31.4,0,4,94,0,39.50000000000004,67.7000000000001
2023-04-05,region_2,0.951,0.591,2.3,68.7,33.7,0,4,95,0,11.900000000000041,44.7000000000001
2023-04-06,region_2,0.951,0.591,1.7,67.6,34.4,0,4,96,0,12.900000000000043,44.9000000000001
2023-04-07,region_2,0.951,0.591,2.9,63.1,33.2,0,4,97,0,6.900000000000042,47.4000000000001
2023-04-08,region_2,0.951,0.591,0.6,61.2,33.4,0,4,98,0,5.200000000000042,47.0000000000001
2023-04-09,region_2,0.951,0.591,2.5,57.7,32.7,0,4,99,0,6.000000000000043,19.6000000000001
2023-04-10,region_2,0.951,0.591,0.1,56.9,33.5,0,4,100,0,3.200000000000043,19.000000000000103
2023-04-11,region_2,0.951,0.591,0.6,54.7,31.5,0,4,101,0,3.200000000000043,10.700000000000102
2023-04-12,region_2,0.951,0.591,1.4,52.0,31.5,0,4,102,0,2.1000000000000423,9.800000000000102
2023-04-13,region_2,0.951,0.591,1.0,51.0,32.2,0,4,103,0,3.0000000000000426,9.100000000000103
2023-04-14,region_2,0.951,0.591,2.2,44.8,30.9,0,4,104,0,4.600000000000043,8.400000000000103
2023-04-15,region_2,0.951,0.591,1.0,43.9,29.3,0,4,105,0,4.200000000000043,8.800000000000104
2023-04-16,region_2,0.951,0.591,1.6,42.2,30.2,0,4,106,0,4.800000000000043,7.900000000000103
2023-04-17,region_2,0.951,0.591,1.3,42.3,30.7,0,4,107,0,3.900000000000043,9.100000000000103
2023-04-18,region_2,0.951,0.591,0.3,39.0,29.9,0,4,108,0,3.200000000000043,8.800000000000104
2023-04-19,region_2,0.951,0.591,16.6,37.2,27.5,0,4,109,0,18.200000000000045,24.000000000000107
2023-04-20,region_2,0.951,0.591,23.1,47.3,31.6,0,4,110,0,40.00000000000004,46.10000000000011
2023-04-21,region_2,0.951,0.591,4.0,63.1,32.5,0,4,111,0,43.700000000000045,47.900000000000105
2023-04-22,region_2,0.951,0.591,1.1,62.1,33.3,0,4,112,0,28.200000000000045,48.00000000000011
2023-04-23,region_2,0.951,0.591,0.7,58.5,33.7,0,4,113,0,5.8000000000000425,47.10000000000011
2023-04-24,region_2,0.951,0.591,5.2,54.0,32.1,0,4,114,0,7.000000000000043,51.00000000000011
2023-04-25,region_2,0.951,0.591,21.1,55.0,30.8,0,4,115,0,27.000000000000043,71.80000000000011
2023-04-26,region_2,0.951,0.591,2.7,69.6,38.1,0,4,116,0,29.000000000000043,57.90000000000011
2023-04-27,region_2,0.951,0.591,0.8,67.1,34.6,0,4,117,0,24.60000000000004,35.60000000000011
2023-04-28,region_2,0.951,0.591,0.1,64.0,35.9,0,4,118,0,3.600000000000039,31.70000000000011
2023-04-29,region_2,0.951,0.591,0.6,60.4,36.9,0,4,119,0,1.500000000000039,31.200000000000106
2023-04-30,region_2,0.951,0.591,0.8,55.2,34.3,0,4,120,0,1.500000000000039,31.300000000000107
2023-05-01,region_2,0.951,0.591,1.1,53.9,33.9,0,5,121,0,2.500000000000039,27.20000000000011
2023-05-02,region_2,0.951,0.591,1.9,50.0,33.8,0,5,122,0,3.800000000000039,8.000000000000107
2023-05-03,region_2,0.951,0.591,0.7,49.9,33.4,0,5,123,0,3.7000000000000393,6.000000000000107
2023-05-04,region_2,0.951,0.591,0.8,48.4,32.2,0,5,124,0,3.4000000000000385,6.000000000000107
2023-05-05,region_2,0.951,0.591,34.1,46.6,31.9,0,5,125,0,35.60000000000004,40.00000000000011
2023-05-06,region_2,0.951,0.591,18.0,65.1,38.1,0,5,126,0,52.900000000000034,57.400000000000105
2023-05-07,region_2,0.951,0.591,0.0,72.5,41.3,0,5,127,0,52.10000000000004,56.60000000000011
2023-05-08,region_2,0.951,0.591,1.2,69.6,41.5,0,5,128,0,19.200000000000035,56.70000000000011
2023-05-09,region_2,0.951,0.591,68.8,62.8,39.8,0,5,129,0,70.00000000000003,123.60000000000011
2023-05-10,region_2,0.951,0.591,3.1,100.0,58.2,0,5,130,0,73.10000000000002,126.0000000000001
2023-05-11,region_2,0.951,0.591,0.6,96.5,58.9,0,5,131,0,72.50000000000003,125.80000000000011
2023-05-12,region_2,0.951,0.591,53.8,91.0,57.1,0,5,132,0,57.50000000000003,145.5000000000001
2023-05-13,region_2,0.951,0.591,0.9,99.3,91.3,0,5,133,0,55.300000000000026,128.4000000000001
2023-05-14,region_2,0.951,0.591,13.8,92.8,91.0,0,5,134,0,68.50000000000003,142.2000000000001
2023-05-15,region_2,0.951,0.591,11.7,99.9,98.3,0,5,135,1,26.400000000000027,152.7000000000001
2023-05-16,region_2,0.951,0.591,0.2,100.0,98.9,0,5,136,1,25.70000000000003,84.10000000000011
2023-05-17,region_2,0.951,0.591,1.8,93.5,98.5,0,5,137,1,13.700000000000028,82.80000000000013
2023-05-18,region_2,0.951,0.591,3.5,89.9,96.1,0,5,138,1,5.500000000000028,85.70000000000012
2023-05-19,region_2,0.951,0.591,3.6,85.7,95.8,0,5,139,1,8.900000000000029,35.500000000000114
2023-05-20,region_2,0.951,0.591,12.8,81.4,96.2,0,5,140,1,19.90000000000003,47.40000000000012
2023-05-21,region_2,0.951,0.591,0.3,86.6,100.0,0,5,141,1,16.70000000000003,33.90000000000011
2023-05-22,region_2,0.951,0.591,67.2,79.6,96.2,0,5,142,1,80.30000000000004,89.40000000000012
2023-05-23,region_2,0.951,0.591,24.8,100.0,99.6,0,5,143,1,92.30000000000004,114.00000000000011
2023-05-24,region_2,0.951,0.591,4.4,100.0,96.6,0,5,144,1,96.40000000000005,116.60000000000012
2023-05-25,region_2,0.951,0.591,61.3,95.8,100.0,0,5,145,1,90.50000000000004,174.40000000000012
2023-05-26,region_2,0.951,0.591,1.0,100.0,100.0,0,5,146,1,66.70000000000005,171.80000000000013
2023-05-27,region_2,0.951,0.591,2.8,93.7,98.6,0,5,147,1,65.10000000000004,161.80000000000013
2023-05-28,region_2,0.951,0.591,4.2,90.7,99.5,0,5,148,1,8.000000000000043,165.70000000000013
2023-05-29,region_2,0.951,0.591,0.3,86.9,99.6,0,5,149,1,7.3000000000000425,98.80000000000011
2023-05-30,region_2,0.951,0.591,1.8,83.9,96.1,0,5,150,1,6.300000000000043,75.80000000000011
2023-05-31,region_2,0.951,0.591,9.4,81.3,95.3,0,5,151,1,11.500000000000043,80.80000000000011
2023-06-01,region_2,0.951,0.591,12.8,82.4,99.6,0,6,152,1,24.000000000000043,32.30000000000011
2023-06-02,region_2,0.951,0.591,37.2,87.3,100.0,0,6,153,1,59.40000000000005,68.50000000000011
2023-06-03,region_2,0.951,0.591,0.6,100.0,99.7,0,6,154,1,50.60000000000005,66.30000000000011
2023-06-04,region_2,0.951,0.591,8.3,93.9,96.7,0,6,155,1,46.10000000000005,70.40000000000012
2023-06-05,region_2,0.951,0.591,3.5,95.9,100.0,0,6,156,1,12.40000000000005,73.60000000000012
2023-06-06,region_2,0.951,0.591,8.1,90.4,100.0,0,6,157,1,19.90000000000005,79.90000000000012
2023-06-07,region_2,0.951,0.591,12.0,88.5,99.9,0,6,158,1,23.60000000000005,82.50000000000011
2023-06-08,region_2,0.951,0.591,0.8,91.5,97.2,0,6,159,1,20.90000000000005,70.50000000000011
2023-06-09,region_2,0.951,0.591,0.9,88.6,99.0,0,6,160,1,13.700000000000049,34.20000000000012
2023-06-10,region_2,0.951,0.591,23.2,82.5,97.0,0,6,161,1,24.90000000000005,56.80000000000011
2023-06-11,region_2,0.951,0.591,36.2,95.4,99.5,0,6,162,1,60.300000000000054,84.70000000000012
2023-06-12,region_2,0.951,0.591,0.6,99.6,99.2,0,6,163,1,60.00000000000006,81.80000000000011
2023-06-13,region_2,0.951,0.591,30.2,94.6,98.6,0,6,164,1,67.00000000000006,103.9000000000001
2023-06-14,region_2,0.951,0.591,33.4,100.0,100.0,0,6,165,1,64.20000000000005,125.30000000000013
2023-06-15,region_2,0.951,0.591,10.8,100.0,99.6,0,6,166,1,74.40000000000005,135.30000000000013
2023-06-16,region_2,0.951,0.591,6.8,98.5,100.0,0,6,167,1,51.00000000000004,141.2000000000001
2023-06-17,region_2,0.951,0.591,32.1,99.5,98.8,0,6,168,1,49.70000000000005,150.10000000000014
2023-06-18,region_2,0.951,0.591,1.3,100.0,99.3,0,6,169,1,40.200000000000045,115.20000000000012
2023-06-19,region_2,0.951,0.591,2.4,93.0,99.6,0,6,170,1,35.800000000000054,117.00000000000013
2023-06-20,region_2,0.951,0.591,9.0,91.7,98.2,0,6,171,1,12.700000000000049,95.80000000000013
2023-06-21,region_2,0.951,0.591,7.1,94.0,100.0,0,6,172,1,18.50000000000005,69.50000000000011
2023-06-22,region_2,0.951,0.591,16.3,90.9,100.0,0,6,173,1,32.40000000000005,75.00000000000011
2023-06-23,region_2,0.951,0.591,6.9,99.7,98.8,0,6,174,1,30.300000000000047,75.10000000000012
2023-06-24,region_2,0.951,0.591,1.7,96.6,98.4,0,6,175,1,24.90000000000005,44.70000000000012
2023-06-25,region_2,0.951,0.591,26.3,93.8,100.0,0,6,176,1,34.90000000000005,69.70000000000012
2023-06-26,region_2,0.951,0.591,20.0,100.0,99.4,0,6,177,1,48.00000000000006,87.30000000000011
2023-06-27,region_2,0.951,0.591,1.4,100.0,100.0,0,6,178,1,47.70000000000005,79.70000000000012
2023-06-28,region_2,0.951,0.591,6.1,93.5,98.7,0,6,179,1,27.50000000000005,78.70000000000012
2023-06-29,region_2,0.951,0.591,5.2,94.8,100.0,0,6,180,1,12.700000000000049,67.60000000000012
2023-06-30,region_2,0.951,0.591,5.6,92.1,99.7,0,6,181,1,16.90000000000005,66.30000000000011
2023-07-01,region_2,0.951,0.591,17.7,93.3,100.0,0,7,182,1,28.50000000000005,82.30000000000011
2023-07-02,region_2,0.951,0.591,1.4,95.8,100.0,0,7,183,1,24.700000000000045,57.40000000000012
2023-07-03,region_2,0.951,0.591,31.8,90.8,99.1,0,7,184,1,50.90000000000005,69.20000000000012
2023-07-04,region_2,0.951,0.591,26.0,100.0,100.0,0,7,185,1,59.200000000000045,93.80000000000011
2023-07-05,region_2,0.951,0.591,59.2,100.0,98.3,0,7,186,1,117.00000000000006,146.90000000000012
2023-07-06,region_2,0.951,0.591,48.9,100.0,100.0,0,7,187,1,134.10000000000005,190.6000000000001
2023-07-07,region_2,0.951,0.591,50.0,100.0,100.0,1,7,188,1,158.10000000000005,235.0000000000001
2023-07-08,region_2,0.951,0.591,110.5,97.8,99.7,1,7,189,1,209.40000000000003,327.8000000000001
2023-07-09,region_2,0.951,0.591,10.3,100.0,97.6,0,7,190,1,170.80000000000004,336.70000000000016
2023-07-10,region_2,0.951,0.591,331.6,100.0,98.3,1,7,191,1,452.4000000000001,636.5000000000002
2023-07-11,region_2,0.951,0.591,9.0,98.9,100.0,0,7,192,1,350.9000000000001,619.5000000000002
2023-07-12,region_2,0.951,0.591,3.5,99.9,100.0,0,7,193,1,344.1000000000001,563.8000000000002
2023-07-13,region_2,0.951,0.591,64.6,93.2,100.0,0,7,194,1,77.10000000000005,579.5000000000001
2023-07-14,region_2,0.951,0.591,18.1,100.0,100.0,0,7,195,1,86.20000000000005,547.6000000000001
2023-07-15,region_2,0.951,0.591,23.3,100.0,98.8,0,7,196,1,106.00000000000006,460.40000000000015
2023-07-16,region_2,0.951,0.591,3.5,100.0,99.0,0,7,197,1,44.90000000000006,453.60000000000014
2023-07-17,region_2,0.951,0.591,8.7,97.7,97.9,0,7,198,1,35.50000000000006,130.7000000000001
2023-07-18,region_2,0.951,0.591,43.3,96.9,100.0,0,7,199,1,55.50000000000006,165.0000000000001
2023-07-19,region_2,0.951,0.591,17.1,97.8,100.0,0,7,200,1,69.10000000000005,178.6000000000001
2023-07-20,region_2,0.951,0.591,7.3,100.0,99.9,0,7,201,1,67.70000000000006,121.30000000000011
2023-07-21,region_2,0.951,0.591,40.4,99.1,99.2,0,7,202,1,64.80000000000005,143.6000000000001
2023-07-22,region_2,0.951,0.591,7.8,100.0,100.0,0,7,203,1,55.50000000000005,128.1000000000001
2023-07-23,region_2,0.951,0.591,164.4,100.0,99.9,1,7,204,1,212.60000000000005,289.0000000000001
2023-07-24,region_2,0.951,0.591,38.5,97.6,98.3,0,7,205,1,210.70000000000005,318.8000000000001
2023-07-25,region_2,0.951,0.591,3.7,100.0,100.0,0,7,206,1,206.60000000000005,279.2000000000001
2023-07-26,region_2,0.951,0.591,14.2,95.6,99.9,0,7,207,1,56.400000000000055,276.3000000000001
2023-07-27,region_2,0.951,0.591,3.1,100.0,99.8,0,7,208,1,21.000000000000057,272.10000000000014
2023-07-28,region_2,0.951,0.591,2.3,95.5,100.0,0,7,209,1,19.600000000000055,234.00000000000014
2023-07-29,region_2,0.951,0.591,3.8,91.0,99.4,0,7,210,1,9.200000000000056,230.0000000000001
2023-07-30,region_2,0.951,0.591,1.8,86.6,100.0,0,7,211,1,7.900000000000057,67.4000000000001
2023-07-31,region_2,0.951,0.591,115.7,83.9,98.1,1,7,212,1,121.30000000000005,144.6000000000001
2023-08-01,region_2,0.951,0.591,40.0,100.0,98.5,0,8,213,1,157.50000000000006,180.90000000000012
2023-08-02,region_2,0.951,0.591,15.9,100.0,99.2,0,8,214,1,171.60000000000005,182.6000000000001
2023-08-03,region_2,0.951,0.591,2.9,100.0,100.0,0,8,215,1,58.800000000000054,182.40000000000012
2023-08-04,region_2,0.951,0.591,4.5,94.9,99.2,0,8,216,1,23.300000000000058,184.6000000000001
2023-08-05,region_2,0.951,0.591,25.7,93.7,98.6,0,8,217,1,33.10000000000006,206.5000000000001
2023-08-06,region_2,0.951,0.591,21.4,100.0,100.0,0,8,218,1,51.60000000000005,226.1000000000001
2023-08-07,region_2,0.951,0.591,0.9,100.0,99.6,0,8,219,1,48.00000000000006,111.30000000000011
2023-08-08,region_2,0.951,0.591,0.5,95.3,99.3,0,8,220,1,22.80000000000005,71.80000000000011
2023-08-09,region_2,0.951,0.591,35.2,88.3,96.4,0,8,221,1,36.60000000000005,91.10000000000011
2023-08-10,region_2,0.951,0.591,62.0,100.0,99.1,1,8,222,1,97.70000000000005,150.2000000000001
2023-08-11,region_2,0.951,0.591,66.2,100.0,100.0,0,8,223,1,163.40000000000006,211.90000000000012
2023-08-12,region_2,0.951,0.591,39.4,100.0,99.2,0,8,224,1,167.60000000000005,225.60000000000014
2023-08-13,region_2,0.951,0.591,8.8,100.0,99.2,0,8,225,1,114.40000000000006,213.0000000000001
2023-08-14,region_2,0.951,0.591,0.3,98.1,100.0,0,8,226,1,48.50000000000006,212.40000000000012
2023-08-15,region_2,0.951,0.591,2.3,91.5,95.5,0,8,227,1,11.400000000000057,214.20000000000013
2023-08-16,region_2,0.951,0.591,5.8,91.2,98.6,0,8,228,1,8.400000000000055,184.80000000000013
2023-08-17,region_2,0.951,0.591,9.3,86.1,100.0,0,8,229,1,17.400000000000055,132.10000000000014
2023-08-18,region_2,0.951,0.591,62.5,90.1,100.0,0,8,230,1,77.60000000000005,128.40000000000012
2023-08-19,region_2,0.951,0.591,6.6,98.6,99.0,0,8,231,1,78.40000000000006,95.60000000000011
2023-08-20,region_2,0.951,0.591,23.5,97.7,99.3,0,8,232,1,92.60000000000005,110.30000000000011
2023-08-21,region_2,0.951,0.591,19.0,99.9,100.0,0,8,233,1,49.10000000000006,129.0000000000001
2023-08-22,region_2,0.951,0.591,1.4,97.8,100.0,0,8,234,1,43.900000000000055,128.1000000000001
2023-08-23,region_2,0.951,0.591,13.5,93.4,100.0,0,8,235,1,33.900000000000055,135.80000000000013
2023-08-24,region_2,0.951,0.591,9.0,94.8,100.0,0,8,236,1,23.900000000000055,135.5000000000001
2023-08-25,region_2,0.951,0.591,0.5,98.3,99.8,0,8,237,1,23.000000000000057,73.50000000000011
2023-08-26,region_2,0.951,0.591,44.4,91.6,97.8,0,8,238,1,53.900000000000055,111.30000000000011
2023-08-27,region_2,0.951,0.591,1.5,100.0,99.2,0,8,239,1,46.400000000000055,89.30000000000011
2023-08-28,region_2,0.951,0.591,2.1,94.7,99.7,0,8,240,1,48.00000000000006,72.4000000000001
2023-08-29,region_2,0.951,0.591,9.8,90.7,99.7,0,8,241,1,13.400000000000057,80.80000000000011
2023-08-30,region_2,0.951,0.591,6.4,90.8,100.0,0,8,242,1,18.300000000000058,73.7000000000001
2023-08-31,region_2,0.951,0.591,1.3,92.5,100.0,0,8,243,1,17.500000000000057,66.0000000000001
2023-09-01,region_2,0.951,0.591,1.4,83.8,100.0,0,9,244,1,9.100000000000056,66.9000000000001
2023-09-02,region_2,0.951,0.591,26.8,80.0,98.5,0,9,245,1,29.500000000000057,49.30000000000011
2023-09-03,region_2,0.951,0.591,13.0,95.5,97.9,0,9,246,1,41.20000000000006,60.80000000000011
2023-09-04,region_2,0.951,0.591,32.7,99.1,100.0,0,9,247,1,72.50000000000006,91.40000000000012
2023-09-05,region_2,0.951,0.591,0.5,97.0,100.0,0,9,248,1,46.20000000000007,82.10000000000011
2023-09-06,region_2,0.951,0.591,11.1,94.6,98.1,0,9,249,1,44.30000000000006,86.80000000000011
2023-09-07,region_2,0.951,0.591,50.6,92.9,100.0,0,9,250,1,62.20000000000006,136.1000000000001
2023-09-08,region_2,0.951,0.591,20.8,100.0,99.7,0,9,251,1,82.50000000000006,155.5000000000001
2023-09-09,region_2,0.951,0.591,47.0,100.0,99.0,1,9,252,1,118.40000000000006,175.70000000000013
2023-09-10,region_2,0.951,0.591,1.3,100.0,99.3,0,9,253,1,69.10000000000005,164.00000000000014
2023-09-11,region_2,0.951,0.591,7.9,94.2,99.6,0,9,254,1,56.20000000000006,139.2000000000001
2023-09-12,region_2,0.951,0.591,0.4,92.2,98.6,0,9,255,1,9.600000000000056,139.1000000000001
2023-09-13,region_2,0.951,0.591,48.7,87.8,97.7,0,9,256,1,57.00000000000006,176.70000000000013
2023-09-14,region_2,0.951,0.591,9.7,99.2,100.0,0,9,257,1,58.800000000000054,135.80000000000013
2023-09-15,region_2,0.951,0.591,41.4,100.0,98.6,0,9,258,1,99.80000000000007,156.40000000000012
2023-09-16,region_2,0.951,0.591,2.9,97.3,99.0,0,9,259,1,54.00000000000006,112.30000000000013
2023-09-17,region_2,0.951,0.591,10.8,96.3,98.3,0,9,260,1,55.10000000000006,121.80000000000013
2023-09-18,region_2,0.951,0.591,1.3,96.1,99.1,0,9,261,1,15.000000000000066,115.20000000000012
2023-09-19,region_2,0.951,0.591,1.8,91.8,98.1,0,9,262,1,13.900000000000064,116.60000000000012
2023-09-20,region_2,0.951,0.591,5.4,90.4,97.7,0,9,263,1,8.500000000000064,73.30000000000013
2023-09-21,region_2,0.951,0.591,2.4,88.1,97.9,0,9,264,1,9.600000000000064,66.00000000000011
2023-09-22,region_2,0.951,0.591,3.1,83.9,97.6,0,9,265,1,10.900000000000063,27.700000000000117
2023-09-23,region_2,0.951,0.591,54.1,80.7,98.4,0,9,266,0,59.600000000000065,78.90000000000012
2023-09-24,region_2,0.951,0.591,0.0,99.6,100.0,0,9,267,0,57.20000000000007,68.10000000000012
2023-09-25,region_2,0.951,0.591,2.4,93.8,100.0,0,9,268,0,56.500000000000064,69.20000000000012
2023-09-26,region_2,0.951,0.591,45.2,87.6,96.5,0,9,269,0,47.600000000000065,112.60000000000011
2023-09-27,region_2,0.951,0.591,3.5,98.1,99.6,0,9,270,0,51.100000000000065,110.70000000000013
2023-09-28,region_2,0.951,0.591,7.4,97.1,100.0,0,9,271,0,56.100000000000065,115.70000000000012
2023-09-29,region_2,0.951,0.591,16.6,94.0,99.5,0,9,272,0,27.500000000000064,129.20000000000013
2023-09-30,region_2,0.951,0.591,0.5,100.0,100.0,0,9,273,0,24.500000000000064,75.60000000000011
2023-10-01,region_2,0.951,0.591,2.5,94.1,96.4,0,10,274,0,19.600000000000065,78.10000000000011
2023-10-02,region_2,0.951,0.591,14.8,90.0,97.8,0,10,275,0,17.800000000000065,90.50000000000011
2023-10-03,region_2,0.951,0.591,0.9,96.9,100.0,0,10,276,0,18.200000000000063,46.20000000000012
2023-10-04,region_2,0.951,0.591,48.9,93.1,100.0,0,10,277,0,64.60000000000007,91.60000000000011
2023-10-05,region_2,0.951,0.591,6.4,100.0,100.0,0,10,278,0,56.20000000000006,90.60000000000011
2023-10-06,region_2,0.951,0.591,46.9,97.0,100.0,0,10,279,0,102.20000000000005,120.90000000000012
2023-10-07,region_2,0.951,0.591,45.8,99.2,100.0,0,10,280,0,99.10000000000005,166.2000000000001
2023-10-08,region_2,0.951,0.591,1.7,99.7,100.0,0,10,281,0,94.40000000000005,165.40000000000012
2023-10-09,region_2,0.951,0.591,5.6,95.6,99.1,0,10,282,0,53.10000000000005,156.2000000000001
2023-10-10,region_2,0.951,0.591,0.4,94.8,99.0,0,10,283,0,7.700000000000057,155.70000000000013
2023-10-11,region_2,0.951,0.591,0.9,88.6,98.4,0,10,284,0,6.900000000000056,107.70000000000012
2023-10-12,region_2,0.951,0.591,13.1,85.1,96.7,0,10,285,0,14.400000000000055,114.4000000000001
2023-10-13,region_2,0.951,0.591,1.9,89.3,100.0,0,10,286,0,15.900000000000057,69.40000000000012
2023-10-14,region_2,0.951,0.591,61.0,83.4,97.0,0,10,287,0,76.00000000000006,84.60000000000011
2023-10-15,region_2,0.951,0.591,5.7,100.0,99.8,0,10,288,0,68.60000000000005,88.60000000000011
2023-10-16,region_2,0.951,0.591,29.5,98.6,100.0,0,10,289,0,96.20000000000006,112.50000000000011
2023-10-17,region_2,0.951,0.591,37.0,97.9,100.0,0,10,290,0,72.20000000000005,149.1000000000001
2023-10-18,region_2,0.951,0.591,11.4,100.0,99.0,0,10,291,0,77.90000000000005,159.6000000000001
2023-10-19,region_2,0.951,0.591,39.6,100.0,98.7,0,10,292,0,88.00000000000006,186.1000000000001
2023-10-20,region_2,0.951,0.591,3.4,99.5,100.0,0,10,293,0,54.40000000000005,187.6000000000001
2023-10-21,region_2,0.951,0.591,27.7,97.7,100.0,0,10,294,0,70.70000000000005,154.3000000000001
2023-10-22,region_2,0.951,0.591,2.8,100.0,100.0,0,10,295,0,33.90000000000005,151.40000000000012
2023-10-23,region_2,0.951,0.591,13.2,96.7,100.0,0,10,296,0,43.700000000000045,135.1000000000001
2023-10-24,region_2,0.951,0.591,1.9,100.0,100.0,0,10,297,0,17.90000000000005,100.00000000000011
2023-10-25,region_2,0.951,0.591,3.6,96.1,99.7,0,10,298,0,18.70000000000005,92.2000000000001
2023-10-26,region_2,0.951,0.591,1.1,92.6,100.0,0,10,299,0,6.600000000000049,53.70000000000011
2023-10-27,region_2,0.951,0.591,11.5,87.6,99.8,0,10,300,0,16.20000000000005,61.80000000000011
2023-10-28,region_2,0.951,0.591,5.2,90.1,99.6,0,10,301,0,17.80000000000005,39.30000000000011
2023-10-29,region_2,0.951,0.591,4.5,87.3,99.1,0,10,302,0,21.20000000000005,41.000000000000114
2023-10-30,region_2,0.951,0.591,0.6,84.5,100.0,0,10,303,0,10.30000000000005,28.400000000000112
2023-10-31,region_2,0.951,0.591,20.1,80.0,97.8,0,10,304,0,25.200000000000053,46.600000000000115
2023-11-01,region_2,0.951,0.591,0.2,90.3,98.1,0,11,305,0,20.900000000000052,43.20000000000012
2023-11-02,region_2,0.951,0.591,1.4,86.3,99.6,0,11,306,0,21.700000000000053,43.500000000000114
2023-11-03,region_2,0.951,0.591,2.4,81.5,97.4,0,11,307,0,4.00000000000005,34.40000000000011
2023-11-04,region_2,0.951,0.591,15.8,77.9,96.8,0,11,308,0,19.60000000000005,45.000000000000114
2023-11-05,region_2,0.951,0.591,1.8,86.6,99.8,0,11,309,0,20.000000000000053,42.30000000000011
2023-11-06,region_2,0.951,0.591,0.4,82.3,99.9,0,11,310,0,18.00000000000005,42.100000000000115
2023-11-07,region_2,0.951,0.591,0.2,73.7,96.0,0,11,311,0,2.4000000000000496,22.200000000000113
2023-11-08,region_2,0.951,0.591,11.5,71.7,95.3,0,11,312,0,12.10000000000005,33.500000000000114
2023-11-09,region_2,0.951,0.591,9.9,74.0,98.6,0,11,313,0,21.60000000000005,42.000000000000114
2023-11-10,region_2,0.951,0.591,1.0,80.2,100.0,0,11,314,0,22.40000000000005,40.60000000000011
2023-11-11,region_2,0.951,0.591,0.1,73.7,96.3,0,11,315,0,11.00000000000005,24.900000000000116
2023-11-12,region_2,0.951,0.591,17.5,70.3,96.7,0,11,316,0,18.60000000000005,40.600000000000115
2023-11-13,region_2,0.951,0.591,0.3,83.4,99.6,0,11,317,0,17.900000000000052,40.500000000000114
2023-11-14,region_2,0.951,0.591,1.2,76.9,97.5,0,11,318,0,19.00000000000005,41.500000000000114
2023-11-15,region_2,0.951,0.591,1.1,72.2,95.2,0,11,319,0,2.60000000000005,31.100000000000115
2023-11-16,region_2,0.951,0.591,14.9,69.0,97.6,0,11,320,0,17.20000000000005,36.100000000000115
2023-11-17,region_2,0.951,0.591,0.4,76.3,97.5,0,11,321,0,16.400000000000052,35.500000000000114
2023-11-18,region_2,0.951,0.591,0.6,73.8,96.1,0,11,322,0,15.90000000000005,36.000000000000114
2023-11-19,region_2,0.951,0.591,0.4,70.8,93.1,0,11,323,0,1.4000000000000496,18.900000000000112
2023-11-20,region_2,0.951,0.591,1.6,64.7,90.9,0,11,324,0,2.60000000000005,20.200000000000113
2023-11-21,region_2,0.951,0.591,0.4,63.6,91.7,0,11,325,0,2.4000000000000496,19.400000000000112
2023-11-22,region_2,0.951,0.591,0.1,57.6,87.8,0,11,326,0,2.10000000000005,18.400000000000112
2023-11-23,region_2,0.951,0.591,0.8,54.8,88.7,0,11,327,0,1.3000000000000498,4.3000000000001135
2023-11-24,region_2,0.951,0.591,5.3,54.8,87.6,0,11,328,0,6.20000000000005,9.200000000000113
2023-11-25,region_2,0.951,0.591,0.1,52.8,84.2,0,11,329,0,6.20000000000005,8.700000000000115
2023-11-26,region_2,0.951,0.591,0.1,51.5,82.8,0,11,330,0,5.50000000000005,8.400000000000114
2023-11-27,region_2,0.951,0.591,31.9,45.8,79.0,0,11,331,0,32.10000000000005,38.70000000000012
2023-11-28,region_2,0.951,0.591,0.7,73.6,83.4,0,11,332,0,32.700000000000045,39.000000000000114
2023-11-29,region_2,0.951,0.591,0.1,68.3,84.3,0,11,333,0,32.700000000000045,39.000000000000114
2023-11-30,region_2,0.951,0.591,0.5,65.4,83.3,0,11,334,0,1.3000000000000496,38.70000000000012
2023-12-01,region_2,0.951,0.591,5.7,62.0,79.7,0,12,335,0,6.30000000000005,39.10000000000011
2023-12-02,region_2,0.951,0.591,0.5,63.6,80.1,0,12,336,0,6.70000000000005,39.500000000000114
2023-12-03,region_2,0.951,0.591,1.6,58.1,77.6,0,12,337,0,7.8000000000000504,41.000000000000114
2023-12-04,region_2,0.951,0.591,0.5,56.4,76.8,0,12,338,0,2.60000000000005,9.600000000000113
2023-12-05,region_2,0.951,0.591,1.1,55.3,77.8,0,12,339,0,3.20000000000005,10.000000000000114
2023-12-06,region_2,0.951,0.591,0.5,49.3,75.6,0,12,340,0,2.10000000000005,10.400000000000112
2023-12-07,region_2,0.951,0.591,1.5,44.8,72.1,0,12,341,0,3.10000000000005,11.400000000000112
2023-12-08,region_2,0.951,0.591,0.9,45.5,73.2,0,12,342,0,2.9000000000000496,6.600000000000114
2023-12-09,region_2,0.951,0.591,22.7,45.1,73.7,0,12,343,0,25.100000000000048,28.800000000000114
2023-12-10,region_2,0.951,0.591,0.4,59.5,73.2,0,12,344,0,24.000000000000046,27.60000000000011
2023-12-11,region_2,0.951,0.591,0.4,54.6,71.6,0,12,345,0,23.50000000000005,27.500000000000114
2023-12-12,region_2,0.951,0.591,1.6,52.9,71.5,0,12,346,0,2.40000000000005,28.000000000000114
2023-12-13,region_2,0.951,0.591,0.7,50.3,70.8,0,12,347,0,2.70000000000005,28.200000000000117
2023-12-14,region_2,0.951,0.591,1.7,45.8,69.3,0,12,348,0,4.00000000000005,28.400000000000116
2023-12-15,region_2,0.951,0.591,0.2,45.8,67.1,0,12,349,0,2.60000000000005,27.700000000000113
2023-12-16,region_2,0.951,0.591,15.5,44.7,65.7,0,12,350,0,17.40000000000005,20.500000000000114
2023-12-17,region_2,0.951,0.591,0.2,53.3,65.6,0,12,351,0,15.90000000000005,20.300000000000114
2023-12-18,region_2,0.951,0.591,1.0,48.3,64.8,0,12,352,0,16.70000000000005,20.900000000000112
2023-12-19,region_2,0.951,0.591,0.1,50.8,65.3,0,12,353,0,1.3000000000000498,19.400000000000116
2023-12-20,region_2,0.951,0.591,1.5,43.8,63.1,0,12,354,0,2.60000000000005,20.200000000000113
2023-12-21,region_2,0.951,0.591,5.5,44.1,62.9,0,12,355,0,7.100000000000049,24.000000000000114
2023-12-22,region_2,0.951,0.591,2.5,45.8,62.0,0,12,356,0,9.50000000000005,26.300000000000114
2023-12-23,region_2,0.951,0.591,13.5,44.5,61.4,0,12,357,0,21.50000000000005,24.300000000000114
2023-12-24,region_2,0.951,0.591,26.1,49.3,62.4,0,12,358,0,42.10000000000005,50.20000000000012
2023-12-25,region_2,0.951,0.591,0.4,66.5,66.1,0,12,359,0,40.00000000000005,49.600000000000115
2023-12-26,region_2,0.951,0.591,0.2,67.1,65.0,0,12,360,0,26.700000000000053,49.70000000000012
2023-12-27,region_2,0.951,0.591,0.2,59.7,62.9,0,12,361,0,0.8000000000000498,48.40000000000011
2023-12-28,region_2,0.951,0.591,1.7,59.2,61.5,0,12,362,0,2.10000000000005,44.600000000000115
2023-12-29,region_2,0.951,0.591,0.3,57.4,60.9,0,12,363,0,2.2000000000000495,42.40000000000011
2023-12-30,region_2,0.951,0.591,0.4,50.7,59.0,0,12,364,0,2.4000000000000496,29.300000000000114
2023-12-31,region_2,0.951,0.591,0.4,47.7,59.7,0,12,365,0,1.1000000000000498,3.6000000000001138
2024-01-01,region_2,0.951,0.591,0.2,46.2,56.9,0,1,1,0,1.0000000000000497,3.400000000000114
2024-01-02,region_2,0.951,0.591,0.4,45.4,56.2,0,1,2,0,1.0000000000000497,3.6000000000001138
2024-01-03,region_2,0.951,0.591,1.0,40.8,55.5,0,1,3,0,1.6000000000000496,4.400000000000114
2024-01-04,region_2,0.951,0.591,0.5,39.8,54.6,0,1,4,0,1.9000000000000496,3.200000000000114
2024-01-05,region_2,0.951,0.591,0.5,36.8,53.5,0,1,5,0,2.0000000000000497,3.400000000000114
2024-01-06,region_2,0.951,0.591,0.0,36.8,52.1,0,1,6,0,1.0000000000000497,3.0000000000001137
2024-01-07,region_2,0.951,0.591,1.3,32.5,52.8,0,1,7,0,1.8000000000000498,3.9000000000001136
2024-01-08,region_2,0.951,0.591,0.1,31.4,50.3,0,1,8,0,1.4000000000000499,3.800000000000114
2024-01-09,region_2,0.951,0.591,1.2,29.0,49.0,0,1,9,0,2.60000000000005,4.600000000000113
2024-01-10,region_2,0.951,0.591,22.9,28.1,50.1,0,1,10,0,24.20000000000005,26.500000000000114
2024-01-11,region_2,0.951,0.591,7.5,48.7,47.7,0,1,11,0,31.600000000000048,33.500000000000114
2024-01-12,region_2,0.951,0.591,7.1,50.0,50.6,0,1,12,0,37.50000000000005,40.100000000000115
2024-01-13,region_2,0.951,0.591,0.1,51.4,47.5,0,1,13,0,14.700000000000049,40.20000000000012
2024-01-14,region_2,0.951,0.591,0.1,47.1,48.2,0,1,14,0,7.30000000000005,39.000000000000114
2024-01-15,region_2,0.951,0.591,1.0,46.3,46.0,0,1,15,0,1.2000000000000497,39.90000000000011
2024-01-16,region_2,0.951,0.591,0.0,43.4,45.4,0,1,16,0,1.1000000000000496,38.70000000000011
2024-01-17,region_2,0.951,0.591,0.6,40.4,46.3,0,1,17,0,1.6000000000000498,16.400000000000112
2024-01-18,region_2,0.951,0.591,0.1,38.7,45.3,0,1,18,0,0.7000000000000497,9.000000000000114
2024-01-19,region_2,0.951,0.591,0.7,37.7,43.5,0,1,19,0,1.4000000000000496,2.6000000000001133
2024-01-20,region_2,0.951,0.591,0.1,34.0,45.0,0,1,20,0,0.9000000000000496,2.6000000000001133
2024-01-21,region_2,0.951,0.591,0.7,33.1,43.6,0,1,21,0,1.5000000000000497,3.2000000000001134
2024-01-22,region_2,0.951,0.591,0.1,33.3,41.6,0,1,22,0,0.9000000000000496,2.300000000000114
2024-01-23,region_2,0.951,0.591,0.3,29.2,39.0,0,1,23,0,1.1000000000000498,2.6000000000001133
2024-01-24,region_2,0.951,0.591,0.2,26.8,41.0,0,1,24,0,0.6000000000000498,2.200000000000114
2024-01-25,region_2,0.951,0.591,2.6,28.3,38.8,0,1,25,0,3.10000000000005,4.700000000000114
2024-01-26,region_2,0.951,0.591,12.1,26.8,38.9,0,1,26,0,14.900000000000048,16.100000000000115
2024-01-27,region_2,0.951,0.591,0.2,34.6,39.3,0,1,27,0,14.90000000000005,16.200000000000113
2024-01-28,region_2,0.951,0.591,0.7,33.7,37.4,0,1,28,0,13.000000000000052,16.200000000000113
2024-01-29,region_2,0.951,0.591,0.1,31.2,38.3,0,1,29,0,1.0000000000000497,16.200000000000113
2024-01-30,region_2,0.951,0.591,0.6,29.6,35.9,0,1,30,0,1.4000000000000496,16.500000000000114
2024-01-31,region_2,0.951,0.591,0.5,25.7,36.2,0,1,31,0,1.2000000000000497,16.800000000000114
2024-02-01,region_2,0.951,0.591,0.0,25.5,35.7,0,2,32,0,1.1000000000000496,14.200000000000113
2024-02-02,region_2,0.951,0.591,0.2,27.9,35.1,0,2,33,0,0.7000000000000497,2.3000000000001135
2024-02-03,region_2,0.951,0.591,0.0,22.1,35.3,0,2,34,0,0.20000000000004975,2.1000000000001133
2024-02-04,region_2,0.951,0.591,2.2,22.4,32.1,0,2,35,0,2.40000000000005,3.6000000000001138
2024-02-05,region_2,0.951,0.591,0.5,24.9,31.2,0,2,36,0,2.70000000000005,4.000000000000114
2024-02-06,region_2,0.951,0.591,1.1,22.3,31.4,0,2,37,0,3.80000000000005,4.500000000000114
2024-02-07,region_2,0.951,0.591,0.5,21.3,34.1,0,2,38,0,2.10000000000005,4.500000000000114
2024-02-08,region_2,0.951,0.591,0.9,18.8,31.8,0,2,39,0,2.5000000000000497,5.400000000000114
2024-02-09,region_2,0.951,0.591,0.4,18.5,29.3,0,2,40,0,1.8000000000000498,5.600000000000114
2024-02-10,region_2,0.951,0.591,0.2,18.1,28.9,0,2,41,0,1.5000000000000497,5.800000000000114
2024-02-11,region_2,0.951,0.591,1.9,18.1,28.7,0,2,42,0,2.5000000000000497,5.500000000000114
2024-02-12,region_2,0.951,0.591,0.5,19.6,28.4,0,2,43,0,2.60000000000005,5.500000000000114
2024-02-13,region_2,0.951,0.591,0.4,17.2,28.2,0,2,44,0,2.8000000000000496,4.800000000000114
2024-02-14,region_2,0.951,0.591,0.1,15.5,27.7,0,2,45,0,1.0000000000000497,4.400000000000114
2024-02-15,region_2,0.951,0.591,0.3,15.3,27.7,0,2,46,0,0.8000000000000498,3.8000000000001135
2024-02-16,region_2,0.951,0.591,0.0,15.5,28.0,0,2,47,0,0.40000000000004976,3.400000000000113
2024-02-17,region_2,0.951,0.591,0.6,14.3,25.3,0,2,48,0,0.9000000000000498,3.8000000000001135
2024-02-18,region_2,0.951,0.591,0.7,13.1,24.7,0,2,49,0,1.3000000000000496,2.6000000000001138
2024-02-19,region_2,0.951,0.591,0.4,11.5,24.1,0,2,50,0,1.7000000000000497,2.5000000000001137
2024-02-20,region_2,0.951,0.591,1.8,14.3,23.7,0,2,51,0,2.90000000000005,3.900000000000114
2024-02-21,region_2,0.951,0.591,0.6,13.0,23.9,0,2,52,0,2.8000000000000496,4.400000000000114
2024-02-22,region_2,0.951,0.591,0.6,13.4,23.7,0,2,53,0,3.0000000000000497,4.700000000000114
2024-02-23,region_2,0.951,0.591,0.1,11.6,24.3,0,2,54,0,1.3000000000000498,4.8000000000001135
2024-02-24,region_2,0.951,0.591,0.3,10.8,21.4,0,2,55,0,1.0000000000000497,4.500000000000114
2024-02-25,region_2,0.951,0.591,4.8,12.1,22.0,0,2,56,0,5.20000000000005,8.600000000000113
2024-02-26,region_2,0.951,0.591,0.0,11.8,20.5,0,2,57,0,5.10000000000005,8.200000000000113
2024-02-27,region_2,0.951,0.591,0.6,11.2,21.3,0,2,58,0,5.400000000000049,7.000000000000114
2024-02-28,region_2,0.951,0.591,0.6,14.9,23.1,0,2,59,0,1.2000000000000497,7.000000000000115
2024-02-29,region_2,0.951,0.591,0.7,13.6,19.9,0,2,60,0,1.9000000000000496,7.100000000000113
2024-03-01,region_2,0.951,0.591,0.7,12.7,22.1,0,3,61,0,2.0000000000000497,7.700000000000114
2024-03-02,region_2,0.951,0.591,1.2,10.3,18.4,0,3,62,0,2.6000000000000494,8.600000000000115
2024-03-03,region_2,0.951,0.591,6.1,12.5,18.4,0,3,63,0,8.00000000000005,9.900000000000114
2024-03-04,region_2,0.951,0.591,0.0,17.2,18.3,0,3,64,0,7.300000000000049,9.900000000000114
2024-03-05,region_2,0.951,0.591,0.0,15.6,18.4,0,3,65,0,6.100000000000049,9.300000000000114
2024-03-06,region_2,0.951,0.591,0.0,15.1,17.7,0,3,66,0,0.0,8.700000000000115
2024-03-07,region_2,0.951,0.591,2.3,12.2,18.3,0,3,67,0,2.3000000000000496,10.300000000000114
2024-03-08,region_2,0.951,0.591,0.1,12.1,14.4,0,3,68,0,2.4000000000000496,9.700000000000115
2024-03-09,region_2,0.951,0.591,0.1,14.8,15.9,0,3,69,0,2.5000000000000497,8.600000000000113
2024-03-10,region_2,0.951,0.591,1.1,13.7,18.4,0,3,70,0,1.3000000000000498,3.600000000000114
2024-03-11,region_2,0.951,0.591,1.0,13.9,14.8,0,3,71,0,2.20000000000005,4.600000000000114
2024-03-12,region_2,0.951,0.591,1.0,14.5,15.5,0,3,72,0,3.1000000000000494,5.600000000000114
2024-03-13,region_2,0.951,0.591,0.1,13.8,16.2,0,3,73,0,2.10000000000005,5.700000000000115
2024-03-14,region_2,0.951,0.591,0.6,14.6,15.2,0,3,74,0,1.7000000000000497,4.000000000000115
2024-03-15,region_2,0.951,0.591,2.2,13.8,14.1,0,3,75,0,2.90000000000005,6.100000000000115
2024-03-16,region_2,0.951,0.591,0.3,12.9,15.1,0,3,76,0,3.10000000000005,6.300000000000115
2024-03-17,region_2,0.951,0.591,0.0,12.5,15.2,0,3,77,0,2.5000000000000497,5.200000000000115
2024-03-18,region_2,0.951,0.591,0.1,11.8,13.5,0,3,78,0,0.40000000000004976,4.300000000000114
2024-03-19,region_2,0.951,0.591,15.2,8.6,14.2,0,3,79,0,15.300000000000049,18.500000000000114
2024-03-20,region_2,0.951,0.591,18.1,24.6,14.5,0,3,80,0,33.40000000000005,36.500000000000114
2024-03-21,region_2,0.951,0.591,1.2,36.4,15.3,0,3,81,0,34.50000000000005,37.100000000000115
2024-03-22,region_2,0.951,0.591,0.9,32.0,14.4,0,3,82,0,20.200000000000053,35.80000000000012
2024-03-23,region_2,0.951,0.591,4.3,35.4,15.6,0,3,83,0,6.400000000000049,39.80000000000011
2024-03-24,region_2,0.951,0.591,3.3,33.2,14.0,0,3,84,0,8.50000000000005,43.10000000000011
2024-03-25,region_2,0.951,0.591,2.5,34.1,13.0,0,3,85,0,10.10000000000005,45.500000000000114
2024-03-26,region_2,0.951,0.591,0.9,34.2,13.7,0,3,86,0,6.70000000000005,31.200000000000113
2024-03-27,region_2,0.951,0.591,0.1,32.8,15.0,0,3,87,0,3.5000000000000497,13.200000000000113
2024-03-28,region_2,0.951,0.591,32.4,34.7,12.6,0,3,88,0,33.40000000000005,44.40000000000011
2024-03-29,region_2,0.951,0.591,1.1,53.7,12.8,0,3,89,0,33.60000000000005,44.600000000000115
2024-03-30,region_2,0.951,0.591,0.2,51.3,15.4,0,3,90,0,33.700000000000045,40.50000000000011
2024-03-31,region_2,0.951,0.591,31.4,48.7,14.2,0,3,91,0,32.700000000000045,68.60000000000011
2024-04-01,region_2,0.951,0.591,55.0,70.2,21.4,0,4,92,0,86.60000000000005,121.10000000000011
2024-04-02,region_2,0.951,0.591,0.3,100.0,36.8,0,4,93,0,86.70000000000005,120.5000000000001
2024-04-03,region_2,0.951,0.591,1.5,92.8,37.3,0,4,94,0,56.80000000000005,121.9000000000001
2024-04-04,region_2,0.951,0.591,0.2,90.2,35.7,0,4,95,0,2.0000000000000497,89.70000000000012
2024-04-05,region_2,0.951,0.591,0.4,82.5,36.2,0,4,96,0,2.10000000000005,89.00000000000011
2024-04-06,region_2,0.951,0.591,4.6,78.3,35.5,0,4,97,0,5.200000000000049,93.4000000000001
2024-04-07,region_2,0.951,0.591,2.3,76.2,38.3,0,4,98,0,7.300000000000049,64.30000000000011
2024-04-08,region_2,0.951,0.591,3.6,73.6,37.5,0,4,99,0,10.50000000000005,12.900000000000114
2024-04-09,region_2,0.951,0.591,3.6,69.8,37.9,0,4,100,0,9.50000000000005,16.200000000000113
2024-04-10,region_2,0.951,0.591,0.4,66.7,40.0,0,4,101,0,7.60000000000005,15.100000000000113
2024-04-11,region_2,0.951,0.591,0.5,65.9,37.6,0,4,102,0,4.50000000000005,15.400000000000114
2024-04-12,region_2,0.951,0.591,3.3,60.3,36.9,0,4,103,0,4.200000000000049,18.300000000000114
2024-04-13,region_2,0.951,0.591,2.9,64.2,38.0,0,4,104,0,6.700000000000049,16.600000000000115
2024-04-14,region_2,0.951,0.591,3.2,59.5,38.0,0,4,105,0,9.40000000000005,17.500000000000114
2024-04-15,region_2,0.951,0.591,0.0,60.2,38.5,0,4,106,0,6.100000000000049,13.900000000000112
2024-04-16,region_2,0.951,0.591,4.7,56.0,37.1,0,4,107,0,7.90000000000005,15.000000000000114
2024-04-17,region_2,0.951,0.591,0.6,53.8,39.2,0,4,108,0,5.30000000000005,15.200000000000113
2024-04-18,region_2,0.951,0.591,9.9,51.9,38.5,0,4,109,0,15.200000000000049,24.600000000000115
2024-04-19,region_2,0.951,0.591,0.3,58.4,39.9,0,4,110,0,10.800000000000052,21.60000000000011
2024-04-20,region_2,0.951,0.591,5.4,54.9,39.1,0,4,111,0,15.600000000000051,24.100000000000115
2024-04-21,region_2,0.951,0.591,1.3,56.5,37.0,0,4,112,0,7.00000000000005,22.200000000000117
2024-04-22,region_2,0.951,0.591,2.0,51.7,38.4,0,4,113,0,8.700000000000049,24.200000000000117
2024-04-23,region_2,0.951,0.591,0.6,51.7,38.7,0,4,114,0,3.9000000000000496,20.10000000000011
2024-04-24,region_2,0.951,0.591,3.4,47.3,38.6,0,4,115,0,6.00000000000005,22.900000000000112
2024-04-25,region_2,0.951,0.591,3.4,49.5,36.9,0,4,116,0,7.400000000000049,16.400000000000112
2024-04-26,region_2,0.951,0.591,14.0,49.3,38.4,0,4,117,0,20.80000000000005,30.100000000000115
2024-04-27,region_2,0.951,0.591,4.9,51.1,38.8,0,4,118,0,22.300000000000054,29.600000000000115
2024-04-28,region_2,0.951,0.591,1.1,53.7,36.3,0,4,119,0,20.00000000000005,29.400000000000116
2024-04-29,region_2,0.951,0.591,28.5,49.1,38.3,0,4,120,0,34.50000000000005,55.90000000000012
2024-04-30,region_2,0.951,0.591,23.3,70.0,43.4,0,4,121,0,52.90000000000005,78.60000000000011
2024-05-01,region_2,0.951,0.591,3.5,77.4,49.4,0,5,122,0,55.300000000000054,78.7000000000001
2024-05-02,region_2,0.951,0.591,1.4,77.5,51.5,0,5,123,0,28.20000000000005,76.70000000000012
2024-05-03,region_2,0.951,0.591,2.2,74.6,50.2,0,5,124,0,7.100000000000049,64.90000000000012
2024-05-04,region_2,0.951,0.591,1.2,71.0,49.2,0,5,125,0,4.80000000000005,61.20000000000011
2024-05-05,region_2,0.951,0.591,3.9,68.7,48.3,0,5,126,0,7.3000000000000504,64.00000000000011
2024-05-06,region_2,0.951,0.591,8.0,66.3,49.8,0,5,127,0,13.100000000000051,43.500000000000114
2024-05-07,region_2,0.951,0.591,80.9,70.1,51.1,0,5,128,0,92.80000000000005,101.10000000000011
2024-05-08,region_2,0.951,0.591,43.7,98.3,75.0,0,5,129,0,132.60000000000005,141.30000000000013
2024-05-09,region_2,0.951,0.591,3.4,99.4,99.2,0,5,130,0,128.00000000000006,143.3000000000001
2024-05-10,region_2,0.951,0.591,0.1,93.2,99.6,0,5,131,0,47.200000000000045,141.2000000000001
2024-05-11,region_2,0.951,0.591,0.0,89.8,96.9,0,5,132,0,3.5000000000000426,140.00000000000009
2024-05-12,region_2,0.951,0.591,18.9,82.9,95.5,0,5,133,0,19.000000000000043,155.0000000000001
2024-05-13,region_2,0.951,0.591,1.1,94.4,100.0,0,5,134,0,20.000000000000043,148.1000000000001
2024-05-14,region_2,0.951,0.591,3.0,89.0,98.0,0,5,135,1,23.000000000000043,70.2000000000001
2024-05-15,region_2,0.951,0.591,55.9,87.4,98.3,0,5,136,1,60.00000000000004,82.40000000000009
2024-05-16,region_2,0.951,0.591,2.0,100.0,99.2,0,5,137,1,60.90000000000004,81.00000000000009
2024-05-17,region_2,0.951,0.591,3.7,96.3,99.0,0,5,138,1,61.600000000000044,84.6000000000001
2024-05-18,region_2,0.951,0.591,5.9,93.7,99.3,0,5,139,1,11.600000000000044,90.5000000000001
2024-05-19,region_2,0.951,0.591,0.3,92.7,100.0,0,5,140,1,9.900000000000043,71.9000000000001
2024-05-20,region_2,0.951,0.591,27.9,84.2,97.8,0,5,141,1,34.100000000000044,98.7000000000001
2024-05-21,region_2,0.951,0.591,29.8,98.9,100.0,0,5,142,1,58.00000000000004,125.5000000000001
2024-05-22,region_2,0.951,0.591,51.3,100.0,98.1,0,5,143,1,109.00000000000003,120.9000000000001
2024-05-23,region_2,0.951,0.591,6.5,100.0,99.1,0,5,144,1,87.60000000000005,125.40000000000009
2024-05-24,region_2,0.951,0.591,4.7,100.0,100.0,0,5,145,1,62.50000000000004,126.4000000000001
2024-05-25,region_2,0.951,0.591,36.3,97.2,99.1,0,5,146,1,47.50000000000004,156.8000000000001
2024-05-26,region_2,0.951,0.591,4.8,100.0,100.0,0,5,147,1,45.80000000000004,161.3000000000001
2024-05-27,region_2,0.951,0.591,3.1,96.4,99.1,0,5,148,1,44.20000000000004,136.5000000000001
2024-05-28,region_2,0.951,0.591,1.0,93.2,99.8,0,5,149,1,8.900000000000043,107.7000000000001
2024-05-29,region_2,0.951,0.591,18.9,88.3,100.0,0,5,150,1,23.000000000000043,75.3000000000001
2024-05-30,region_2,0.951,0.591,20.7,95.6,100.0,0,5,151,1,40.60000000000004,89.5000000000001
2024-05-31,region_2,0.951,0.591,56.5,98.5,98.0,0,5,152,1,96.10000000000004,141.3000000000001
2024-06-01,region_2,0.951,0.591,4.4,100.0,100.0,0,6,153,1,81.60000000000005,109.4000000000001
2024-06-02,region_2,0.951,0.591,25.6,97.7,99.0,0,6,154,1,86.50000000000004,130.2000000000001
2024-06-03,region_2,0.951,0.591,3.1,100.0,100.0,0,6,155,1,33.100000000000044,130.2000000000001
2024-06-04,region_2,0.951,0.591,5.8,92.1,99.5,0,6,156,1,34.50000000000004,135.00000000000009
2024-06-05,region_2,0.951,0.591,6.1,94.3,98.8,0,6,157,1,15.000000000000043,122.2000000000001
2024-06-06,region_2,0.951,0.591,13.7,95.0,99.5,0,6,158,1,25.600000000000044,115.2000000000001
2024-06-07,region_2,0.951,0.591,7.3,95.7,99.3,0,6,159,1,27.10000000000004,66.0000000000001
2024-06-08,region_2,0.951,0.591,2.2,97.4,99.5,0,6,160,1,23.200000000000045,63.8000000000001
2024-06-09,region_2,0.951,0.591,0.0,90.7,99.7,0,6,161,1,9.500000000000043,38.2000000000001
2024-06-10,region_2,0.951,0.591,0.9,85.5,98.1,0,6,162,1,3.1000000000000427,36.0000000000001
2024-06-11,region_2,0.951,0.591,3.2,81.6,97.4,0,6,163,1,4.100000000000042,33.4000000000001
2024-06-12,region_2,0.951,0.591,31.1,77.7,95.8,0,6,164,1,35.200000000000045,58.400000000000105
2024-06-13,region_2,0.951,0.591,9.1,100.0,100.0,0,6,165,1,43.40000000000005,53.8000000000001
2024-06-14,region_2,0.951,0.591,5.5,100.0,99.3,0,6,166,1,45.700000000000045,52.0000000000001
2024-06-15,region_2,0.951,0.591,0.1,95.2,99.7,0,6,167,1,14.700000000000042,49.9000000000001
2024-06-16,region_2,0.951,0.591,33.7,90.7,97.5,0,6,168,1,39.30000000000005,83.60000000000011
2024-06-17,region_2,0.951,0.591,3.0,100.0,98.6,0,6,169,1,36.80000000000005,85.7000000000001
2024-06-18,region_2,0.951,0.591,2.2,97.6,100.0,0,6,170,1,38.90000000000005,84.7000000000001
2024-06-19,region_2,0.951,0.591,3.9,89.2,99.4,0,6,171,1,9.100000000000042,57.50000000000011
2024-06-20,region_2,0.951,0.591,8.8,90.4,99.3,0,6,172,1,14.900000000000043,57.2000000000001
2024-06-21,region_2,0.951,0.591,35.2,86.5,100.0,0,6,173,1,47.90000000000005,86.9000000000001
2024-06-22,region_2,0.951,0.591,3.2,100.0,97.4,0,6,174,1,47.20000000000005,90.0000000000001
2024-06-23,region_2,0.951,0.591,17.2,95.0,100.0,0,6,175,1,55.600000000000044,73.5000000000001
2024-06-24,region_2,0.951,0.591,4.6,100.0,99.1,0,6,176,1,25.000000000000043,75.1000000000001
2024-06-25,region_2,0.951,0.591,9.8,97.7,99.1,0,6,177,1,31.600000000000044,82.7000000000001
2024-06-26,region_2,0.951,0.591,0.3,98.6,99.5,0,6,178,1,14.700000000000044,79.10000000000011
2024-06-27,region_2,0.951,0.591,47.1,93.4,99.2,0,6,179,1,57.200000000000045,117.40000000000009
2024-06-28,region_2,0.951,0.591,21.1,99.3,100.0,0,6,180,1,68.50000000000006,103.30000000000011
2024-06-29,region_2,0.951,0.591,75.1,99.1,100.0,1,6,181,1,143.30000000000007,175.2000000000001
2024-06-30,region_2,0.951,0.591,0.1,100.0,99.5,0,6,182,1,96.30000000000004,158.1000000000001
2024-07-01,region_2,0.951,0.591,28.8,93.9,96.2,0,7,183,1,104.00000000000006,182.3000000000001
2024-07-02,region_2,0.951,0.591,1.1,99.1,99.6,0,7,184,1,30.00000000000006,173.6000000000001
2024-07-03,region_2,0.951,0.591,105.8,94.3,98.4,1,7,185,1,135.70000000000005,279.1000000000001
2024-07-04,region_2,0.951,0.591,146.8,99.6,98.4,0,7,186,1,253.70000000000005,378.80000000000007
2024-07-05,region_2,0.951,0.591,32.0,99.5,100.0,0,7,187,1,284.6,389.70000000000005
2024-07-06,region_2,0.951,0.591,0.8,100.0,100.0,0,7,188,1,179.60000000000005,315.4000000000001
2024-07-07,region_2,0.951,0.591,16.7,93.2,99.0,0,7,189,1,49.50000000000003,332.0000000000001
2024-07-08,region_2,0.951,0.591,43.8,100.0,100.0,0,7,190,1,61.300000000000026,347.00000000000006
2024-07-09,region_2,0.951,0.591,70.2,100.0,100.0,1,7,191,1,130.70000000000005,416.10000000000014
2024-07-10,region_2,0.951,0.591,6.7,97.2,99.9,0,7,192,1,120.70000000000003,317.0000000000001
2024-07-11,region_2,0.951,0.591,132.1,100.0,100.0,1,7,193,1,209.00000000000003,302.30000000000007
2024-07-12,region_2,0.951,0.591,2.3,98.6,99.5,0,7,194,1,141.10000000000002,272.6000000000001
2024-07-13,region_2,0.951,0.591,115.8,95.2,99.3,0,7,195,1,250.20000000000002,387.6
2024-07-14,region_2,0.951,0.591,14.3,99.8,99.8,0,7,196,1,132.40000000000003,385.20000000000005
2024-07-15,region_2,0.951,0.591,44.3,100.0,100.0,1,7,197,1,174.4,385.70000000000005
2024-07-16,region_2,0.951,0.591,2.3,100.0,100.0,0,7,198,1,60.90000000000002,317.80000000000007
2024-07-17,region_2,0.951,0.591,25.1,95.8,99.7,0,7,199,1,71.70000000000003,336.20000000000005
2024-07-18,region_2,0.951,0.591,0.7,100.0,99.7,0,7,200,1,28.10000000000003,204.80000000000007
2024-07-19,region_2,0.951,0.591,15.8,93.2,99.8,0,7,201,1,41.60000000000003,218.30000000000007
2024-07-20,region_2,0.951,0.591,1.6,100.0,98.7,0,7,202,1,18.10000000000003,104.10000000000008
2024-07-21,region_2,0.951,0.591,17.9,97.0,100.0,0,7,203,1,35.300000000000026,107.70000000000009
2024-07-22,region_2,0.951,0.591,91.6,100.0,99.7,0,7,204,1,111.10000000000002,155.00000000000009
2024-07-23,region_2,0.951,0.591,0.5,100.0,99.8,0,7,205,1,110.00000000000003,153.20000000000007
2024-07-24,region_2,0.951,0.591,2.4,95.6,98.8,0,7,206,1,94.50000000000003,130.50000000000009
2024-07-25,region_2,0.951,0.591,6.1,89.5,98.5,0,7,207,1,9.000000000000028,135.9000000000001
2024-07-26,region_2,0.951,0.591,6.4,89.0,99.1,0,7,208,1,14.900000000000029,126.50000000000009
2024-07-27,region_2,0.951,0.591,66.3,88.7,100.0,0,7,209,1,78.80000000000003,191.2000000000001
2024-07-28,region_2,0.951,0.591,9.6,100.0,99.1,0,7,210,1,82.30000000000003,182.9000000000001
2024-07-29,region_2,0.951,0.591,26.8,99.0,99.4,0,7,211,1,102.70000000000002,118.10000000000008
2024-07-30,region_2,0.951,0.591,12.4,98.9,98.4,0,7,212,1,48.800000000000026,130.00000000000009
2024-07-31,region_2,0.951,0.591,6.0,98.4,100.0,0,7,213,1,45.200000000000024,133.60000000000008
2024-08-01,region_2,0.951,0.591,53.8,96.5,99.8,0,8,214,1,72.20000000000002,181.30000000000007
2024-08-02,region_2,0.951,0.591,4.2,99.0,98.0,0,8,215,1,64.00000000000003,179.10000000000008
2024-08-03,region_2,0.951,0.591,0.6,96.3,99.3,0,8,216,1,58.60000000000002,113.40000000000008
2024-08-04,region_2,0.951,0.591,40.8,91.9,98.4,0,8,217,1,45.60000000000002,144.60000000000008
2024-08-05,region_2,0.951,0.591,89.5,98.8,100.0,0,8,218,1,130.90000000000003,207.30000000000007
2024-08-06,region_2,0.951,0.591,1.6,100.0,98.7,0,8,219,1,131.90000000000003,196.50000000000006
2024-08-07,region_2,0.951,0.591,18.9,98.1,98.6,0,8,220,1,110.00000000000003,209.40000000000006
2024-08-08,region_2,0.951,0.591,13.5,100.0,98.9,0,8,221,1,34.00000000000003,169.10000000000008
2024-08-09,region_2,0.951,0.591,12.6,98.4,100.0,0,8,222,1,45.00000000000003,177.50000000000009
2024-08-10,region_2,0.951,0.591,2.3,99.6,99.3,0,8,223,1,28.400000000000027,179.20000000000007
2024-08-11,region_2,0.951,0.591,0.6,93.4,100.0,0,8,224,1,15.500000000000028,139.00000000000009
2024-08-12,region_2,0.951,0.591,5.6,90.2,97.8,0,8,225,1,8.500000000000028,55.10000000000009
2024-08-13,region_2,0.951,0.591,45.6,88.8,97.9,0,8,226,1,51.80000000000003,99.10000000000008
2024-08-14,region_2,0.951,0.591,29.1,100.0,99.9,0,8,227,1,80.30000000000004,109.30000000000008
2024-08-15,region_2,0.951,0.591,25.5,98.4,98.8,0,8,228,1,100.20000000000005,121.3000000000001
2024-08-16,region_2,0.951,0.591,108.9,99.0,100.0,1,8,229,1,163.50000000000006,217.60000000000008
2024-08-17,region_2,0.951,0.591,0.9,100.0,100.0,0,8,230,1,135.30000000000004,216.20000000000007
2024-08-18,region_2,0.951,0.591,87.6,95.1,99.3,0,8,231,1,197.40000000000003,303.2000000000001
2024-08-19,region_2,0.951,0.591,10.1,98.7,99.4,0,8,232,1,98.60000000000004,307.7000000000001
2024-08-20,region_2,0.951,0.591,0.5,98.1,100.0,0,8,233,1,98.20000000000003,262.6000000000001
2024-08-21,region_2,0.951,0.591,1.0,94.1,98.6,0,8,234,1,11.600000000000042,234.50000000000009
2024-08-22,region_2,0.951,0.591,59.0,88.9,98.1,0,8,235,1,60.50000000000004,268.0000000000001
2024-08-23,region_2,0.951,0.591,2.1,98.1,99.8,0,8,236,1,62.100000000000044,161.20000000000007
2024-08-24,region_2,0.951,0.591,1.8,95.0,99.6,0,8,237,1,62.90000000000004,162.1000000000001
2024-08-25,region_2,0.951,0.591,0.0,90.4,96.9,0,8,238,1,3.900000000000043,74.50000000000009
2024-08-26,region_2,0.951,0.591,5.7,84.6,96.8,0,8,239,1,7.500000000000043,70.1000000000001
2024-08-27,region_2,0.951,0.591,4.8,84.2,96.9,0,8,240,1,10.500000000000043,74.40000000000009
2024-08-28,region_2,0.951,0.591,17.1,83.9,98.9,0,8,241,1,27.600000000000044,90.50000000000009
2024-08-29,region_2,0.951,0.591,37.8,90.5,99.0,0,8,242,1,59.700000000000045,69.30000000000008
2024-08-30,region_2,0.951,0.591,10.8,100.0,100.0,0,8,243,1,65.70000000000005,78.00000000000009
2024-08-31,region_2,0.951,0.591,16.4,100.0,100.0,0,8,244,1,65.00000000000004,92.60000000000008
2024-09-01,region_2,0.951,0.591,17.3,100.0,99.8,0,9,245,1,44.50000000000004,109.90000000000008
2024-09-02,region_2,0.951,0.591,10.2,98.0,99.1,0,9,246,1,43.90000000000005,114.40000000000009
2024-09-03,region_2,0.951,0.591,39.7,100.0,100.0,0,9,247,1,67.20000000000005,149.30000000000007
2024-09-04,region_2,0.951,0.591,2.6,99.4,100.0,0,9,248,1,52.50000000000005,134.8000000000001
2024-09-05,region_2,0.951,0.591,5.6,97.0,100.0,0,9,249,1,47.90000000000005,102.6000000000001
2024-09-06,region_2,0.951,0.591,6.8,95.0,100.0,0,9,250,1,15.000000000000043,98.6000000000001
2024-09-07,region_2,0.951,0.591,2.1,95.9,100.0,0,9,251,1,14.500000000000043,84.30000000000008
2024-09-08,region_2,0.951,0.591,1.9,88.2,98.1,0,9,252,1,10.800000000000043,68.90000000000009
2024-09-09,region_2,0.951,0.591,1.6,84.2,99.7,0,9,253,1,5.600000000000042,60.30000000000009
2024-09-10,region_2,0.951,0.591,28.8,81.8,95.0,0,9,254,1,32.30000000000004,49.400000000000084
2024-09-11,region_2,0.951,0.591,13.7,97.9,100.0,0,9,255,1,44.100000000000044,60.500000000000085
2024-09-12,region_2,0.951,0.591,27.4,98.6,100.0,0,9,256,1,69.90000000000003,82.30000000000008
2024-09-13,region_2,0.951,0.591,10.4,100.0,97.6,0,9,257,1,51.50000000000004,85.90000000000009
2024-09-14,region_2,0.951,0.591,11.4,99.3,100.0,0,9,258,1,49.200000000000045,95.20000000000007
2024-09-15,region_2,0.951,0.591,40.4,100.0,99.8,0,9,259,1,62.20000000000004,133.7000000000001
2024-09-16,region_2,0.951,0.591,26.1,97.5,99.6,0,9,260,1,77.90000000000003,158.2000000000001
2024-09-17,region_2,0.951,0.591,2.3,99.6,99.7,0,9,261,1,68.80000000000004,131.70000000000007
2024-09-18,region_2,0.951,0.591,2.6,95.9,99.8,0,9,262,1,31.000000000000043,120.60000000000008
2024-09-19,region_2,0.951,0.591,4.1,91.8,99.3,0,9,263,1,9.000000000000043,97.3000000000001
2024-09-20,region_2,0.951,0.591,1.7,89.5,98.5,0,9,264,1,8.400000000000043,88.60000000000008
2024-09-21,region_2,0.951,0.591,13.1,83.8,99.3,0,9,265,1,18.90000000000004,90.30000000000008
2024-09-22,region_2,0.951,0.591,2.3,89.4,99.6,0,9,266,0,17.100000000000044,52.20000000000009
2024-09-23,region_2,0.951,0.591,0.1,84.9,100.0,0,9,267,0,15.500000000000044,26.200000000000085
2024-09-24,region_2,0.951,0.591,1.0,81.0,98.5,0,9,268,0,3.4000000000000443,24.900000000000084
2024-09-25,region_2,0.951,0.591,0.7,73.3,97.2,0,9,269,0,1.8000000000000442,23.000000000000085
2024-09-26,region_2,0.951,0.591,5.2,67.6,96.5,0,9,270,0,6.900000000000045,24.100000000000083
2024-09-27,region_2,0.951,0.591,2.5,73.4,95.3,0,9,271,0,8.400000000000045,24.900000000000084
2024-09-28,region_2,0.951,0.591,0.1,67.9,93.4,0,9,272,0,7.800000000000043,11.900000000000086
2024-09-29,region_2,0.951,0.591,1.6,62.0,89.1,0,9,273,0,4.200000000000044,11.200000000000086
2024-09-30,region_2,0.951,0.591,0.0,61.8,90.7,0,9,274,0,1.7000000000000437,11.100000000000085
2024-10-01,region_2,0.951,0.591,0.5,57.4,90.3,0,10,275,0,2.1000000000000436,10.600000000000085
2024-10-02,region_2,0.951,0.591,2.3,55.6,87.8,0,10,276,0,2.8000000000000433,12.200000000000085
2024-10-03,region_2,0.951,0.591,2.2,54.0,85.1,0,10,277,0,5.0000000000000435,9.200000000000085
2024-10-04,region_2,0.951,0.591,2.3,50.7,84.3,0,10,278,0,6.800000000000043,9.000000000000085
2024-10-05,region_2,0.951,0.591,2.5,51.5,82.5,0,10,279,0,7.0000000000000435,11.400000000000086
2024-10-06,region_2,0.951,0.591,95.3,46.8,82.2,0,10,280,0,100.10000000000004,105.10000000000008
2024-10-07,region_2,0.951,0.591,3.2,96.5,95.4,0,10,281,0,101.00000000000004,108.30000000000008
2024-10-08,region_2,0.951,0.591,20.0,96.3,98.2,0,10,282,0,118.50000000000004,127.80000000000008
2024-10-09,region_2,0.951,0.591,3.4,99.6,100.0,0,10,283,0,26.60000000000004,128.9000000000001
2024-10-10,region_2,0.951,0.591,0.5,93.3,100.0,0,10,284,0,23.90000000000004,127.20000000000007
2024-10-11,region_2,0.951,0.591,1.1,91.6,97.6,0,10,285,0,5.000000000000043,126.00000000000009
2024-10-12,region_2,0.951,0.591,0.6,83.4,96.7,0,10,286,0,2.200000000000043,124.10000000000008
2024-10-13,region_2,0.951,0.591,3.2,80.9,94.4,0,10,287,0,4.900000000000043,32.000000000000085
2024-10-14,region_2,0.951,0.591,18.3,79.4,96.4,0,10,288,0,22.100000000000044,47.10000000000009
2024-10-15,region_2,0.951,0.591,0.7,88.3,99.5,0,10,289,0,22.200000000000042,27.800000000000086
2024-10-16,region_2,0.951,0.591,0.1,83.3,98.6,0,10,290,0,19.100000000000044,24.50000000000009
2024-10-17,region_2,0.951,0.591,1.8,77.2,94.9,0,10,291,0,2.6000000000000427,25.80000000000009
2024-10-18,region_2,0.951,0.591,0.3,74.5,94.3,0,10,292,0,2.200000000000043,25.000000000000085
2024-10-19,region_2,0.951,0.591,2.0,70.7,93.4,0,10,293,0,4.100000000000042,26.400000000000084
2024-10-20,region_2,0.951,0.591,4.2,66.2,92.0,0,10,294,0,6.5000000000000435,27.400000000000084
2024-10-21,region_2,0.951,0.591,2.8,64.2,92.5,0,10,295,0,9.000000000000043,11.900000000000084
2024-10-22,region_2,0.951,0.591,1.2,65.4,93.3,0,10,296,0,8.200000000000044,12.400000000000086
2024-10-23,region_2,0.951,0.591,0.4,64.1,87.7,0,10,297,0,4.400000000000042,12.700000000000085
2024-10-24,region_2,0.951,0.591,0.7,60.0,89.0,0,10,298,0,2.3000000000000425,11.600000000000085
2024-10-25,region_2,0.951,0.591,2.9,50.9,86.9,0,10,299,0,4.000000000000043,14.200000000000085
2024-10-26,region_2,0.951,0.591,1.1,55.7,84.8,0,10,300,0,4.700000000000042,13.300000000000084
2024-10-27,region_2,0.951,0.591,0.3,50.3,83.4,0,10,301,0,4.3000000000000425,9.400000000000084
2024-10-28,region_2,0.951,0.591,0.4,50.9,83.4,0,10,302,0,1.8000000000000422,7.000000000000084
2024-10-29,region_2,0.951,0.591,1.0,44.0,80.6,0,10,303,0,1.7000000000000421,6.800000000000084
2024-10-30,region_2,0.951,0.591,1.4,41.9,78.8,0,10,304,0,2.800000000000042,7.800000000000084
2024-10-31,region_2,0.951,0.591,0.2,42.1,76.7,0,10,305,0,2.6000000000000423,7.300000000000084
2024-11-01,region_2,0.951,0.591,1.4,39.1,75.4,0,11,306,0,3.0000000000000417,5.800000000000084
2024-11-02,region_2,0.951,0.591,1.4,37.6,73.6,0,11,307,0,3.0000000000000417,6.100000000000084
2024-11-03,region_2,0.951,0.591,0.5,38.4,74.3,0,11,308,0,3.3000000000000416,6.300000000000084
2024-11-04,region_2,0.951,0.591,1.2,36.9,71.2,0,11,309,0,3.1000000000000423,7.100000000000084
2024-11-05,region_2,0.951,0.591,0.5,32.5,69.5,0,11,310,0,2.200000000000042,6.600000000000084
2024-11-06,region_2,0.951,0.591,0.3,34.7,69.4,0,11,311,0,2.000000000000042,5.500000000000084
2024-11-07,region_2,0.951,0.591,45.0,28.6,67.1,0,11,312,0,45.80000000000004,50.30000000000008
2024-11-08,region_2,0.951,0.591,0.1,62.7,71.2,0,11,313,0,45.40000000000004,49.000000000000085
2024-11-09,region_2,0.951,0.591,0.3,63.5,68.3,0,11,314,0,45.40000000000004,47.900000000000084
2024-11-10,region_2,0.951,0.591,11.3,56.8,67.2,0,11,315,0,11.700000000000044,58.70000000000009
2024-11-11,region_2,0.951,0.591,2.6,60.8,68.5,0,11,316,0,14.200000000000044,60.10000000000009
2024-11-12,region_2,0.951,0.591,0.0,60.6,68.3,0,11,317,0,13.900000000000043,59.60000000000009
2024-11-13,region_2,0.951,0.591,23.2,57.6,67.1,0,11,318,0,25.80000000000004,82.50000000000009
2024-11-14,region_2,0.951,0.591,0.0,67.5,69.3,0,11,319,0,23.200000000000042,37.500000000000085
2024-11-15,region_2,0.951,0.591,0.0,64.8,66.9,0,11,320,0,23.200000000000042,37.400000000000084
2024-11-16,region_2,0.951,0.591,1.5,57.7,66.4,0,11,321,0,1.5000000000000426,38.60000000000009
2024-11-17,region_2,0.951,0.591,3.9,55.7,65.8,0,11,322,0,5.400000000000043,31.20000000000008
2024-11-18,region_2,0.951,0.591,24.6,54.8,63.6,0,11,323,0,30.000000000000043,53.20000000000009
2024-11-19,region_2,0.951,0.591,1.3,70.4,67.2,0,11,324,0,29.800000000000043,54.500000000000085
2024-11-20,region_2,0.951,0.591,1.2,68.2,67.1,0,11,325,0,27.100000000000044,32.500000000000085
2024-11-21,region_2,0.951,0.591,0.7,63.3,65.5,0,11,326,0,3.200000000000043,33.20000000000009
2024-11-22,region_2,0.951,0.591,2.3,61.8,65.8,0,11,327,0,4.200000000000043,35.500000000000085
2024-11-23,region_2,0.951,0.591,13.0,60.4,64.8,0,11,328,0,16.000000000000043,47.000000000000085
2024-11-24,region_2,0.951,0.591,0.7,65.1,67.2,0,11,329,0,16.000000000000043,43.80000000000009
2024-11-25,region_2,0.951,0.591,0.9,62.3,66.7,0,11,330,0,14.600000000000042,20.100000000000087
2024-11-26,region_2,0.951,0.591,0.6,59.2,65.3,0,11,331,0,2.200000000000043,19.400000000000084
2024-11-27,region_2,0.951,0.591,27.2,56.4,64.2,0,11,332,0,28.700000000000042,45.400000000000084
2024-11-28,region_2,0.951,0.591,0.2,70.4,68.4,0,11,333,0,28.000000000000043,44.900000000000084
2024-11-29,region_2,0.951,0.591,1.0,67.9,65.9,0,11,334,0,28.40000000000004,43.60000000000009
2024-11-30,region_2,0.951,0.591,10.2,64.7,62.6,0,11,335,0,11.400000000000041,40.80000000000008
2024-12-01,region_2,0.951,0.591,0.6,64.3,64.7,0,12,336,0,11.800000000000042,40.70000000000008
2024-12-02,region_2,0.951,0.591,0.1,63.1,65.8,0,12,337,0,10.900000000000041,39.900000000000084
2024-12-03,region_2,0.951,0.591,0.0,60.3,64.2,0,12,338,0,0.7000000000000426,39.30000000000008
2024-12-04,region_2,0.951,0.591,0.1,56.5,63.4,0,12,339,0,0.20000000000004264,12.200000000000085
2024-12-05,region_2,0.951,0.591,0.3,51.6,64.3,0,12,340,0,0.40000000000004265,12.300000000000084
2024-12-06,region_2,0.951,0.591,2.5,48.4,60.5,0,12,341,0,2.9000000000000425,13.800000000000084
2024-12-07,region_2,0.951,0.591,1.5,45.5,59.5,0,12,342,0,4.3000000000000425,5.100000000000085
2024-12-08,region_2,0.951,0.591,11.8,45.0,58.9,0,12,343,0,15.800000000000043,16.300000000000086
2024-12-09,region_2,0.951,0.591,4.3,51.3,57.9,0,12,344,0,17.600000000000044,20.500000000000085
2024-12-10,region_2,0.951,0.591,0.2,55.4,59.7,0,12,345,0,16.300000000000043,20.700000000000085
2024-12-11,region_2,0.951,0.591,0.3,50.2,57.6,0,12,346,0,4.8000000000000425,20.900000000000087
2024-12-12,region_2,0.951,0.591,0.4,47.6,58.4,0,12,347,0,0.9000000000000427,21.000000000000085
2024-12-13,region_2,0.951,0.591,0.1,44.2,54.0,0,12,348,0,0.8000000000000426,18.600000000000087
2024-12-14,region_2,0.951,0.591,0.2,40.3,54.5,0,12,349,0,0.7000000000000427,17.300000000000086
2024-12-15,region_2,0.951,0.591,17.1,41.1,52.8,0,12,350,0,17.400000000000045,22.600000000000087
2024-12-16,region_2,0.951,0.591,0.1,52.8,53.5,0,12,351,0,17.400000000000045,18.400000000000087
2024-12-17,region_2,0.951,0.591,2.7,50.4,54.1,0,12,352,0,19.900000000000045,20.900000000000087
2024-12-18,region_2,0.951,0.591,0.9,45.1,52.7,0,12,353,0,3.700000000000043,21.500000000000085
2024-12-19,region_2,0.951,0.591,0.7,47.5,53.4,0,12,354,0,4.3000000000000425,21.800000000000086
2024-12-20,region_2,0.951,0.591,9.2,42.9,50.6,0,12,355,0,10.800000000000042,30.900000000000084
2024-12-21,region_2,0.951,0.591,0.2,48.7,50.8,0,12,356,0,10.10000000000004,30.900000000000087
2024-12-22,region_2,0.951,0.591,0.7,40.8,52.2,0,12,357,0,10.100000000000042,14.500000000000085
2024-12-23,region_2,0.951,0.591,15.6,43.1,47.9,0,12,358,0,16.500000000000043,30.000000000000085
2024-12-24,region_2,0.951,0.591,0.9,52.8,49.5,0,12,359,0,17.200000000000042,28.200000000000085
2024-12-25,region_2,0.951,0.591,0.7,49.9,46.4,0,12,360,0,17.200000000000045,28.000000000000085
2024-12-26,region_2,0.951,0.591,18.9,47.4,48.2,0,12,361,0,20.500000000000043,46.20000000000009
2024-12-27,region_2,0.951,0.591,0.5,56.1,51.4,0,12,362,0,20.100000000000044,37.500000000000085
2024-12-28,region_2,0.951,0.591,0.4,51.7,50.2,0,12,363,0,19.80000000000004,37.70000000000009
2024-12-29,region_2,0.951,0.591,2.5,49.0,49.0,0,12,364,0,3.4000000000000425,39.500000000000085
2020-01-01,region_3,0.972,0.893,0.3,27.4,38.3,0,1,1,0,0.3,0.3
2020-01-02,region_3,0.972,0.893,0.1,23.3,37.3,0,1,2,0,0.4,0.4
2020-01-03,region_3,0.972,0.893,0.2,24.5,34.6,0,1,3,0,0.6,0.6
2020-01-04,region_3,0.972,0.893,0.6,26.3,35.4,0,1,4,0,0.8999999999999999,1.2
2020-01-05,region_3,0.972,0.893,0.5,23.8,33.4,0,1,5,0,1.3,1.7
2020-01-06,region_3,0.972,0.893,0.4,21.0,34.1,0,1,6,0,1.5,2.1
2020-01-07,region_3,0.972,0.893,1.0,19.6,33.3,0,1,7,0,1.9,3.1
2020-01-08,region_3,0.972,0.893,0.9,20.9,32.5,0,1,8,0,2.3,3.7
2020-01-09,region_3,0.972,0.893,0.1,21.2,31.9,0,1,9,0,2.0,3.7
2020-01-10,region_3,0.972,0.893,0.1,18.3,31.7,0,1,10,0,1.1,3.6
2020-01-11,region_3,0.972,0.893,15.9,18.2,31.1,0,1,11,0,16.1,18.9
2020-01-12,region_3,0.972,0.893,3.9,27.0,30.7,0,1,12,0,19.9,22.3
2020-01-13,region_3,0.972,0.893,0.3,32.9,30.9,0,1,13,0,20.1,22.200000000000003
2020-01-14,region_3,0.972,0.893,1.8,29.0,26.9,0,1,14,0,6.0,23.0
2020-01-15,region_3,0.972,0.893,0.4,31.0,27.7,0,1,15,0,2.5,22.5
2020-01-16,region_3,0.972,0.893,0.4,29.3,28.6,0,1,16,0,2.6000000000000005,22.8
2020-01-17,region_3,0.972,0.893,0.4,28.2,27.5,0,1,17,0,1.2000000000000002,23.1
2020-01-18,region_3,0.972,0.893,0.5,26.0,26.1,0,1,18,0,1.3,7.7
2020-01-19,region_3,0.972,0.893,0.1,27.8,26.8,0,1,19,0,1.0,3.9000000000000004
2020-01-20,region_3,0.972,0.893,0.5,23.1,26.5,0,1,20,0,1.1,4.1000000000000005
2020-01-21,region_3,0.972,0.893,0.4,25.7,24.5,0,1,21,0,1.0,2.7
2020-01-22,region_3,0.972,0.893,0.1,22.7,24.1,0,1,22,0,1.0,2.4000000000000004
2020-01-23,region_3,0.972,0.893,0.1,21.4,22.5,0,1,23,0,0.6000000000000001,2.0999999999999996
2020-01-24,region_3,0.972,0.893,1.0,19.8,23.5,0,1,24,0,1.2000000000000002,2.7
2020-01-25,region_3,0.972,0.893,1.7,20.1,23.1,0,1,25,0,2.8,3.9
2020-01-26,region_3,0.972,0.893,0.1,19.9,21.6,0,1,26,0,2.8,3.9
2020-01-27,region_3,0.972,0.893,0.5,21.6,21.6,0,1,27,0,2.3000000000000003,3.9000000000000004
2020-01-28,region_3,0.972,0.893,0.3,16.5,21.6,0,1,28,0,0.9000000000000001,3.8
2020-01-29,region_3,0.972,0.893,0.2,17.4,22.1,0,1,29,0,1.0000000000000002,3.9
2020-01-30,region_3,0.972,0.893,0.6,15.5,20.4,0,1,30,0,1.1,4.4
2020-01-31,region_3,0.972,0.893,0.8,15.6,19.4,0,1,31,0,1.6,4.2
2020-02-01,region_3,0.972,0.893,0.2,16.2,21.3,0,2,32,0,1.6000000000000003,2.7
2020-02-02,region_3,0.972,0.893,0.6,17.8,20.1,0,2,33,0,1.6000000000000003,3.2
2020-02-03,region_3,0.972,0.893,0.5,15.9,17.7,0,2,34,0,1.3000000000000003,3.2
2020-02-04,region_3,0.972,0.893,8.6,13.3,19.3,0,2,35,0,9.7,11.5
2020-02-05,region_3,0.972,0.893,1.2,20.6,17.8,0,2,36,0,10.299999999999999,12.5
2020-02-06,region_3,0.972,0.893,1.1,22.7,19.0,0,2,37,0,10.9,13.0
2020-02-07,region_3,0.972,0.893,0.2,19.8,17.2,0,2,38,0,2.5,12.4
2020-02-08,region_3,0.972,0.893,0.7,20.0,15.4,0,2,39,0,2.0,12.899999999999999
2020-02-09,region_3,0.972,0.893,8.7,19.9,16.3,0,2,40,0,9.6,21.0
2020-02-10,region_3,0.972,0.893,0.2,25.1,15.9,0,2,41,0,9.6,20.7
2020-02-11,region_3,0.972,0.893,0.0,22.9,15.8,0,2,42,0,8.899999999999999,12.099999999999998
2020-02-12,region_3,0.972,0.893,0.8,23.3,13.8,0,2,43,0,1.0,11.7
2020-02-13,region_3,0.972,0.893,0.1,25.7,15.6,0,2,44,0,0.9,10.699999999999998
2020-02-14,region_3,0.972,0.893,0.7,20.4,13.3,0,2,45,0,1.5999999999999999,11.2
2020-02-15,region_3,0.972,0.893,0.6,19.7,14.9,0,2,46,0,1.4,11.1
2020-02-16,region_3,0.972,0.893,3.5,21.1,12.3,0,2,47,0,4.8,5.9
2020-02-17,region_3,0.972,0.893,0.2,24.6,13.5,0,2,48,0,4.3,5.8999999999999995
2020-02-18,region_3,0.972,0.893,0.4,18.8,14.8,0,2,49,0,4.1,6.3
2020-02-19,region_3,0.972,0.893,0.0,17.5,14.6,0,2,50,0,0.6000000000000001,5.5
2020-02-20,region_3,0.972,0.893,0.3,19.5,12.8,0,2,51,0,0.7,5.7
2020-02-21,region_3,0.972,0.893,1.0,18.8,13.9,0,2,52,0,1.2999999999999998,6.0
2020-02-22,region_3,0.972,0.893,12.6,15.8,11.2,0,2,53,0,13.899999999999999,18.0
2020-02-23,region_3,0.972,0.893,1.2,26.1,14.1,0,2,54,0,14.799999999999999,15.7
2020-02-24,region_3,0.972,0.893,0.1,24.3,14.1,0,2,55,0,13.9,15.6
2020-02-25,region_3,0.972,0.893,0.1,24.2,12.4,0,2,56,0,1.4,15.3
2020-02-26,region_3,0.972,0.893,37.6,23.1,11.9,0,2,57,0,37.800000000000004,52.900000000000006
2020-02-27,region_3,0.972,0.893,0.9,47.9,11.6,0,2,58,0,38.6,53.49999999999999
2020-02-28,region_3,0.972,0.893,0.4,46.5,13.7,0,2,59,0,38.9,52.89999999999999
2020-02-29,region_3,0.972,0.893,0.2,42.4,14.2,0,2,60,0,1.5,40.5
2020-03-01,region_3,0.972,0.893,0.7,42.7,13.6,0,3,61,0,1.2999999999999998,40.0
2020-03-02,region_3,0.972,0.893,0.5,40.4,13.2,0,3,62,0,1.4,40.4
2020-03-03,region_3,0.972,0.893,0.6,35.3,11.4,0,3,63,0,1.7999999999999998,40.9
2020-03-04,region_3,0.972,0.893,1.1,37.4,12.7,0,3,64,0,2.2,4.4
2020-03-05,region_3,0.972,0.893,0.4,35.8,11.6,0,3,65,0,2.1,3.9
2020-03-06,region_3,0.972,0.893,1.5,35.9,13.6,0,3,66,0,3.0,5.0
2020-03-07,region_3,0.972,0.893,26.4,32.7,12.7,0,3,67,0,28.299999999999997,31.2
2020-03-08,region_3,0.972,0.893,0.3,49.8,13.8,0,3,68,0,28.2,30.8
2020-03-09,region_3,0.972,0.893,1.5,42.3,13.4,0,3,69,0,28.2,31.8
2020-03-10,region_3,0.972,0.893,1.9,43.0,12.3,0,3,70,0,3.7,33.1
2020-03-11,region_3,0.972,0.893,40.1,39.9,12.4,0,3,71,0,43.5,72.1
2020-03-12,region_3,0.972,0.893,0.1,73.1,19.2,0,3,72,0,42.1,71.80000000000001
2020-03-13,region_3,0.972,0.893,0.0,70.1,16.1,0,3,73,0,40.2,70.30000000000001
2020-03-14,region_3,0.972,0.893,0.2,66.1,16.6,0,3,74,0,0.30000000000000004,44.1
2020-03-15,region_3,0.972,0.893,0.9,64.2,16.5,0,3,75,0,1.1,44.70000000000001
2020-03-16,region_3,0.972,0.893,0.9,63.9,16.3,0,3,76,0,2.0,44.10000000000001
2020-03-17,region_3,0.972,0.893,0.1,57.1,16.4,0,3,77,0,1.9000000000000001,42.300000000000004
2020-03-18,region_3,0.972,0.893,0.1,56.6,17.8,0,3,78,0,1.1,2.3000000000000003
2020-03-19,region_3,0.972,0.893,0.9,53.0,15.7,0,3,79,0,1.1,3.1
2020-03-20,region_3,0.972,0.893,0.4,50.4,16.0,0,3,80,0,1.4,3.5
2020-03-21,region_3,0.972,0.893,0.4,48.9,14.9,0,3,81,0,1.7000000000000002,3.7
2020-03-22,region_3,0.972,0.893,0.2,44.9,14.7,0,3,82,0,1.0,3.0
2020-03-23,region_3,0.972,0.893,0.8,44.8,15.1,0,3,83,0,1.4,2.9000000000000004
2020-03-24,region_3,0.972,0.893,0.3,39.3,15.8,0,3,84,0,1.3,3.1
2020-03-25,region_3,0.972,0.893,3.8,39.7,15.4,0,3,85,0,4.9,6.8
2020-03-26,region_3,0.972,0.893,4.6,40.0,11.1,0,3,86,0,8.7,10.5
2020-03-27,region_3,0.972,0.893,3.3,46.3,13.1,0,3,87,0,11.7,13.399999999999999
2020-03-28,region_3,0.972,0.893,2.1,41.6,17.0,0,3,88,0,10.0,15.1
2020-03-29,region_3,0.972,0.893,0.1,43.1,14.4,0,3,89,0,5.500000000000001,15.0
2020-03-30,region_3,0.972,0.893,6.6,42.1,14.2,0,3,90,0,8.8,20.799999999999997
2020-03-31,region_3,0.972,0.893,18.3,42.3,14.4,0,3,91,0,25.0,38.8
2020-04-01,region_3,0.972,0.893,14.6,53.7,15.4,0,4,92,0,39.5,49.6
2020-04-02,region_3,0.972,0.893,2.3,60.0,19.7,0,4,93,0,35.2,47.300000000000004
2020-04-03,region_3,0.972,0.893,2.7,58.8,20.1,0,4,94,0,19.6,46.7
2020-04-04,region_3,0.972,0.893,31.0,60.9,20.5,0,4,95,0,36.0,75.6
2020-04-05,region_3,0.972,0.893,2.0,79.6,30.5,0,4,96,0,35.7,77.5
2020-04-06,region_3,0.972,0.893,73.5,80.4,33.2,0,4,97,0,106.5,144.39999999999998
2020-04-07,region_3,0.972,0.893,1.0,96.9,81.7,0,4,98,0,76.5,127.1
2020-04-08,region_3,0.972,0.893,2.9,96.8,81.0,0,4,99,0,77.4,115.4
2020-04-09,region_3,0.972,0.893,0.4,91.7,81.5,0,4,100,0,4.3,113.49999999999999
2020-04-10,region_3,0.972,0.893,0.7,85.2,79.3,0,4,101,0,4.0,111.5
2020-04-11,region_3,0.972,0.893,0.2,83.4,77.7,0,4,102,0,1.3,80.7
2020-04-12,region_3,0.972,0.893,0.7,77.6,75.3,0,4,103,0,1.6,79.39999999999999
2020-04-13,region_3,0.972,0.893,2.5,77.1,76.1,0,4,104,0,3.4000000000000004,8.399999999999986
2020-04-14,region_3,0.972,0.893,7.3,74.8,74.7,0,4,105,0,10.5,14.699999999999985
2020-04-15,region_3,0.972,0.893,0.4,72.2,77.9,0,4,106,0,10.200000000000001,12.199999999999985
2020-04-16,region_3,0.972,0.893,1.0,71.2,75.6,0,4,107,0,8.700000000000001,12.799999999999985
2020-04-17,region_3,0.972,0.893,17.3,66.6,75.5,0,4,108,0,18.700000000000003,29.399999999999984
2020-04-18,region_3,0.972,0.893,16.3,75.7,80.1,0,4,109,0,34.6,45.499999999999986
2020-04-19,region_3,0.972,0.893,0.6,86.7,87.0,0,4,110,0,34.2,45.399999999999984
2020-04-20,region_3,0.972,0.893,0.9,79.2,88.2,0,4,111,0,17.8,43.79999999999998
2020-04-21,region_3,0.972,0.893,1.2,78.5,86.0,0,4,112,0,2.7,37.69999999999999
2020-04-22,region_3,0.972,0.893,1.4,75.8,81.7,0,4,113,0,3.5,38.69999999999999
2020-04-23,region_3,0.972,0.893,8.4,69.7,82.8,0,4,114,0,11.0,46.099999999999994
2020-04-24,region_3,0.972,0.893,30.6,73.0,85.4,0,4,115,0,40.400000000000006,59.39999999999999
2020-04-25,region_3,0.972,0.893,27.0,89.4,97.3,0,4,116,0,66.0,70.1
2020-04-26,region_3,0.972,0.893,2.2,100.0,98.7,0,4,117,0,59.8,71.69999999999999
2020-04-27,region_3,0.972,0.893,11.9,97.7,99.2,0,4,118,0,41.1,82.69999999999999
2020-04-28,region_3,0.972,0.893,3.7,99.9,100.0,0,4,119,0,17.8,85.19999999999999
2020-04-29,region_3,0.972,0.893,2.3,97.9,99.3,0,4,120,0,17.900000000000002,86.1
2020-04-30,region_3,0.972,0.893,20.7,92.7,100.0,0,4,121,0,26.7,98.39999999999999
2020-05-01,region_3,0.972,0.893,9.1,98.7,98.4,0,5,122,0,32.1,76.89999999999999
2020-05-02,region_3,0.972,0.893,2.6,99.5,100.0,0,5,123,0,32.4,52.499999999999986
2020-05-03,region_3,0.972,0.893,49.4,96.7,100.0,0,5,124,0,61.099999999999994,99.69999999999999
2020-05-04,region_3,0.972,0.893,2.4,100.0,100.0,0,5,125,0,54.4,90.19999999999999
2020-05-05,region_3,0.972,0.893,1.0,96.0,100.0,0,5,126,0,52.8,87.49999999999999
2020-05-06,region_3,0.972,0.893,2.8,92.5,98.0,0,5,127,0,6.199999999999999,87.99999999999999
2020-05-07,region_3,0.972,0.893,92.5,87.7,98.1,0,5,128,0,96.3,159.79999999999998
2020-05-08,region_3,0.972,0.893,1.2,100.0,99.6,0,5,129,0,96.5,151.89999999999998
2020-05-09,region_3,0.972,0.893,92.5,95.2,98.3,0,5,130,0,186.2,241.8
2020-05-10,region_3,0.972,0.893,5.7,99.7,100.0,0,5,131,0,99.4,198.1
2020-05-11,region_3,0.972,0.893,29.4,99.3,99.1,0,5,132,0,127.6,225.1
2020-05-12,region_3,0.972,0.893,1.2,99.2,100.0,0,5,133,0,36.3,225.29999999999998
2020-05-13,region_3,0.972,0.893,7.8,93.8,99.3,0,5,134,0,38.4,230.3
2020-05-14,region_3,0.972,0.893,6.7,97.0,98.8,0,5,135,1,15.7,144.5
2020-05-15,region_3,0.972,0.893,19.1,97.2,100.0,0,5,136,1,33.6,162.39999999999998
2020-05-16,region_3,0.972,0.893,4.2,98.0,100.0,0,5,137,1,30.0,74.09999999999998
2020-05-17,region_3,0.972,0.893,21.3,97.9,100.0,0,5,138,1,44.6,89.69999999999999
2020-05-18,region_3,0.972,0.893,3.6,100.0,98.1,0,5,139,1,29.1,63.89999999999999
2020-05-19,region_3,0.972,0.893,2.6,97.2,100.0,0,5,140,1,27.5,65.29999999999998
2020-05-20,region_3,0.972,0.893,8.6,94.2,97.2,0,5,141,1,14.8,66.1
2020-05-21,region_3,0.972,0.893,21.5,98.6,98.3,0,5,142,1,32.7,80.89999999999999
2020-05-22,region_3,0.972,0.893,12.0,100.0,98.2,0,5,143,1,42.1,73.79999999999998
2020-05-23,region_3,0.972,0.893,66.2,100.0,99.7,0,5,144,1,99.7,135.79999999999998
2020-05-24,region_3,0.972,0.893,55.4,100.0,98.1,0,5,145,1,133.6,169.89999999999998
2020-05-25,region_3,0.972,0.893,12.9,100.0,97.8,0,5,146,1,134.5,179.2
2020-05-26,region_3,0.972,0.893,1.7,100.0,99.3,0,5,147,1,70.0,178.29999999999998
2020-05-27,region_3,0.972,0.893,17.2,95.3,98.4,0,5,148,1,31.8,186.89999999999998
2020-05-28,region_3,0.972,0.893,5.6,100.0,99.7,0,5,149,1,24.5,170.99999999999997
2020-05-29,region_3,0.972,0.893,21.9,96.6,100.0,0,5,150,1,44.7,180.89999999999998
2020-05-30,region_3,0.972,0.893,6.9,98.9,100.0,0,5,151,1,34.4,121.59999999999998
2020-05-31,region_3,0.972,0.893,3.6,100.0,100.0,0,5,152,1,32.4,69.8
2020-06-01,region_3,0.972,0.893,4.7,96.8,100.0,0,6,153,1,15.200000000000001,61.59999999999999
2020-06-02,region_3,0.972,0.893,3.7,93.9,99.7,0,6,154,1,12.0,63.59999999999998
2020-06-03,region_3,0.972,0.893,2.5,92.7,100.0,0,6,155,1,10.900000000000002,48.89999999999998
2020-06-04,region_3,0.972,0.893,1.4,89.0,100.0,0,6,156,1,7.6,44.69999999999999
2020-06-05,region_3,0.972,0.893,73.1,87.7,97.5,0,6,157,1,77.0,95.89999999999998
2020-06-06,region_3,0.972,0.893,1.1,99.4,98.6,0,6,158,1,75.6,90.09999999999997
2020-06-07,region_3,0.972,0.893,0.8,95.2,97.9,0,6,159,1,75.0,87.29999999999998
2020-06-08,region_3,0.972,0.893,31.1,91.9,96.3,0,6,160,1,33.0,113.69999999999997
2020-06-09,region_3,0.972,0.893,31.9,100.0,99.8,0,6,161,1,63.8,141.89999999999998
2020-06-10,region_3,0.972,0.893,13.3,98.2,100.0,0,6,162,1,76.3,152.69999999999996
2020-06-11,region_3,0.972,0.893,0.6,98.3,99.8,0,6,163,1,45.8,151.89999999999998
2020-06-12,region_3,0.972,0.893,64.7,95.1,97.1,1,6,164,1,78.6,143.5
2020-06-13,region_3,0.972,0.893,17.3,100.0,99.7,0,6,165,1,82.60000000000001,159.7
2020-06-14,region_3,0.972,0.893,21.8,99.0,100.0,0,6,166,1,103.80000000000001,180.7
2020-06-15,region_3,0.972,0.893,1.3,99.2,100.0,0,6,167,1,40.4,150.89999999999998
2020-06-16,region_3,0.972,0.893,41.6,96.1,98.2,0,6,168,1,64.7,160.59999999999997
2020-06-17,region_3,0.972,0.893,2.2,100.0,100.0,0,6,169,1,45.1,149.5
2020-06-18,region_3,0.972,0.893,2.0,96.3,99.7,0,6,170,1,45.8,150.89999999999998
2020-06-19,region_3,0.972,0.893,28.3,93.5,98.8,0,6,171,1,32.49999999999999,114.49999999999999
2020-06-20,region_3,0.972,0.893,0.3,98.6,99.5,0,6,172,1,30.599999999999994,97.49999999999999
2020-06-21,region_3,0.972,0.893,23.2,97.2,96.1,0,6,173,1,51.8,98.89999999999999
2020-06-22,region_3,0.972,0.893,3.4,99.6,100.0,0,6,174,1,26.89999999999999,100.99999999999999
2020-06-23,region_3,0.972,0.893,5.8,99.4,100.0,0,6,175,1,32.39999999999999,65.19999999999999
2020-06-24,region_3,0.972,0.893,0.3,92.4,99.6,0,6,176,1,9.499999999999993,63.29999999999998
2020-06-25,region_3,0.972,0.893,87.6,88.3,98.4,0,6,177,1,93.69999999999999,148.89999999999998
2020-06-26,region_3,0.972,0.893,65.8,99.9,98.2,0,6,178,1,153.7,186.39999999999998
2020-06-27,region_3,0.972,0.893,11.8,100.0,100.0,0,6,179,1,165.2,197.89999999999998
2020-06-28,region_3,0.972,0.893,10.6,100.0,99.2,0,6,180,1,88.2,185.29999999999998
2020-06-29,region_3,0.972,0.893,6.4,99.8,99.7,0,6,181,1,28.8,188.29999999999998
2020-06-30,region_3,0.972,0.893,13.4,100.0,100.0,0,6,182,1,30.4,195.89999999999998
2020-07-01,region_3,0.972,0.893,2.0,100.0,98.5,0,7,183,1,21.799999999999997,197.59999999999997
2020-07-02,region_3,0.972,0.893,31.5,99.4,98.6,0,7,184,1,46.9,141.5
2020-07-03,region_3,0.972,0.893,1.2,99.2,99.2,0,7,185,1,34.7,76.89999999999999
2020-07-04,region_3,0.972,0.893,1.4,97.7,99.4,0,7,186,1,34.1,66.49999999999999
2020-07-05,region_3,0.972,0.893,69.3,90.8,97.1,0,7,187,1,71.9,125.19999999999999
2020-07-06,region_3,0.972,0.893,108.8,99.6,100.0,1,7,188,1,179.5,227.59999999999997
2020-07-07,region_3,0.972,0.893,2.8,98.5,100.0,0,7,189,1,180.89999999999998,216.99999999999997
2020-07-08,region_3,0.972,0.893,10.8,98.1,98.4,0,7,190,1,122.4,225.79999999999995
2020-07-09,region_3,0.972,0.893,51.5,100.0,100.0,1,7,191,1,65.1,245.79999999999995
2020-07-10,region_3,0.972,0.893,4.5,99.7,100.0,0,7,192,1,66.80000000000001,249.09999999999997
2020-07-11,region_3,0.972,0.893,46.0,98.4,99.1,0,7,193,1,102.0,293.7
2020-07-12,region_3,0.972,0.893,0.2,100.0,99.5,0,7,194,1,50.7,224.59999999999997
2020-07-13,region_3,0.972,0.893,65.4,95.8,96.6,0,7,195,1,111.60000000000001,181.2
2020-07-14,region_3,0.972,0.893,7.2,100.0,99.9,0,7,196,1,72.80000000000001,185.59999999999997
2020-07-15,region_3,0.972,0.893,3.9,98.3,100.0,0,7,197,1,76.5,178.7
2020-07-16,region_3,0.972,0.893,16.5,96.5,99.3,0,7,198,1,27.6,143.7
2020-07-17,region_3,0.972,0.893,10.9,99.2,99.1,0,7,199,1,31.300000000000004,150.1
2020-07-18,region_3,0.972,0.893,4.7,99.3,100.0,0,7,200,1,32.1,108.79999999999998
2020-07-19,region_3,0.972,0.893,17.9,98.3,99.2,0,7,201,1,33.5,126.49999999999997
2020-07-20,region_3,0.972,0.893,9.0,100.0,99.3,0,7,202,1,31.6,70.09999999999997
2020-07-21,region_3,0.972,0.893,74.9,99.7,99.7,1,7,203,1,101.80000000000001,137.79999999999995
2020-07-22,region_3,0.972,0.893,181.5,99.9,98.2,1,7,204,1,265.4,315.4
2020-07-23,region_3,0.972,0.893,6.5,100.0,99.1,0,7,205,1,262.9,305.4
2020-07-24,region_3,0.972,0.893,181.4,97.8,100.0,1,7,206,1,369.4,475.9
2020-07-25,region_3,0.972,0.893,82.6,96.8,100.0,1,7,207,1,270.5,553.8
2020-07-26,region_3,0.972,0.893,43.4,98.6,100.0,0,7,208,1,307.4,579.3
2020-07-27,region_3,0.972,0.893,3.0,100.0,100.0,0,7,209,1,129.0,573.3
2020-07-28,region_3,0.972,0.893,108.2,93.3,100.0,0,7,210,1,154.6,606.5999999999999
2020-07-29,region_3,0.972,0.893,8.3,100.0,99.6,0,7,211,1,119.49999999999999,433.3999999999999
2020-07-30,region_3,0.972,0.893,0.5,99.1,99.9,0,7,212,1,117.0,427.4
2020-07-31,region_3,0.972,0.893,164.0,96.4,98.6,0,7,213,1,172.79999999999998,409.99999999999994
2020-08-01,region_3,0.972,0.893,17.2,98.5,99.5,0,8,214,1,181.69999999999996,344.59999999999997
2020-08-02,region_3,0.972,0.893,54.4,96.2,100.0,0,8,215,1,235.59999999999997,355.5999999999999
2020-08-03,region_3,0.972,0.893,0.8,98.7,98.3,0,8,216,1,72.39999999999996,353.3999999999999
2020-08-04,region_3,0.972,0.893,11.7,95.2,98.1,0,8,217,1,66.89999999999996,256.9
2020-08-05,region_3,0.972,0.893,33.7,100.0,100.0,0,8,218,1,46.199999999999974,282.29999999999995
2020-08-06,region_3,0.972,0.893,8.1,97.9,100.0,0,8,219,1,53.49999999999998,289.8999999999999
2020-08-07,region_3,0.972,0.893,20.1,100.0,99.5,0,8,220,1,61.89999999999998,145.99999999999994
2020-08-08,region_3,0.972,0.893,76.3,100.0,100.0,0,8,221,1,104.49999999999997,205.09999999999997
2020-08-09,region_3,0.972,0.893,54.8,99.1,100.0,0,8,222,1,151.2,205.49999999999994
2020-08-10,region_3,0.972,0.893,10.4,100.0,100.0,0,8,223,1,141.49999999999994,215.09999999999994
2020-08-11,region_3,0.972,0.893,1.7,100.0,99.2,0,8,224,1,66.89999999999996,205.09999999999994
2020-08-12,region_3,0.972,0.893,24.7,96.8,99.1,0,8,225,1,36.79999999999997,196.09999999999994
2020-08-13,region_3,0.972,0.893,11.9,100.0,99.6,0,8,226,1,38.299999999999976,199.89999999999992
2020-08-14,region_3,0.972,0.893,8.7,100.0,100.0,0,8,227,1,45.29999999999997,188.49999999999994
2020-08-15,region_3,0.972,0.893,3.1,100.0,99.9,0,8,228,1,23.69999999999997,115.29999999999994
2020-08-16,region_3,0.972,0.893,2.7,94.5,99.4,0,8,229,1,14.499999999999972,63.199999999999946
2020-08-17,region_3,0.972,0.893,54.9,92.1,100.0,0,8,230,1,60.699999999999974,107.69999999999995
2020-08-18,region_3,0.972,0.893,13.3,100.0,99.2,0,8,231,1,70.89999999999996,119.29999999999994
2020-08-19,region_3,0.972,0.893,0.6,97.8,100.0,0,8,232,1,68.79999999999997,95.19999999999995
2020-08-20,region_3,0.972,0.893,0.3,96.6,98.9,0,8,233,1,14.199999999999973,83.59999999999995
2020-08-21,region_3,0.972,0.893,11.7,90.9,94.6,0,8,234,1,12.599999999999971,86.59999999999995
2020-08-22,region_3,0.972,0.893,14.2,94.1,99.2,0,8,235,1,26.19999999999997,97.69999999999993
2020-08-23,region_3,0.972,0.893,2.9,100.0,100.0,0,8,236,1,28.79999999999997,97.89999999999995
2020-08-24,region_3,0.972,0.893,5.0,98.5,100.0,0,8,237,1,22.099999999999973,47.99999999999994
2020-08-25,region_3,0.972,0.893,4.7,95.2,98.9,0,8,238,1,12.599999999999973,39.39999999999995
2020-08-26,region_3,0.972,0.893,31.9,94.3,100.0,0,8,239,1,41.59999999999997,70.69999999999995
2020-08-27,region_3,0.972,0.893,2.7,100.0,98.1,0,8,240,1,39.299999999999976,73.09999999999995
2020-08-28,region_3,0.972,0.893,46.2,94.0,100.0,0,8,241,1,80.79999999999998,107.59999999999994
2020-08-29,region_3,0.972,0.893,7.7,100.0,100.0,0,8,242,1,56.59999999999999,101.09999999999994
2020-08-30,region_3,0.972,0.893,0.6,97.7,99.9,0,8,243,1,54.49999999999998,98.79999999999995
2020-08-31,region_3,0.972,0.893,3.1,95.8,97.4,0,8,244,1,11.399999999999979,96.89999999999995
2020-09-01,region_3,0.972,0.893,6.0,92.2,99.5,0,9,245,1,9.699999999999978,98.19999999999995
2020-09-02,region_3,0.972,0.893,74.9,91.7,98.8,0,9,246,1,83.99999999999999,141.19999999999993
2020-09-03,region_3,0.972,0.893,26.1,100.0,98.1,0,9,247,1,107.0,164.59999999999997
2020-09-04,region_3,0.972,0.893,2.5,97.7,99.8,0,9,248,1,103.5,120.89999999999995
2020-09-05,region_3,0.972,0.893,15.8,97.7,100.0,0,9,249,1,44.39999999999999,128.99999999999994
2020-09-06,region_3,0.972,0.893,26.4,99.9,100.0,0,9,250,1,44.69999999999999,154.79999999999995
2020-09-07,region_3,0.972,0.893,38.3,100.0,97.3,0,9,251,1,80.49999999999999,189.99999999999994
2020-09-08,region_3,0.972,0.893,3.2,100.0,99.2,0,9,252,1,67.89999999999999,187.19999999999993
2020-09-09,region_3,0.972,0.893,40.5,97.9,99.6,0,9,253,1,81.99999999999999,152.79999999999995
2020-09-10,region_3,0.972,0.893,8.6,100.0,100.0,0,9,254,1,52.29999999999999,135.29999999999995
2020-09-11,region_3,0.972,0.893,1.7,98.7,98.6,0,9,255,1,50.79999999999998,134.49999999999994
2020-09-12,region_3,0.972,0.893,2.7,97.3,100.0,0,9,256,1,12.999999999999986,121.39999999999993
2020-09-13,region_3,0.972,0.893,0.4,94.6,100.0,0,9,257,1,4.7999999999999865,95.39999999999995
2020-09-14,region_3,0.972,0.893,31.8,89.6,96.6,0,9,258,1,34.899999999999984,88.89999999999995
2020-09-15,region_3,0.972,0.893,144.7,100.0,100.0,0,9,259,1,176.89999999999998,230.39999999999992
2020-09-16,region_3,0.972,0.893,40.8,100.0,100.0,0,9,260,1,217.29999999999995,230.69999999999993
2020-09-17,region_3,0.972,0.893,8.5,98.3,100.0,0,9,261,1,194.0,230.5999999999999
2020-09-18,region_3,0.972,0.893,22.6,99.4,100.0,0,9,262,1,71.9,251.49999999999991
2020-09-19,region_3,0.972,0.893,2.0,99.3,99.5,0,9,263,1,33.1,250.79999999999993
2020-09-20,region_3,0.972,0.893,4.9,96.1,99.6,0,9,264,1,29.5,255.29999999999993
2020-09-21,region_3,0.972,0.893,7.1,93.9,99.8,0,9,265,1,14.0,230.59999999999994
2020-09-22,region_3,0.972,0.893,48.2,97.2,99.3,0,9,266,0,60.2,134.09999999999994
2020-09-23,region_3,0.972,0.893,11.0,100.0,100.0,0,9,267,0,66.30000000000001,104.29999999999995
2020-09-24,region_3,0.972,0.893,3.3,99.9,100.0,0,9,268,0,62.5,99.09999999999995
2020-09-25,region_3,0.972,0.893,1.2,98.1,100.0,0,9,269,0,15.5,77.69999999999993
2020-09-26,region_3,0.972,0.893,1.9,94.1,99.7,0,9,270,0,6.3999999999999995,77.59999999999994
2020-09-27,region_3,0.972,0.893,16.2,93.4,97.8,0,9,271,0,19.299999999999997,88.89999999999995
2020-09-28,region_3,0.972,0.893,5.3,98.9,99.9,0,9,272,0,23.400000000000002,87.09999999999995
2020-09-29,region_3,0.972,0.893,33.8,96.3,100.0,0,9,273,0,55.3,72.69999999999993
2020-09-30,region_3,0.972,0.893,0.9,98.5,100.0,0,9,274,0,39.99999999999999,62.59999999999994
2020-10-01,region_3,0.972,0.893,2.3,95.6,97.8,0,10,275,0,37.0,61.599999999999945
2020-10-02,region_3,0.972,0.893,1.9,94.7,100.0,0,10,276,0,5.1,62.29999999999994
2020-10-03,region_3,0.972,0.893,2.4,87.9,98.3,0,10,277,0,6.6,62.79999999999994
2020-10-04,region_3,0.972,0.893,0.7,84.1,97.2,0,10,278,0,5.0,47.29999999999994
2020-10-05,region_3,0.972,0.893,5.0,82.9,95.5,0,10,279,0,8.1,46.99999999999994
2020-10-06,region_3,0.972,0.893,0.8,81.6,95.8,0,10,280,0,6.499999999999999,13.999999999999943
2020-10-07,region_3,0.972,0.893,0.3,75.3,95.8,0,10,281,0,6.1,13.399999999999942
2020-10-08,region_3,0.972,0.893,1.2,74.3,93.3,0,10,282,0,2.3,12.299999999999944
2020-10-09,region_3,0.972,0.893,0.3,72.6,91.7,0,10,283,0,1.8,10.699999999999942
2020-10-10,region_3,0.972,0.893,1.4,64.2,91.6,0,10,284,0,2.9,9.699999999999942
2020-10-11,region_3,0.972,0.893,19.8,65.8,88.1,0,10,285,0,21.5,28.799999999999944
2020-10-12,region_3,0.972,0.893,1.4,75.3,90.4,0,10,286,0,22.599999999999998,25.199999999999942
2020-10-13,region_3,0.972,0.893,0.8,73.7,90.8,0,10,287,0,22.0,25.199999999999942
2020-10-14,region_3,0.972,0.893,0.6,70.1,88.9,0,10,288,0,2.8,25.499999999999943
2020-10-15,region_3,0.972,0.893,2.2,69.3,88.1,0,10,289,0,3.6,26.499999999999943
2020-10-16,region_3,0.972,0.893,23.1,67.2,86.6,0,10,290,0,25.900000000000002,49.29999999999994
2020-10-17,region_3,0.972,0.893,2.0,76.3,92.1,0,10,291,0,27.3,49.89999999999995
2020-10-18,region_3,0.972,0.893,1.1,72.8,92.2,0,10,292,0,26.200000000000003,31.199999999999946
2020-10-19,region_3,0.972,0.893,11.2,70.2,88.1,0,10,293,0,14.299999999999999,40.99999999999994
2020-10-20,region_3,0.972,0.893,15.7,77.6,92.1,0,10,294,0,28.0,55.89999999999994
2020-10-21,region_3,0.972,0.893,1.6,80.2,97.5,0,10,295,0,28.499999999999996,56.89999999999995
2020-10-22,region_3,0.972,0.893,7.8,79.6,94.4,0,10,296,0,25.099999999999998,62.49999999999994
2020-10-23,region_3,0.972,0.893,2.6,83.0,96.9,0,10,297,0,12.0,41.99999999999994
2020-10-24,region_3,0.972,0.893,1.6,80.1,95.2,0,10,298,0,12.0,41.599999999999945
2020-10-25,region_3,0.972,0.893,8.9,73.5,94.2,0,10,299,0,13.100000000000001,49.39999999999994
2020-10-26,region_3,0.972,0.893,0.0,79.5,98.7,0,10,300,0,10.500000000000002,38.199999999999946
2020-10-27,region_3,0.972,0.893,6.7,73.6,94.6,0,10,301,0,15.600000000000001,29.199999999999942
2020-10-28,region_3,0.972,0.893,1.4,76.1,95.6,0,10,302,0,8.1,28.999999999999947
2020-10-29,region_3,0.972,0.893,3.3,73.1,93.6,0,10,303,0,11.4,24.499999999999943
2020-10-30,region_3,0.972,0.893,1.1,72.1,93.9,0,10,304,0,5.8,22.999999999999943
2020-10-31,region_3,0.972,0.893,0.5,69.8,92.5,0,10,305,0,4.9,21.899999999999945
2020-11-01,region_3,0.972,0.893,1.0,65.6,89.0,0,11,306,0,2.6,13.999999999999943
2020-11-02,region_3,0.972,0.893,17.1,62.8,88.3,0,11,307,0,18.6,31.099999999999945
2020-11-03,region_3,0.972,0.893,7.9,76.8,93.9,0,11,308,0,26.0,32.29999999999995
2020-11-04,region_3,0.972,0.893,4.4,76.7,95.1,0,11,309,0,29.400000000000002,35.29999999999994
2020-11-05,region_3,0.972,0.893,23.1,74.5,95.6,0,11,310,0,35.400000000000006,55.09999999999995
2020-11-06,region_3,0.972,0.893,0.3,91.3,99.0,0,11,311,0,27.800000000000004,54.29999999999995
2020-11-07,region_3,0.972,0.893,1.5,84.4,97.6,0,11,312,0,24.900000000000002,55.29999999999995
2020-11-08,region_3,0.972,0.893,4.7,83.5,97.9,0,11,313,0,6.5,58.99999999999994
2020-11-09,region_3,0.972,0.893,3.8,83.3,98.8,0,11,314,0,10.0,45.699999999999946
2020-11-10,region_3,0.972,0.893,0.1,82.7,97.1,0,11,315,0,8.6,37.89999999999995
2020-11-11,region_3,0.972,0.893,1.9,77.9,95.8,0,11,316,0,5.8,35.39999999999994
2020-11-12,region_3,0.972,0.893,2.3,73.3,95.1,0,11,317,0,4.3,14.599999999999943
2020-11-13,region_3,0.972,0.893,0.8,71.9,94.4,0,11,318,0,5.0,15.099999999999943
2020-11-14,region_3,0.972,0.893,7.0,71.2,92.1,0,11,319,0,10.1,20.59999999999994
2020-11-15,region_3,0.972,0.893,0.5,70.0,93.4,0,11,320,0,8.3,16.39999999999994
2020-11-16,region_3,0.972,0.893,0.6,66.9,91.5,0,11,321,0,8.1,13.199999999999942
2020-11-17,region_3,0.972,0.893,0.6,65.0,89.3,0,11,322,0,1.7,13.699999999999942
2020-11-18,region_3,0.972,0.893,3.8,63.3,85.9,0,11,323,0,5.0,15.599999999999945
2020-11-19,region_3,0.972,0.893,0.4,60.5,86.1,0,11,324,0,4.800000000000001,13.699999999999942
2020-11-20,region_3,0.972,0.893,10.1,57.2,86.1,0,11,325,0,14.3,22.999999999999943
2020-11-21,region_3,0.972,0.893,1.0,64.0,86.1,0,11,326,0,11.499999999999998,16.999999999999943
2020-11-22,region_3,0.972,0.893,7.9,61.7,83.6,0,11,327,0,19.0,24.39999999999994
2020-11-23,region_3,0.972,0.893,0.1,61.0,84.4,0,11,328,0,9.0,23.899999999999945
2020-11-24,region_3,0.972,0.893,63.1,57.8,82.0,0,11,329,0,71.1,86.39999999999995
2020-11-25,region_3,0.972,0.893,1.3,100.0,95.0,0,11,330,0,64.5,83.89999999999995
2020-11-26,region_3,0.972,0.893,0.1,96.3,95.7,0,11,331,0,64.5,83.59999999999994
2020-11-27,region_3,0.972,0.893,8.6,90.7,92.3,0,11,332,0,10.0,82.09999999999994
2020-11-28,region_3,0.972,0.893,0.2,92.2,96.7,0,11,333,0,8.899999999999999,81.29999999999994
2020-11-29,region_3,0.972,0.893,3.9,85.5,96.8,0,11,334,0,12.7,77.29999999999994
2020-11-30,region_3,0.972,0.893,2.3,86.9,95.1,0,11,335,0,6.4,79.49999999999994
2020-12-01,region_3,0.972,0.893,0.3,83.3,93.5,0,12,336,0,6.5,16.699999999999942
2020-12-02,region_3,0.972,0.893,0.0,79.0,93.2,0,12,337,0,2.5999999999999996,15.399999999999942
2020-12-03,region_3,0.972,0.893,1.2,74.0,91.3,0,12,338,0,1.5,16.499999999999943
2020-12-04,region_3,0.972,0.893,0.7,70.3,87.0,0,12,339,0,1.9,8.599999999999943
2020-12-05,region_3,0.972,0.893,1.0,65.3,88.4,0,12,340,0,2.9,9.399999999999944
2020-12-06,region_3,0.972,0.893,0.0,62.6,84.8,0,12,341,0,1.7,5.499999999999943
2020-12-07,region_3,0.972,0.893,0.1,59.3,85.4,0,12,342,0,1.1,3.299999999999943
2020-12-08,region_3,0.972,0.893,0.7,60.5,83.2,0,12,343,0,0.7999999999999999,3.6999999999999433
2020-12-09,region_3,0.972,0.893,0.1,55.1,80.4,0,12,344,0,0.8999999999999999,3.7999999999999434
2020-12-10,region_3,0.972,0.893,0.0,51.4,77.7,0,12,345,0,0.7999999999999999,2.5999999999999432
2020-12-11,region_3,0.972,0.893,2.1,50.3,77.9,0,12,346,0,2.2,3.999999999999943
2020-12-12,region_3,0.972,0.893,0.2,48.0,76.0,0,12,347,0,2.3000000000000003,3.199999999999944
2020-12-13,region_3,0.972,0.893,0.4,46.4,73.1,0,12,348,0,2.7,3.5999999999999437
2020-12-14,region_3,0.972,0.893,0.5,45.7,72.9,0,12,349,0,1.1,3.9999999999999436
2020-12-15,region_3,0.972,0.893,0.2,42.5,69.7,0,12,350,0,1.1,3.499999999999944
2020-12-16,region_3,0.972,0.893,0.8,40.4,69.5,0,12,351,0,1.5,4.199999999999944
2020-12-17,region_3,0.972,0.893,0.0,39.3,68.1,0,12,352,0,1.0,4.199999999999944
2020-12-18,region_3,0.972,0.893,0.2,35.2,66.8,0,12,353,0,1.0,2.299999999999944
2020-12-19,region_3,0.972,0.893,1.7,36.0,66.1,0,12,354,0,1.9,3.7999999999999434
2020-12-20,region_3,0.972,0.893,0.2,37.3,63.1,0,12,355,0,2.1,3.5999999999999437
2020-12-21,region_3,0.972,0.893,0.1,32.9,61.5,0,12,356,0,2.0,3.1999999999999433
2020-12-22,region_3,0.972,0.893,0.1,31.9,60.8,0,12,357,0,0.4,3.0999999999999432
2020-12-23,region_3,0.972,0.893,0.1,28.9,60.2,0,12,358,0,0.30000000000000004,2.3999999999999435
2020-12-24,region_3,0.972,0.893,0.2,27.6,57.9,0,12,359,0,0.4,2.5999999999999437
2020-12-25,region_3,0.972,0.893,3.0,28.8,55.2,0,12,360,0,3.3,5.3999999999999435
2020-12-26,region_3,0.972,0.893,0.1,28.5,55.5,0,12,361,0,3.3,3.799999999999944
2020-12-27,region_3,0.972,0.893,0.9,27.8,54.6,0,12,362,0,3.9999999999999996,4.499999999999943
2020-12-28,region_3,0.972,0.893,0.1,26.5,52.6,0,12,363,0,1.0999999999999996,4.499999999999944
2020-12-29,region_3,0.972,0.893,0.2,24.6,49.8,0,12,364,0,1.1999999999999995,4.599999999999944
2020-12-30,region_3,0.972,0.893,0.8,25.5,51.3,0,12,365,0,1.0999999999999996,5.299999999999944
2020-12-31,region_3,0.972,0.893,0.1,20.2,48.6,0,12,366,0,1.0999999999999996,5.199999999999943
2021-01-01,region_3,0.972,0.893,0.4,20.5,49.8,0,1,1,0,1.2999999999999996,2.5999999999999437
2021-01-02,region_3,0.972,0.893,0.4,20.3,50.0,0,1,2,0,0.8999999999999996,2.8999999999999435
2021-01-03,region_3,0.972,0.893,0.1,20.2,45.8,0,1,3,0,0.8999999999999996,2.0999999999999437
2021-01-04,region_3,0.972,0.893,0.5,18.7,46.0,0,1,4,0,0.9999999999999996,2.4999999999999436
2021-01-05,region_3,0.972,0.893,0.5,18.8,44.9,0,1,5,0,1.0999999999999996,2.799999999999944
2021-01-06,region_3,0.972,0.893,11.6,19.8,42.1,0,1,6,0,12.6,13.599999999999943
2021-01-07,region_3,0.972,0.893,0.2,23.6,40.6,0,1,7,0,12.299999999999999,13.699999999999942
2021-01-08,region_3,0.972,0.893,4.8,26.4,40.7,0,1,8,0,16.6,18.099999999999945
2021-01-09,region_3,0.972,0.893,1.1,25.7,41.1,0,1,9,0,6.1,18.799999999999944
2021-01-10,region_3,0.972,0.893,0.2,25.9,43.0,0,1,10,0,6.1,18.89999999999994
2021-01-11,region_3,0.972,0.893,0.1,24.5,40.2,0,1,11,0,1.4000000000000001,18.499999999999943
2021-01-12,region_3,0.972,0.893,2.2,23.7,37.9,0,1,12,0,2.5,20.199999999999942
2021-01-13,region_3,0.972,0.893,1.4,25.7,37.1,0,1,13,0,3.6999999999999997,9.999999999999943
2021-01-14,region_3,0.972,0.893,0.4,21.9,36.5,0,1,14,0,4.0,10.199999999999944
2021-01-15,region_3,0.972,0.893,5.1,21.6,34.5,0,1,15,0,6.8999999999999995,10.499999999999943
2021-01-16,region_3,0.972,0.893,0.2,25.8,34.9,0,1,16,0,5.7,9.599999999999943
2021-01-17,region_3,0.972,0.893,0.4,22.5,35.5,0,1,17,0,5.699999999999999,9.799999999999942
2021-01-18,region_3,0.972,0.893,0.3,20.0,34.0,0,1,18,0,0.9,9.999999999999943
2021-01-19,region_3,0.972,0.893,0.7,22.7,33.1,0,1,19,0,1.4,8.499999999999943
2021-01-20,region_3,0.972,0.893,7.6,20.1,33.6,0,1,20,0,8.6,14.699999999999942
2021-01-21,region_3,0.972,0.893,10.4,26.7,31.2,0,1,21,0,18.7,24.699999999999942
2021-01-22,region_3,0.972,0.893,0.0,29.9,32.4,0,1,22,0,18.0,19.599999999999945
2021-01-23,region_3,0.972,0.893,6.3,30.6,30.1,0,1,23,0,16.7,25.699999999999942
2021-01-24,region_3,0.972,0.893,1.2,32.7,31.8,0,1,24,0,7.5,26.499999999999943
2021-01-25,region_3,0.972,0.893,7.1,30.4,30.4,0,1,25,0,14.6,33.29999999999994
2021-01-26,region_3,0.972,0.893,5.1,32.5,30.4,0,1,26,0,13.4,37.69999999999994
2021-01-27,region_3,0.972,0.893,0.7,36.2,30.1,0,1,27,0,12.899999999999999,30.799999999999944
2021-01-28,region_3,0.972,0.893,0.1,35.3,30.2,0,1,28,0,5.8999999999999995,20.499999999999943
2021-01-29,region_3,0.972,0.893,0.8,32.5,28.1,0,1,29,0,1.6,21.299999999999944
2021-01-30,region_3,0.972,0.893,0.1,30.4,29.4,0,1,30,0,1.0,15.099999999999941
2021-01-31,region_3,0.972,0.893,0.1,30.3,27.5,0,1,31,0,1.0,13.999999999999943
2021-02-01,region_3,0.972,0.893,0.2,31.4,27.7,0,2,32,0,0.4,7.099999999999943
2021-02-02,region_3,0.972,0.893,0.1,28.1,27.2,0,2,33,0,0.4,2.0999999999999432
2021-02-03,region_3,0.972,0.893,1.1,25.4,25.2,0,2,34,0,1.4000000000000001,2.499999999999943
2021-02-04,region_3,0.972,0.893,17.7,26.1,26.0,0,2,35,0,18.9,20.09999999999994
2021-02-05,region_3,0.972,0.893,0.4,37.4,25.1,0,2,36,0,19.199999999999996,19.69999999999994
2021-02-06,region_3,0.972,0.893,0.1,33.5,23.7,0,2,37,0,18.2,19.699999999999942
2021-02-07,region_3,0.972,0.893,0.4,32.8,24.9,0,2,38,0,0.9,19.99999999999994
2021-02-08,region_3,0.972,0.893,0.5,31.5,26.4,0,2,39,0,1.0,20.29999999999994
2021-02-09,region_3,0.972,0.893,8.6,29.8,23.1,0,2,40,0,9.5,28.79999999999994
2021-02-10,region_3,0.972,0.893,0.6,34.1,24.6,0,2,41,0,9.7,28.299999999999944
2021-02-11,region_3,0.972,0.893,0.5,35.5,24.4,0,2,42,0,9.7,11.099999999999943
2021-02-12,region_3,0.972,0.893,1.1,29.9,21.9,0,2,43,0,2.2,11.799999999999944
2021-02-13,region_3,0.972,0.893,0.8,31.1,22.1,0,2,44,0,2.4000000000000004,12.499999999999943
2021-02-14,region_3,0.972,0.893,0.4,29.8,23.5,0,2,45,0,2.3000000000000003,12.499999999999943
2021-02-15,region_3,0.972,0.893,0.8,28.7,22.4,0,2,46,0,2.0,12.799999999999944
2021-02-16,region_3,0.972,0.893,0.5,30.8,21.4,0,2,47,0,1.7000000000000002,4.699999999999943
2021-02-17,region_3,0.972,0.893,0.1,27.0,19.3,0,2,48,0,1.4000000000000001,4.199999999999944
2021-02-18,region_3,0.972,0.893,0.0,27.7,19.9,0,2,49,0,0.6,3.6999999999999433
2021-02-19,region_3,0.972,0.893,24.0,24.9,20.5,0,2,50,0,24.1,26.599999999999945
2021-02-20,region_3,0.972,0.893,0.5,44.6,18.0,0,2,51,0,24.5,26.299999999999944
2021-02-21,region_3,0.972,0.893,0.6,41.5,21.5,0,2,52,0,25.1,26.499999999999947
2021-02-22,region_3,0.972,0.893,0.0,41.2,21.5,0,2,53,0,1.1,25.699999999999946
2021-02-23,region_3,0.972,0.893,1.2,37.1,21.7,0,2,54,0,1.7999999999999998,26.399999999999945
2021-02-24,region_3,0.972,0.893,0.9,36.3,20.9,0,2,55,0,2.0999999999999996,27.199999999999942
2021-02-25,region_3,0.972,0.893,2.0,34.9,19.7,0,2,56,0,4.1,29.199999999999942
2021-02-26,region_3,0.972,0.893,0.4,33.8,19.9,0,2,57,0,3.3,5.599999999999943
2021-02-27,region_3,0.972,0.893,1.0,33.7,18.4,0,2,58,0,3.4,6.099999999999943
2021-02-28,region_3,0.972,0.893,0.4,34.0,17.9,0,2,59,0,1.7999999999999998,5.8999999999999435
2021-03-01,region_3,0.972,0.893,0.5,30.9,18.5,0,3,60,0,1.9,6.3999999999999435
2021-03-02,region_3,0.972,0.893,1.0,28.9,16.9,0,3,61,0,1.9,6.199999999999943
2021-03-03,region_3,0.972,0.893,1.4,32.3,17.0,0,3,62,0,2.9,6.6999999999999424
2021-03-04,region_3,0.972,0.893,0.8,28.1,19.3,0,3,63,0,3.2,5.499999999999942
2021-03-05,region_3,0.972,0.893,0.1,28.9,16.0,0,3,64,0,2.3,5.199999999999943
2021-03-06,region_3,0.972,0.893,0.6,26.4,16.6,0,3,65,0,1.5,4.799999999999943
2021-03-07,region_3,0.972,0.893,1.5,27.2,14.4,0,3,66,0,2.2,5.899999999999943
2021-03-08,region_3,0.972,0.893,1.9,25.4,15.0,0,3,67,0,4.0,7.299999999999942
2021-03-09,region_3,0.972,0.893,1.0,25.3,14.7,0,3,68,0,4.4,7.299999999999942
2021-03-10,region_3,0.972,0.893,0.3,24.8,15.1,0,3,69,0,3.2,6.199999999999943
2021-03-11,region_3,0.972,0.893,1.1,23.4,14.1,0,3,70,0,2.4000000000000004,6.499999999999943
2021-03-12,region_3,0.972,0.893,8.8,23.5,14.4,0,3,71,0,10.200000000000001,15.199999999999942
2021-03-13,region_3,0.972,0.893,4.8,28.8,14.1,0,3,72,0,14.7,19.39999999999994
2021-03-14,region_3,0.972,0.893,2.3,32.1,14.4,0,3,73,0,15.9,20.199999999999942
2021-03-15,region_3,0.972,0.893,0.4,35.7,12.8,0,3,74,0,7.5,18.699999999999942
2021-03-16,region_3,0.972,0.893,1.0,28.9,12.7,0,3,75,0,3.6999999999999997,18.699999999999942
2021-03-17,region_3,0.972,0.893,1.0,29.9,14.8,0,3,76,0,2.4,19.39999999999994
2021-03-18,region_3,0.972,0.893,5.2,28.6,13.1,0,3,77,0,7.2,23.499999999999943
2021-03-19,region_3,0.972,0.893,0.1,29.0,14.0,0,3,78,0,6.3,14.79999999999994
2021-03-20,region_3,0.972,0.893,1.1,30.4,13.9,0,3,79,0,6.4,11.099999999999941
2021-03-21,region_3,0.972,0.893,9.7,27.9,13.3,0,3,80,0,10.899999999999999,18.499999999999943
2021-03-22,region_3,0.972,0.893,1.2,33.6,12.1,0,3,81,0,11.999999999999998,19.299999999999944
2021-03-23,region_3,0.972,0.893,0.4,35.9,11.2,0,3,82,0,11.299999999999999,18.699999999999942
2021-03-24,region_3,0.972,0.893,0.1,31.8,12.6,0,3,83,0,1.7,17.799999999999944
2021-03-25,region_3,0.972,0.893,0.4,32.5,12.8,0,3,84,0,0.9,12.999999999999941
2021-03-26,region_3,0.972,0.893,4.2,30.2,13.9,0,3,85,0,4.7,17.09999999999994
2021-03-27,region_3,0.972,0.893,0.3,30.8,14.5,0,3,86,0,4.9,16.29999999999994
2021-03-28,region_3,0.972,0.893,1.0,30.3,12.6,0,3,87,0,5.5,7.599999999999941
2021-03-29,region_3,0.972,0.893,0.3,29.6,12.0,0,3,88,0,1.6,6.699999999999941
2021-03-30,region_3,0.972,0.893,0.7,26.9,11.7,0,3,89,0,2.0,6.999999999999941
2021-03-31,region_3,0.972,0.893,0.5,25.7,11.5,0,3,90,0,1.5,7.399999999999941
2021-04-01,region_3,0.972,0.893,29.1,26.6,10.7,0,4,91,0,30.3,36.099999999999945
2021-04-02,region_3,0.972,0.893,0.3,52.0,13.7,0,4,92,0,29.900000000000002,32.199999999999946
2021-04-03,region_3,0.972,0.893,0.1,43.1,11.7,0,4,93,0,29.5,31.999999999999943
2021-04-04,region_3,0.972,0.893,1.2,41.5,12.2,0,4,94,0,1.5999999999999999,32.199999999999946
2021-04-05,region_3,0.972,0.893,0.7,40.3,12.2,0,4,95,0,1.9999999999999998,32.599999999999945
2021-04-06,region_3,0.972,0.893,1.3,39.7,9.4,0,4,96,0,3.2,33.199999999999946
2021-04-07,region_3,0.972,0.893,13.7,37.5,10.6,0,4,97,0,15.7,46.39999999999994
2021-04-08,region_3,0.972,0.893,1.6,45.9,13.3,0,4,98,0,16.6,18.89999999999994
2021-04-09,region_3,0.972,0.893,58.8,41.4,14.2,0,4,99,0,74.1,77.39999999999993
2021-04-10,region_3,0.972,0.893,5.5,90.7,24.7,0,4,100,0,65.89999999999999,82.79999999999994
2021-04-11,region_3,0.972,0.893,25.1,89.9,29.1,0,4,101,0,89.4,106.69999999999993
2021-04-12,region_3,0.972,0.893,2.4,100.0,40.7,0,4,102,0,33.0,108.39999999999993
2021-04-13,region_3,0.972,0.893,1.2,96.7,42.9,0,4,103,0,28.700000000000003,108.29999999999994
2021-04-14,region_3,0.972,0.893,0.6,90.6,41.5,0,4,104,0,4.2,95.19999999999993
2021-04-15,region_3,0.972,0.893,26.8,88.7,42.9,0,4,105,0,28.6,120.39999999999995
2021-04-16,region_3,0.972,0.893,0.0,98.6,61.6,0,4,106,0,27.400000000000002,61.59999999999994
2021-04-17,region_3,0.972,0.893,0.7,93.0,61.9,0,4,107,0,27.5,56.79999999999994
2021-04-18,region_3,0.972,0.893,1.6,91.9,59.3,0,4,108,0,2.3,33.29999999999993
2021-04-19,region_3,0.972,0.893,1.4,86.1,57.4,0,4,109,0,3.7,32.29999999999994
2021-04-20,region_3,0.972,0.893,0.2,84.0,58.8,0,4,110,0,3.1999999999999997,31.299999999999933
2021-04-21,region_3,0.972,0.893,0.5,78.4,56.8,0,4,111,0,2.0999999999999996,31.199999999999935
2021-04-22,region_3,0.972,0.893,18.2,75.6,57.2,0,4,112,0,18.9,22.599999999999934
2021-04-23,region_3,0.972,0.893,1.1,89.7,61.6,0,4,113,0,19.8,23.699999999999935
2021-04-24,region_3,0.972,0.893,24.1,84.1,63.1,0,4,114,0,43.400000000000006,47.09999999999994
2021-04-25,region_3,0.972,0.893,3.5,94.0,73.1,0,4,115,0,28.700000000000003,48.999999999999936
2021-04-26,region_3,0.972,0.893,2.8,90.7,76.5,0,4,116,0,30.400000000000002,50.399999999999935
2021-04-27,region_3,0.972,0.893,1.9,91.6,74.5,0,4,117,0,8.2,52.09999999999994
2021-04-28,region_3,0.972,0.893,3.4,87.3,74.7,0,4,118,0,8.1,54.999999999999936
2021-04-29,region_3,0.972,0.893,0.8,85.0,77.1,0,4,119,0,6.1,37.59999999999994
2021-04-30,region_3,0.972,0.893,6.6,80.6,77.4,0,4,120,0,10.799999999999999,43.09999999999994
2021-05-01,region_3,0.972,0.893,2.6,83.6,77.9,0,5,121,0,10.0,21.599999999999934
2021-05-02,region_3,0.972,0.893,0.7,78.6,76.4,0,5,122,0,9.899999999999999,18.799999999999937
2021-05-03,region_3,0.972,0.893,0.8,76.5,74.1,0,5,123,0,4.1,16.799999999999933
2021-05-04,region_3,0.972,0.893,2.6,75.2,76.2,0,5,124,0,4.1,17.499999999999936
2021-05-05,region_3,0.972,0.893,13.7,71.0,76.2,0,5,125,0,17.099999999999998,27.799999999999933
2021-05-06,region_3,0.972,0.893,3.9,75.8,78.5,0,5,126,0,20.199999999999996,30.899999999999935
2021-05-07,region_3,0.972,0.893,41.5,74.5,77.3,0,5,127,0,59.099999999999994,65.79999999999994
2021-05-08,region_3,0.972,0.893,0.4,99.1,90.7,0,5,128,0,45.79999999999999,63.59999999999994
2021-05-09,region_3,0.972,0.893,0.9,95.2,90.3,0,5,129,0,42.79999999999999,63.79999999999993
2021-05-10,region_3,0.972,0.893,18.7,93.3,88.6,0,5,130,0,19.999999999999993,81.69999999999993
2021-05-11,region_3,0.972,0.893,1.9,100.0,100.0,0,5,131,0,21.499999999999993,80.99999999999994
2021-05-12,region_3,0.972,0.893,3.1,96.7,100.0,0,5,132,0,23.699999999999992,70.39999999999995
2021-05-13,region_3,0.972,0.893,21.1,94.0,100.0,0,5,133,0,26.099999999999994,87.59999999999994
2021-05-14,region_3,0.972,0.893,1.0,97.7,99.9,0,5,134,0,25.199999999999996,47.099999999999945
2021-05-15,region_3,0.972,0.893,11.9,95.5,97.9,0,5,135,1,33.99999999999999,58.599999999999945
2021-05-16,region_3,0.972,0.893,0.7,96.9,100.0,0,5,136,1,13.599999999999993,58.39999999999995
2021-05-17,region_3,0.972,0.893,7.9,95.9,95.9,0,5,137,1,20.499999999999993,47.599999999999945
2021-05-18,region_3,0.972,0.893,7.8,94.4,100.0,0,5,138,1,16.39999999999999,53.49999999999994
2021-05-19,region_3,0.972,0.893,1.3,95.2,100.0,0,5,139,1,16.999999999999993,51.699999999999946
2021-05-20,region_3,0.972,0.893,7.2,90.7,98.4,0,5,140,1,16.29999999999999,37.79999999999994
2021-05-21,region_3,0.972,0.893,48.7,92.6,100.0,0,5,141,1,57.199999999999996,85.49999999999994
2021-05-22,region_3,0.972,0.893,10.4,95.6,100.0,0,5,142,1,66.3,83.99999999999994
2021-05-23,region_3,0.972,0.893,6.8,100.0,100.0,0,5,143,1,65.89999999999999,90.09999999999995
2021-05-24,region_3,0.972,0.893,2.1,100.0,99.9,0,5,144,1,19.299999999999994,84.29999999999994
2021-05-25,region_3,0.972,0.893,2.8,94.4,98.6,0,5,145,1,11.699999999999992,79.29999999999994
2021-05-26,region_3,0.972,0.893,5.9,94.7,98.5,0,5,146,1,10.799999999999994,83.89999999999995
2021-05-27,region_3,0.972,0.893,15.2,92.3,100.0,0,5,147,1,23.89999999999999,91.89999999999995
2021-05-28,region_3,0.972,0.893,44.3,99.4,99.2,1,5,148,1,65.39999999999999,87.49999999999994
2021-05-29,region_3,0.972,0.893,9.9,100.0,99.4,0,5,149,1,69.39999999999999,86.99999999999994
2021-05-30,region_3,0.972,0.893,9.8,100.0,100.0,0,5,150,1,63.99999999999999,89.99999999999994
2021-05-31,region_3,0.972,0.893,8.7,98.5,99.2,0,5,151,1,28.39999999999999,96.59999999999995
2021-06-01,region_3,0.972,0.893,19.2,97.8,100.0,0,6,152,1,37.699999999999996,112.99999999999994
2021-06-02,region_3,0.972,0.893,33.7,99.4,99.1,0,6,153,1,61.599999999999994,140.79999999999995
2021-06-03,region_3,0.972,0.893,24.8,100.0,100.0,0,6,154,1,77.7,150.39999999999995
2021-06-04,region_3,0.972,0.893,1.8,98.8,100.0,0,6,155,1,60.3,107.89999999999995
2021-06-05,region_3,0.972,0.893,50.4,97.9,98.0,0,6,156,1,77.0,148.39999999999995
2021-06-06,region_3,0.972,0.893,21.0,98.5,100.0,0,6,157,1,73.19999999999999,159.59999999999997
2021-06-07,region_3,0.972,0.893,4.7,99.8,100.0,0,6,158,1,76.1,155.59999999999994
2021-06-08,region_3,0.972,0.893,12.7,97.2,99.7,0,6,159,1,38.39999999999999,149.09999999999997
2021-06-09,region_3,0.972,0.893,4.2,100.0,100.0,0,6,160,1,21.59999999999999,119.59999999999994
2021-06-10,region_3,0.972,0.893,70.2,98.5,99.8,0,6,161,1,87.1,164.99999999999994
2021-06-11,region_3,0.972,0.893,5.2,98.7,99.9,0,6,162,1,79.6,168.39999999999995
2021-06-12,region_3,0.972,0.893,87.5,98.0,100.0,0,6,163,1,162.89999999999998,205.49999999999994
2021-06-13,region_3,0.972,0.893,27.8,98.4,100.0,0,6,164,1,120.49999999999999,212.29999999999995
2021-06-14,region_3,0.972,0.893,3.7,100.0,97.2,0,6,165,1,118.99999999999999,211.29999999999995
2021-06-15,region_3,0.972,0.893,28.4,96.4,97.9,0,6,166,1,59.899999999999984,226.99999999999994
2021-06-16,region_3,0.972,0.893,2.2,100.0,98.7,0,6,167,1,34.29999999999998,224.99999999999997
2021-06-17,region_3,0.972,0.893,3.3,97.1,100.0,0,6,168,1,33.899999999999984,158.09999999999994
2021-06-18,region_3,0.972,0.893,19.2,95.3,100.0,0,6,169,1,24.699999999999985,172.09999999999997
2021-06-19,region_3,0.972,0.893,47.0,100.0,98.1,0,6,170,1,69.49999999999999,131.59999999999994
2021-06-20,region_3,0.972,0.893,79.7,100.0,100.0,0,6,171,1,145.89999999999998,183.49999999999994
2021-06-21,region_3,0.972,0.893,1.4,98.4,100.0,0,6,172,1,128.1,181.19999999999993
2021-06-22,region_3,0.972,0.893,20.5,94.5,98.5,0,6,173,1,101.6,173.29999999999995
2021-06-23,region_3,0.972,0.893,79.1,98.7,100.0,1,6,174,1,100.99999999999999,250.19999999999993
2021-06-24,region_3,0.972,0.893,41.2,99.9,99.7,0,6,175,1,140.79999999999998,288.09999999999997
2021-06-25,region_3,0.972,0.893,53.7,100.0,100.0,1,6,176,1,174.0,322.59999999999997
2021-06-26,region_3,0.972,0.893,57.3,99.0,100.0,0,6,177,1,152.2,332.9
2021-06-27,region_3,0.972,0.893,5.8,99.5,100.0,0,6,178,1,116.79999999999998,258.99999999999994
2021-06-28,region_3,0.972,0.893,69.9,100.0,100.0,0,6,179,1,133.0,327.5
2021-06-29,region_3,0.972,0.893,1.1,97.9,100.0,0,6,180,1,76.79999999999998,308.09999999999997
2021-06-30,region_3,0.972,0.893,13.1,97.7,99.9,0,6,181,1,84.1,242.09999999999994
2021-07-01,region_3,0.972,0.893,5.1,100.0,100.0,0,7,182,1,19.299999999999983,205.99999999999994
2021-07-02,region_3,0.972,0.893,2.3,97.8,99.7,0,7,183,1,20.499999999999982,154.59999999999994
2021-07-03,region_3,0.972,0.893,108.1,94.9,100.0,1,7,184,1,115.49999999999997,205.39999999999992
2021-07-04,region_3,0.972,0.893,70.2,100.0,99.5,0,7,185,1,180.59999999999997,269.79999999999995
2021-07-05,region_3,0.972,0.893,7.7,99.2,99.2,0,7,186,1,185.99999999999997,207.59999999999994
2021-07-06,region_3,0.972,0.893,56.7,100.0,100.0,1,7,187,1,134.59999999999997,263.19999999999993
2021-07-07,region_3,0.972,0.893,0.6,100.0,99.3,0,7,188,1,64.99999999999997,250.69999999999993
2021-07-08,region_3,0.972,0.893,19.6,95.2,96.2,0,7,189,1,76.89999999999998,265.19999999999993
2021-07-09,region_3,0.972,0.893,4.7,100.0,99.8,0,7,190,1,24.899999999999974,267.5999999999999
2021-07-10,region_3,0.972,0.893,0.2,100.0,100.0,0,7,191,1,24.49999999999997,159.69999999999996
2021-07-11,region_3,0.972,0.893,46.0,92.1,96.1,0,7,192,1,50.89999999999997,135.49999999999994
2021-07-12,region_3,0.972,0.893,31.6,100.0,100.0,0,7,193,1,77.79999999999997,159.39999999999995
2021-07-13,region_3,0.972,0.893,49.4,100.0,99.7,1,7,194,1,126.99999999999997,152.09999999999994
2021-07-14,region_3,0.972,0.893,55.0,97.7,99.3,1,7,195,1,135.99999999999997,206.49999999999994
2021-07-15,region_3,0.972,0.893,153.5,98.3,99.2,0,7,196,1,257.9,340.3999999999999
2021-07-16,region_3,0.972,0.893,24.8,99.1,100.0,0,7,197,1,233.29999999999998,360.49999999999994
2021-07-17,region_3,0.972,0.893,26.3,100.0,99.7,0,7,198,1,204.59999999999997,386.59999999999997
2021-07-18,region_3,0.972,0.893,1.7,99.3,100.0,0,7,199,1,52.799999999999976,342.29999999999995
2021-07-19,region_3,0.972,0.893,0.8,95.9,100.0,0,7,200,1,28.799999999999972,311.49999999999994
2021-07-20,region_3,0.972,0.893,0.8,92.6,97.8,0,7,201,1,3.2999999999999714,262.8999999999999
2021-07-21,region_3,0.972,0.893,5.0,88.2,95.5,0,7,202,1,6.599999999999971,212.89999999999995
2021-07-22,region_3,0.972,0.893,3.4,82.8,97.8,0,7,203,1,9.19999999999997,62.79999999999995
2021-07-23,region_3,0.972,0.893,3.8,84.4,96.8,0,7,204,1,12.19999999999997,41.79999999999994
2021-07-24,region_3,0.972,0.893,46.8,83.6,97.2,0,7,205,1,53.99999999999997,62.29999999999994
2021-07-25,region_3,0.972,0.893,1.0,99.9,99.3,0,7,206,1,51.59999999999997,61.59999999999994
2021-07-26,region_3,0.972,0.893,0.2,96.2,99.7,0,7,207,1,47.99999999999997,60.99999999999994
2021-07-27,region_3,0.972,0.893,1.5,91.7,97.6,0,7,208,1,2.6999999999999718,61.699999999999946
2021-07-28,region_3,0.972,0.893,42.9,87.3,95.6,0,7,209,1,44.59999999999997,99.59999999999994
2021-07-29,region_3,0.972,0.893,1.5,99.9,98.5,0,7,210,1,45.89999999999997,97.69999999999993
2021-07-30,region_3,0.972,0.893,0.5,96.4,98.0,0,7,211,1,44.89999999999997,94.39999999999995
2021-07-31,region_3,0.972,0.893,49.1,88.0,97.0,0,7,212,1,51.09999999999997,96.69999999999995
2021-08-01,region_3,0.972,0.893,0.9,100.0,100.0,0,8,213,1,50.49999999999997,96.59999999999995
2021-08-02,region_3,0.972,0.893,18.6,97.4,95.6,0,8,214,1,68.59999999999997,114.99999999999994
2021-08-03,region_3,0.972,0.893,2.3,100.0,100.0,0,8,215,1,21.799999999999972,115.79999999999994
2021-08-04,region_3,0.972,0.893,1.7,96.6,100.0,0,8,216,1,22.599999999999973,74.59999999999995
2021-08-05,region_3,0.972,0.893,0.9,93.2,99.3,0,8,217,1,4.899999999999971,73.99999999999994
2021-08-06,region_3,0.972,0.893,3.5,88.5,97.7,0,8,218,1,6.099999999999971,76.99999999999994
2021-08-07,region_3,0.972,0.893,52.8,86.7,98.2,0,8,219,1,57.19999999999997,80.69999999999993
2021-08-08,region_3,0.972,0.893,0.6,100.0,99.8,0,8,220,1,56.89999999999997,80.39999999999993
2021-08-09,region_3,0.972,0.893,4.5,92.4,99.0,0,8,221,1,57.89999999999997,66.29999999999994
2021-08-10,region_3,0.972,0.893,80.3,94.7,98.2,1,8,222,1,85.39999999999998,144.29999999999995
2021-08-11,region_3,0.972,0.893,7.8,98.7,99.6,0,8,223,1,92.59999999999997,150.39999999999995
2021-08-12,region_3,0.972,0.893,49.7,98.3,100.0,0,8,224,1,137.79999999999995,199.19999999999993
2021-08-13,region_3,0.972,0.893,36.1,99.8,99.5,0,8,225,1,93.59999999999997,231.79999999999995
2021-08-14,region_3,0.972,0.893,48.2,98.1,99.0,0,8,226,1,133.99999999999997,227.19999999999993
2021-08-15,region_3,0.972,0.893,10.6,98.1,99.4,0,8,227,1,94.89999999999998,237.19999999999993
2021-08-16,region_3,0.972,0.893,50.6,97.5,100.0,0,8,228,1,109.39999999999998,283.29999999999995
2021-08-17,region_3,0.972,0.893,6.2,99.3,99.9,0,8,229,1,67.39999999999998,209.19999999999993
2021-08-18,region_3,0.972,0.893,7.2,99.7,100.0,0,8,230,1,63.99999999999997,208.59999999999997
2021-08-19,region_3,0.972,0.893,14.9,100.0,100.0,0,8,231,1,28.299999999999972,173.79999999999995
2021-08-20,region_3,0.972,0.893,5.7,100.0,100.0,0,8,232,1,27.799999999999972,143.39999999999995
2021-08-21,region_3,0.972,0.893,7.9,99.0,100.0,0,8,233,1,28.499999999999975,103.09999999999995
2021-08-22,region_3,0.972,0.893,42.8,100.0,100.0,1,8,234,1,56.39999999999997,135.29999999999995
2021-08-23,region_3,0.972,0.893,27.4,100.0,100.0,0,8,235,1,78.09999999999997,112.09999999999994
2021-08-24,region_3,0.972,0.893,14.3,100.0,99.7,0,8,236,1,84.49999999999997,120.19999999999995
2021-08-25,region_3,0.972,0.893,2.4,100.0,100.0,0,8,237,1,44.09999999999997,115.39999999999993
2021-08-26,region_3,0.972,0.893,85.2,97.7,100.0,0,8,238,1,101.89999999999998,185.69999999999993
2021-08-27,region_3,0.972,0.893,0.8,100.0,98.5,0,8,239,1,88.39999999999998,180.79999999999995
2021-08-28,region_3,0.972,0.893,7.4,94.9,98.2,0,8,240,1,93.39999999999998,180.29999999999993
2021-08-29,region_3,0.972,0.893,0.4,96.7,99.8,0,8,241,1,8.599999999999971,137.89999999999995
2021-08-30,region_3,0.972,0.893,37.9,90.1,97.2,0,8,242,1,45.69999999999997,148.39999999999995
2021-08-31,region_3,0.972,0.893,181.3,100.0,99.5,1,8,243,1,219.59999999999997,315.4
2021-09-01,region_3,0.972,0.893,2.9,100.0,99.6,0,9,244,1,222.09999999999997,315.9
2021-09-02,region_3,0.972,0.893,16.4,94.1,100.0,0,9,245,1,200.59999999999997,247.09999999999997
2021-09-03,region_3,0.972,0.893,1.1,99.8,98.6,0,9,246,1,20.39999999999997,247.39999999999995
2021-09-04,region_3,0.972,0.893,7.7,97.0,98.9,0,9,247,1,25.19999999999997,247.69999999999996
2021-09-05,region_3,0.972,0.893,14.0,95.3,99.2,0,9,248,1,22.799999999999972,261.29999999999995
2021-09-06,region_3,0.972,0.893,150.2,99.6,100.0,1,9,249,1,171.89999999999995,373.5999999999999
2021-09-07,region_3,0.972,0.893,1.3,99.3,100.0,0,9,250,1,165.49999999999997,193.59999999999994
2021-09-08,region_3,0.972,0.893,7.1,95.4,99.9,0,9,251,1,158.59999999999997,197.79999999999993
2021-09-09,region_3,0.972,0.893,29.3,96.5,100.0,0,9,252,1,37.699999999999974,210.6999999999999
2021-09-10,region_3,0.972,0.893,4.6,99.4,98.4,0,9,253,1,40.99999999999997,214.19999999999993
2021-09-11,region_3,0.972,0.893,42.9,96.0,99.5,0,9,254,1,76.79999999999997,249.39999999999992
2021-09-12,region_3,0.972,0.893,35.1,96.7,100.0,0,9,255,1,82.59999999999997,270.49999999999994
2021-09-13,region_3,0.972,0.893,11.4,98.9,100.0,0,9,256,1,89.39999999999996,131.69999999999993
2021-09-14,region_3,0.972,0.893,25.7,98.4,100.0,0,9,257,1,72.19999999999997,156.09999999999994
2021-09-15,region_3,0.972,0.893,6.0,97.8,100.0,0,9,258,1,43.09999999999997,154.99999999999994
2021-09-16,region_3,0.972,0.893,4.0,97.7,99.4,0,9,259,1,35.699999999999974,129.69999999999993
2021-09-17,region_3,0.972,0.893,4.9,96.0,98.7,0,9,260,1,14.899999999999972,129.99999999999994
2021-09-18,region_3,0.972,0.893,53.0,95.2,100.0,0,9,261,1,61.89999999999997,140.09999999999994
2021-09-19,region_3,0.972,0.893,3.8,100.0,100.0,0,9,262,1,61.69999999999997,108.79999999999994
2021-09-20,region_3,0.972,0.893,1.0,95.5,100.0,0,9,263,1,57.79999999999997,98.39999999999993
2021-09-21,region_3,0.972,0.893,3.5,94.4,97.1,0,9,264,1,8.299999999999972,76.19999999999993
2021-09-22,region_3,0.972,0.893,4.0,92.1,99.0,0,9,265,1,8.499999999999972,74.19999999999993
2021-09-23,region_3,0.972,0.893,3.6,90.4,100.0,0,9,266,0,11.099999999999971,73.79999999999994
2021-09-24,region_3,0.972,0.893,49.3,87.5,100.0,0,9,267,0,56.89999999999997,118.19999999999993
2021-09-25,region_3,0.972,0.893,10.1,100.0,99.0,0,9,268,0,62.99999999999997,75.29999999999994
2021-09-26,region_3,0.972,0.893,3.1,100.0,100.0,0,9,269,0,62.49999999999997,74.59999999999994
2021-09-27,region_3,0.972,0.893,2.2,97.3,100.0,0,9,270,0,15.399999999999972,75.79999999999994
2021-09-28,region_3,0.972,0.893,19.4,95.6,99.8,0,9,271,0,24.69999999999997,91.69999999999993
2021-09-29,region_3,0.972,0.893,22.5,99.7,100.0,0,9,272,0,44.099999999999966,110.19999999999993
2021-09-30,region_3,0.972,0.893,5.2,97.6,97.8,0,9,273,0,47.09999999999997,111.79999999999993
2021-10-01,region_3,0.972,0.893,0.6,99.2,100.0,0,10,274,0,28.299999999999972,63.09999999999994
2021-10-02,region_3,0.972,0.893,0.2,95.4,97.9,0,10,275,0,5.999999999999972,53.19999999999994
2021-10-03,region_3,0.972,0.893,0.6,89.5,96.9,0,10,276,0,1.3999999999999715,50.69999999999994
2021-10-04,region_3,0.972,0.893,0.2,84.4,93.0,0,10,277,0,0.9999999999999716,48.69999999999994
2021-10-05,region_3,0.972,0.893,3.1,81.0,90.6,0,10,278,0,3.899999999999972,32.39999999999994
2021-10-06,region_3,0.972,0.893,4.2,79.8,92.6,0,10,279,0,7.499999999999972,14.099999999999945
2021-10-07,region_3,0.972,0.893,0.1,76.2,91.2,0,10,280,0,7.399999999999971,8.999999999999945
2021-10-08,region_3,0.972,0.893,2.1,70.7,87.9,0,10,281,0,6.399999999999971,10.499999999999943
2021-10-09,region_3,0.972,0.893,3.0,71.2,88.0,0,10,282,0,5.199999999999972,13.299999999999944
2021-10-10,region_3,0.972,0.893,0.7,71.3,87.9,0,10,283,0,5.799999999999972,13.399999999999944
2021-10-11,region_3,0.972,0.893,1.8,64.9,87.4,0,10,284,0,5.499999999999972,14.999999999999943
2021-10-12,region_3,0.972,0.893,0.8,62.8,85.0,0,10,285,0,3.2999999999999714,12.699999999999944
2021-10-13,region_3,0.972,0.893,0.3,62.3,82.7,0,10,286,0,2.8999999999999715,8.799999999999942
2021-10-14,region_3,0.972,0.893,1.8,58.6,81.3,0,10,287,0,2.899999999999972,10.499999999999943
2021-10-15,region_3,0.972,0.893,1.8,56.2,81.0,0,10,288,0,3.899999999999972,10.199999999999942
2021-10-16,region_3,0.972,0.893,7.7,57.3,79.5,0,10,289,0,11.299999999999972,14.899999999999944
2021-10-17,region_3,0.972,0.893,12.9,58.2,79.5,0,10,290,0,22.39999999999997,27.099999999999945
2021-10-18,region_3,0.972,0.893,25.0,66.8,83.4,0,10,291,0,45.599999999999966,50.29999999999994
2021-10-19,region_3,0.972,0.893,3.0,81.3,88.6,0,10,292,0,40.89999999999996,52.49999999999994
2021-10-20,region_3,0.972,0.893,0.3,77.3,88.9,0,10,293,0,28.29999999999997,52.49999999999994
2021-10-21,region_3,0.972,0.893,1.9,75.1,84.3,0,10,294,0,5.199999999999968,52.599999999999945
2021-10-22,region_3,0.972,0.893,1.2,72.5,85.4,0,10,295,0,3.399999999999968,51.99999999999994
2021-10-23,region_3,0.972,0.893,70.8,68.9,82.5,0,10,296,0,73.89999999999996,115.09999999999994
2021-10-24,region_3,0.972,0.893,0.9,99.4,99.4,0,10,297,0,72.89999999999996,103.09999999999995
2021-10-25,region_3,0.972,0.893,1.6,97.6,98.3,0,10,298,0,73.29999999999997,79.69999999999995
2021-10-26,region_3,0.972,0.893,0.6,93.1,97.6,0,10,299,0,3.0999999999999717,77.29999999999994
2021-10-27,region_3,0.972,0.893,1.5,88.5,95.3,0,10,300,0,3.6999999999999718,78.49999999999994
2021-10-28,region_3,0.972,0.893,1.5,84.1,94.2,0,10,301,0,3.5999999999999717,78.09999999999994
2021-10-29,region_3,0.972,0.893,23.8,80.1,94.3,0,10,302,0,26.799999999999972,100.69999999999996
2021-10-30,region_3,0.972,0.893,1.3,91.7,100.0,0,10,303,0,26.599999999999973,31.19999999999996
2021-10-31,region_3,0.972,0.893,1.2,91.5,98.9,0,10,304,0,26.299999999999972,31.49999999999996
2021-11-01,region_3,0.972,0.893,1.6,86.4,97.8,0,11,305,0,4.099999999999971,31.49999999999996
2021-11-02,region_3,0.972,0.893,0.6,83.8,96.6,0,11,306,0,3.399999999999972,31.499999999999957
2021-11-03,region_3,0.972,0.893,0.4,83.3,96.0,0,11,307,0,2.5999999999999717,30.39999999999996
2021-11-04,region_3,0.972,0.893,3.2,77.6,93.0,0,11,308,0,4.199999999999972,32.09999999999996
2021-11-05,region_3,0.972,0.893,0.7,74.7,94.7,0,11,309,0,4.299999999999971,8.999999999999957
2021-11-06,region_3,0.972,0.893,3.1,70.6,91.2,0,11,310,0,6.999999999999972,10.799999999999958
2021-11-07,region_3,0.972,0.893,0.3,70.1,90.5,0,11,311,0,4.099999999999972,9.89999999999996
2021-11-08,region_3,0.972,0.893,1.0,66.9,87.5,0,11,312,0,4.399999999999972,9.299999999999958
2021-11-09,region_3,0.972,0.893,11.2,62.1,86.7,0,11,313,0,12.499999999999972,19.899999999999956
2021-11-10,region_3,0.972,0.893,0.7,68.7,89.7,0,11,314,0,12.89999999999997,20.19999999999996
2021-11-11,region_3,0.972,0.893,13.6,66.3,87.1,0,11,315,0,25.49999999999997,30.599999999999955
2021-11-12,region_3,0.972,0.893,1.9,72.4,90.5,0,11,316,0,16.19999999999997,31.799999999999955
2021-11-13,region_3,0.972,0.893,12.7,70.4,91.0,0,11,317,0,28.19999999999997,41.399999999999956
2021-11-14,region_3,0.972,0.893,20.0,76.9,94.4,0,11,318,0,34.59999999999997,61.09999999999996
2021-11-15,region_3,0.972,0.893,0.6,94.7,98.5,0,11,319,0,33.299999999999976,60.69999999999996
2021-11-16,region_3,0.972,0.893,0.7,85.7,97.7,0,11,320,0,21.299999999999972,50.19999999999995
2021-11-17,region_3,0.972,0.893,0.6,81.7,96.3,0,11,321,0,1.8999999999999715,50.09999999999996
2021-11-18,region_3,0.972,0.893,1.7,76.3,94.2,0,11,322,0,2.9999999999999716,38.19999999999996
2021-11-19,region_3,0.972,0.893,0.3,77.6,93.4,0,11,323,0,2.5999999999999717,36.59999999999996
2021-11-20,region_3,0.972,0.893,0.2,71.4,90.5,0,11,324,0,2.1999999999999718,24.09999999999996
2021-11-21,region_3,0.972,0.893,2.2,70.3,90.5,0,11,325,0,2.6999999999999718,6.299999999999957
2021-11-22,region_3,0.972,0.893,0.1,67.1,88.6,0,11,326,0,2.499999999999972,5.799999999999957
2021-11-23,region_3,0.972,0.893,2.0,65.6,86.8,0,11,327,0,4.299999999999972,7.099999999999957
2021-11-24,region_3,0.972,0.893,1.1,60.7,85.2,0,11,328,0,3.1999999999999718,7.599999999999958
2021-11-25,region_3,0.972,0.893,0.6,59.7,83.4,0,11,329,0,3.6999999999999718,6.499999999999957
2021-11-26,region_3,0.972,0.893,2.4,58.7,81.7,0,11,330,0,4.099999999999971,8.599999999999959
2021-11-27,region_3,0.972,0.893,0.6,57.7,83.0,0,11,331,0,3.5999999999999717,8.999999999999957
2021-11-28,region_3,0.972,0.893,0.2,55.0,78.8,0,11,332,0,3.1999999999999713,6.999999999999957
2021-11-29,region_3,0.972,0.893,3.1,51.6,77.7,0,11,333,0,3.8999999999999715,9.999999999999957
2021-11-30,region_3,0.972,0.893,1.0,50.2,75.3,0,11,334,0,4.299999999999971,8.999999999999957
2021-12-01,region_3,0.972,0.893,0.4,49.3,76.0,0,12,335,0,4.499999999999972,8.299999999999958
2021-12-02,region_3,0.972,0.893,0.8,44.1,74.8,0,12,336,0,2.1999999999999718,8.499999999999957
2021-12-03,region_3,0.972,0.893,8.4,43.8,70.6,0,12,337,0,9.599999999999973,14.499999999999957
2021-12-04,region_3,0.972,0.893,0.5,51.5,71.2,0,12,338,0,9.69999999999997,14.399999999999958
2021-12-05,region_3,0.972,0.893,3.4,48.5,69.6,0,12,339,0,12.299999999999972,17.599999999999955
2021-12-06,region_3,0.972,0.893,0.0,45.5,69.0,0,12,340,0,3.8999999999999715,14.499999999999957
2021-12-07,region_3,0.972,0.893,0.7,45.4,68.4,0,12,341,0,4.099999999999971,14.199999999999957
2021-12-08,region_3,0.972,0.893,3.6,41.7,66.4,0,12,342,0,4.299999999999972,17.399999999999956
2021-12-09,region_3,0.972,0.893,0.2,43.0,65.4,0,12,343,0,4.499999999999972,16.799999999999955
2021-12-10,region_3,0.972,0.893,0.3,43.5,62.5,0,12,344,0,4.099999999999971,8.699999999999957
2021-12-11,region_3,0.972,0.893,0.4,36.6,62.5,0,12,345,0,0.899999999999972,8.599999999999957
2021-12-12,region_3,0.972,0.893,0.3,35.6,62.2,0,12,346,0,0.999999999999972,5.499999999999957
2021-12-13,region_3,0.972,0.893,1.4,36.0,60.0,0,12,347,0,2.099999999999972,6.899999999999957
2021-12-14,region_3,0.972,0.893,0.2,35.6,56.7,0,12,348,0,1.8999999999999722,6.399999999999958
2021-12-15,region_3,0.972,0.893,0.6,32.8,58.7,0,12,349,0,2.199999999999972,3.3999999999999573
2021-12-16,region_3,0.972,0.893,0.7,33.7,57.5,0,12,350,0,1.4999999999999722,3.899999999999957
2021-12-17,region_3,0.972,0.893,1.6,30.4,55.6,0,12,351,0,2.8999999999999724,5.1999999999999575
2021-12-18,region_3,0.972,0.893,1.2,30.9,54.8,0,12,352,0,3.4999999999999725,5.999999999999957
2021-12-19,region_3,0.972,0.893,0.2,29.8,53.2,0,12,353,0,2.999999999999972,5.899999999999957
2021-12-20,region_3,0.972,0.893,9.7,27.9,52.3,0,12,354,0,11.099999999999971,14.199999999999957
2021-12-21,region_3,0.972,0.893,0.7,36.1,50.6,0,12,355,0,10.599999999999971,14.699999999999955
2021-12-22,region_3,0.972,0.893,1.2,32.4,50.9,0,12,356,0,11.599999999999971,15.299999999999956
2021-12-23,region_3,0.972,0.893,5.9,34.7,46.9,0,12,357,0,7.799999999999972,20.499999999999957
2021-12-24,region_3,0.972,0.893,0.5,37.7,48.4,0,12,358,0,7.599999999999972,19.399999999999956
2021-12-25,region_3,0.972,0.893,0.1,36.2,48.5,0,12,359,0,6.499999999999972,18.299999999999958
2021-12-26,region_3,0.972,0.893,0.5,36.4,48.0,0,12,360,0,1.0999999999999717,18.59999999999996
2021-12-27,region_3,0.972,0.893,3.5,32.3,45.9,0,12,361,0,4.099999999999971,12.399999999999958
2021-12-28,region_3,0.972,0.893,1.8,32.8,45.9,0,12,362,0,5.799999999999971,13.49999999999996
2021-12-29,region_3,0.972,0.893,1.1,33.0,43.8,0,12,363,0,6.399999999999972,13.399999999999958
2021-12-30,region_3,0.972,0.893,0.5,30.8,43.7,0,12,364,0,3.399999999999972,7.999999999999957
2021-12-31,region_3,0.972,0.893,0.1,30.0,42.8,0,12,365,0,1.6999999999999718,7.599999999999958
2022-01-01,region_3,0.972,0.893,1.1,27.4,38.8,0,1,1,0,1.6999999999999718,8.599999999999959
2022-01-02,region_3,0.972,0.893,0.2,30.1,41.1,0,1,2,0,1.3999999999999717,8.299999999999958
2022-01-03,region_3,0.972,0.893,0.8,25.2,39.6,0,1,3,0,2.0999999999999717,5.599999999999958
2022-01-04,region_3,0.972,0.893,0.2,24.7,38.8,0,1,4,0,1.1999999999999715,3.9999999999999574
2022-01-05,region_3,0.972,0.893,0.8,24.4,38.7,0,1,5,0,1.7999999999999716,3.6999999999999575
2022-01-06,region_3,0.972,0.893,1.2,22.3,36.4,0,1,6,0,2.1999999999999718,4.399999999999958
2022-01-07,region_3,0.972,0.893,0.1,22.7,36.2,0,1,7,0,2.0999999999999717,4.399999999999957
2022-01-08,region_3,0.972,0.893,0.4,22.0,35.5,0,1,8,0,1.6999999999999715,3.6999999999999575
2022-01-09,region_3,0.972,0.893,1.3,22.9,35.0,0,1,9,0,1.7999999999999716,4.799999999999957
2022-01-10,region_3,0.972,0.893,0.1,19.5,31.8,0,1,10,0,1.7999999999999716,4.099999999999958
2022-01-11,region_3,0.972,0.893,0.2,19.9,33.8,0,1,11,0,1.5999999999999717,4.099999999999957
2022-01-12,region_3,0.972,0.893,1.3,20.2,33.1,0,1,12,0,1.5999999999999717,4.599999999999958
2022-01-13,region_3,0.972,0.893,1.2,20.4,30.4,0,1,13,0,2.6999999999999718,4.599999999999957
2022-01-14,region_3,0.972,0.893,16.3,23.5,30.3,0,1,14,0,18.799999999999972,20.799999999999958
2022-01-15,region_3,0.972,0.893,0.5,32.8,32.0,0,1,15,0,17.99999999999997,20.899999999999956
2022-01-16,region_3,0.972,0.893,0.4,31.8,29.2,0,1,16,0,17.19999999999997,19.999999999999957
2022-01-17,region_3,0.972,0.893,2.1,25.8,31.0,0,1,17,0,2.9999999999999716,21.999999999999957
2022-01-18,region_3,0.972,0.893,0.0,29.0,28.1,0,1,18,0,2.4999999999999716,21.799999999999958
2022-01-19,region_3,0.972,0.893,0.0,27.9,29.3,0,1,19,0,2.0999999999999717,20.499999999999957
2022-01-20,region_3,0.972,0.893,1.6,23.8,26.8,0,1,20,0,1.5999999999999717,20.89999999999996
2022-01-21,region_3,0.972,0.893,0.3,24.9,28.1,0,1,21,0,1.8999999999999717,4.899999999999958
2022-01-22,region_3,0.972,0.893,0.0,25.3,26.9,0,1,22,0,1.8999999999999717,4.399999999999958
2022-01-23,region_3,0.972,0.893,0.1,24.1,26.3,0,1,23,0,0.3999999999999716,4.099999999999958
2022-01-24,region_3,0.972,0.893,1.1,23.6,24.4,0,1,24,0,1.1999999999999718,3.0999999999999575
2022-01-25,region_3,0.972,0.893,20.2,21.5,24.9,0,1,25,0,21.39999999999997,23.299999999999958
2022-01-26,region_3,0.972,0.893,0.2,32.7,24.5,0,1,26,0,21.499999999999968,23.499999999999957
2022-01-27,region_3,0.972,0.893,0.3,32.8,23.8,0,1,27,0,20.69999999999997,22.199999999999957
2022-01-28,region_3,0.972,0.893,1.8,30.8,25.5,0,1,28,0,2.2999999999999714,23.69999999999996
2022-01-29,region_3,0.972,0.893,0.5,30.7,26.7,0,1,29,0,2.5999999999999712,24.19999999999996
2022-01-30,region_3,0.972,0.893,0.2,26.0,22.5,0,1,30,0,2.4999999999999716,24.299999999999958
2022-01-31,region_3,0.972,0.893,0.2,27.5,23.2,0,1,31,0,0.8999999999999716,23.399999999999956
2022-02-01,region_3,0.972,0.893,0.3,26.8,23.2,0,2,32,0,0.6999999999999715,3.4999999999999574
2022-02-02,region_3,0.972,0.893,0.9,25.1,21.2,0,2,33,0,1.3999999999999717,4.1999999999999575
2022-02-03,region_3,0.972,0.893,0.8,24.2,20.5,0,2,34,0,1.9999999999999718,4.6999999999999575
2022-02-04,region_3,0.972,0.893,0.3,23.6,20.9,0,2,35,0,1.9999999999999718,3.1999999999999575
2022-02-05,region_3,0.972,0.893,38.0,21.5,20.5,0,2,36,0,39.09999999999997,40.69999999999996
2022-02-06,region_3,0.972,0.893,0.6,47.2,19.0,0,2,37,0,38.89999999999998,41.09999999999996
2022-02-07,region_3,0.972,0.893,1.7,43.6,21.5,0,2,38,0,40.29999999999997,42.59999999999996
2022-02-08,region_3,0.972,0.893,0.3,39.4,21.8,0,2,39,0,2.5999999999999712,42.59999999999996
2022-02-09,region_3,0.972,0.893,0.2,40.3,21.1,0,2,40,0,2.1999999999999713,41.899999999999956
2022-02-10,region_3,0.972,0.893,0.6,38.1,19.9,0,2,41,0,1.0999999999999717,41.69999999999996
2022-02-11,region_3,0.972,0.893,0.1,37.1,18.3,0,2,42,0,0.8999999999999715,41.49999999999996
2022-02-12,region_3,0.972,0.893,0.0,34.7,19.8,0,2,43,0,0.6999999999999715,3.4999999999999574
2022-02-13,region_3,0.972,0.893,0.0,33.7,18.2,0,2,44,0,0.09999999999997158,2.8999999999999573
2022-02-14,region_3,0.972,0.893,0.5,32.4,18.2,0,2,45,0,0.4999999999999716,1.6999999999999573
2022-02-15,region_3,0.972,0.893,0.2,29.6,18.1,0,2,46,0,0.6999999999999715,1.5999999999999572
2022-02-16,region_3,0.972,0.893,7.8,29.5,18.6,0,2,47,0,8.499999999999972,9.199999999999957
2022-02-17,region_3,0.972,0.893,2.4,34.5,19.1,0,2,48,0,10.399999999999972,10.999999999999957
2022-02-18,region_3,0.972,0.893,0.0,33.2,18.1,0,2,49,0,10.199999999999973,10.899999999999958
2022-02-19,region_3,0.972,0.893,0.7,32.9,17.5,0,2,50,0,3.0999999999999712,11.599999999999959
2022-02-20,region_3,0.972,0.893,6.2,32.8,17.9,0,2,51,0,6.899999999999972,17.799999999999958
2022-02-21,region_3,0.972,0.893,1.0,31.4,16.3,0,2,52,0,7.899999999999971,18.299999999999958
2022-02-22,region_3,0.972,0.893,20.9,32.4,16.2,0,2,53,0,28.09999999999997,38.99999999999996
2022-02-23,region_3,0.972,0.893,0.2,47.1,20.1,0,2,54,0,22.09999999999997,31.399999999999956
2022-02-24,region_3,0.972,0.893,0.1,42.2,19.7,0,2,55,0,21.19999999999997,29.099999999999955
2022-02-25,region_3,0.972,0.893,7.2,38.5,16.1,0,2,56,0,7.499999999999972,36.299999999999955
2022-02-26,region_3,0.972,0.893,0.4,43.4,17.7,0,2,57,0,7.699999999999972,35.99999999999996
2022-02-27,region_3,0.972,0.893,0.3,40.5,18.8,0,2,58,0,7.899999999999972,30.099999999999955
2022-02-28,region_3,0.972,0.893,14.5,36.9,17.9,0,2,59,0,15.19999999999997,43.59999999999995
2022-03-01,region_3,0.972,0.893,2.1,46.3,18.3,0,3,60,0,16.89999999999997,24.799999999999958
2022-03-02,region_3,0.972,0.893,2.0,43.6,17.2,0,3,61,0,18.59999999999997,26.59999999999996
2022-03-03,region_3,0.972,0.893,0.5,42.2,17.9,0,3,62,0,4.599999999999971,26.999999999999957
2022-03-04,region_3,0.972,0.893,0.5,44.0,17.3,0,3,63,0,2.9999999999999716,20.299999999999958
2022-03-05,region_3,0.972,0.893,15.3,37.3,19.1,0,3,64,0,16.299999999999972,35.19999999999996
2022-03-06,region_3,0.972,0.893,0.8,51.3,18.7,0,3,65,0,16.599999999999973,35.69999999999995
2022-03-07,region_3,0.972,0.893,0.0,48.2,19.3,0,3,66,0,16.099999999999973,21.199999999999957
2022-03-08,region_3,0.972,0.893,1.0,47.1,19.2,0,3,67,0,1.7999999999999716,20.099999999999955
2022-03-09,region_3,0.972,0.893,0.8,45.7,18.5,0,3,68,0,1.7999999999999716,18.899999999999956
2022-03-10,region_3,0.972,0.893,0.8,43.2,18.2,0,3,69,0,2.5999999999999717,19.199999999999957
2022-03-11,region_3,0.972,0.893,0.2,39.4,16.7,0,3,70,0,1.7999999999999716,18.899999999999956
2022-03-12,region_3,0.972,0.893,10.5,37.1,17.2,0,3,71,0,11.499999999999972,14.099999999999957
2022-03-13,region_3,0.972,0.893,1.7,44.1,17.9,0,3,72,0,12.39999999999997,14.999999999999956
2022-03-14,region_3,0.972,0.893,0.8,44.3,17.4,0,3,73,0,12.999999999999972,15.799999999999956
2022-03-15,region_3,0.972,0.893,0.9,44.0,19.1,0,3,74,0,3.3999999999999715,15.699999999999957
2022-03-16,region_3,0.972,0.893,2.5,38.1,19.4,0,3,75,0,4.199999999999972,17.399999999999956
2022-03-17,region_3,0.972,0.893,0.3,40.4,18.5,0,3,76,0,3.6999999999999718,16.899999999999956
2022-03-18,region_3,0.972,0.893,1.4,37.4,18.6,0,3,77,0,4.199999999999972,18.09999999999996
2022-03-19,region_3,0.972,0.893,0.9,36.6,16.3,0,3,78,0,2.5999999999999717,8.499999999999957
2022-03-20,region_3,0.972,0.893,3.3,36.2,16.4,0,3,79,0,5.599999999999971,10.099999999999957
2022-03-21,region_3,0.972,0.893,9.5,32.2,15.7,0,3,80,0,13.69999999999997,18.799999999999958
2022-03-22,region_3,0.972,0.893,0.5,42.4,17.3,0,3,81,0,13.29999999999997,18.399999999999956
2022-03-23,region_3,0.972,0.893,1.5,38.7,16.0,0,3,82,0,11.499999999999972,17.399999999999956
2022-03-24,region_3,0.972,0.893,3.6,40.7,15.6,0,3,83,0,5.599999999999971,20.699999999999957
2022-03-25,region_3,0.972,0.893,80.4,40.8,14.1,0,3,84,0,85.49999999999997,99.69999999999996
2022-03-26,region_3,0.972,0.893,0.1,100.0,31.0,0,3,85,0,84.09999999999997,98.89999999999995
2022-03-27,region_3,0.972,0.893,1.4,97.1,31.1,0,3,86,0,81.89999999999998,96.99999999999996
2022-03-28,region_3,0.972,0.893,1.5,89.9,31.3,0,3,87,0,2.9999999999999716,88.99999999999996
2022-03-29,region_3,0.972,0.893,3.1,87.7,31.6,0,3,88,0,5.999999999999972,91.59999999999995
2022-03-30,region_3,0.972,0.893,13.1,87.5,33.3,0,3,89,0,17.69999999999997,103.19999999999996
2022-03-31,region_3,0.972,0.893,1.1,89.8,38.6,0,3,90,0,17.299999999999972,100.69999999999996
2022-04-01,region_3,0.972,0.893,0.9,86.2,37.3,0,4,91,0,15.099999999999971,21.199999999999957
2022-04-02,region_3,0.972,0.893,0.3,83.9,37.5,0,4,92,0,2.299999999999972,21.399999999999956
2022-04-03,region_3,0.972,0.893,0.5,79.7,37.6,0,4,93,0,1.6999999999999715,20.499999999999957
2022-04-04,region_3,0.972,0.893,10.1,74.1,35.2,0,4,94,0,10.899999999999972,29.09999999999996
2022-04-05,region_3,0.972,0.893,1.7,78.5,40.7,0,4,95,0,12.29999999999997,27.699999999999957
2022-04-06,region_3,0.972,0.893,1.7,75.4,40.3,0,4,96,0,13.499999999999972,16.299999999999958
2022-04-07,region_3,0.972,0.893,44.2,73.9,40.3,0,4,97,0,47.59999999999997,59.39999999999996
2022-04-08,region_3,0.972,0.893,4.2,100.0,53.8,0,4,98,0,50.09999999999997,62.69999999999997
2022-04-09,region_3,0.972,0.893,5.6,99.6,53.8,0,4,99,0,53.99999999999997,67.99999999999996
2022-04-10,region_3,0.972,0.893,1.5,96.7,57.6,0,4,100,0,11.299999999999972,68.99999999999996
2022-04-11,region_3,0.972,0.893,2.5,93.9,56.8,0,4,101,0,9.599999999999971,61.39999999999996
2022-04-12,region_3,0.972,0.893,2.5,91.4,58.1,0,4,102,0,6.499999999999972,62.19999999999996
2022-04-13,region_3,0.972,0.893,1.6,88.4,58.6,0,4,103,0,6.599999999999971,62.09999999999996
2022-04-14,region_3,0.972,0.893,5.1,84.6,56.6,0,4,104,0,9.19999999999997,22.999999999999957
2022-04-15,region_3,0.972,0.893,25.8,83.9,60.7,0,4,105,0,32.49999999999997,44.59999999999996
2022-04-16,region_3,0.972,0.893,1.9,96.3,77.2,0,4,106,0,32.79999999999997,40.899999999999956
2022-04-17,region_3,0.972,0.893,2.9,92.3,74.6,0,4,107,0,30.599999999999973,42.299999999999955
2022-04-18,region_3,0.972,0.893,3.6,88.9,74.6,0,4,108,0,8.399999999999972,43.399999999999956
2022-04-19,region_3,0.972,0.893,2.2,87.4,77.4,0,4,109,0,8.69999999999997,43.09999999999996
2022-04-20,region_3,0.972,0.893,33.0,81.1,76.0,0,4,110,0,38.79999999999997,74.49999999999996
2022-04-21,region_3,0.972,0.893,0.4,100.0,99.2,0,4,111,0,35.599999999999966,69.79999999999997
2022-04-22,region_3,0.972,0.893,0.2,92.6,95.7,0,4,112,0,33.59999999999997,44.19999999999996
2022-04-23,region_3,0.972,0.893,5.2,89.0,95.4,0,4,113,0,5.799999999999971,47.49999999999996
2022-04-24,region_3,0.972,0.893,0.3,89.8,96.5,0,4,114,0,5.699999999999971,44.89999999999996
2022-04-25,region_3,0.972,0.893,7.0,84.8,93.8,0,4,115,0,12.499999999999972,48.29999999999996
2022-04-26,region_3,0.972,0.893,43.3,83.0,97.2,0,4,116,0,50.599999999999966,89.39999999999995
2022-04-27,region_3,0.972,0.893,5.6,97.3,97.9,0,4,117,0,55.89999999999997,61.99999999999996
2022-04-28,region_3,0.972,0.893,30.4,98.7,99.7,0,4,118,0,79.29999999999997,91.99999999999996
2022-04-29,region_3,0.972,0.893,17.5,97.3,100.0,0,4,119,0,53.49999999999997,109.29999999999995
2022-04-30,region_3,0.972,0.893,35.9,98.0,99.6,0,4,120,0,83.79999999999997,139.99999999999994
2022-05-01,region_3,0.972,0.893,0.9,99.2,99.1,0,5,121,0,54.29999999999997,140.59999999999997
2022-05-02,region_3,0.972,0.893,1.0,96.8,100.0,0,5,122,0,37.79999999999997,134.59999999999997
2022-05-03,region_3,0.972,0.893,14.8,89.6,98.5,0,5,123,0,16.699999999999974,106.09999999999995
2022-05-04,region_3,0.972,0.893,5.7,93.2,100.0,0,5,124,0,21.49999999999997,106.19999999999996
2022-05-05,region_3,0.972,0.893,1.0,97.3,100.0,0,5,125,0,21.49999999999997,76.79999999999995
2022-05-06,region_3,0.972,0.893,0.4,92.5,96.6,0,5,126,0,7.099999999999972,59.69999999999996
2022-05-07,region_3,0.972,0.893,0.8,87.3,95.4,0,5,127,0,2.1999999999999718,24.59999999999996
2022-05-08,region_3,0.972,0.893,4.4,82.8,94.3,0,5,128,0,5.599999999999972,28.09999999999996
2022-05-09,region_3,0.972,0.893,37.1,84.7,93.9,0,5,129,0,42.299999999999976,64.19999999999996
2022-05-10,region_3,0.972,0.893,4.5,100.0,100.0,0,5,130,0,45.99999999999998,53.899999999999956
2022-05-11,region_3,0.972,0.893,1.6,98.5,99.4,0,5,131,0,43.199999999999974,49.79999999999996
2022-05-12,region_3,0.972,0.893,0.5,94.0,98.0,0,5,132,0,6.599999999999971,49.29999999999996
2022-05-13,region_3,0.972,0.893,67.5,90.3,99.4,0,5,133,0,69.59999999999997,116.39999999999995
2022-05-14,region_3,0.972,0.893,3.6,98.9,100.0,0,5,134,0,71.59999999999997,119.19999999999995
2022-05-15,region_3,0.972,0.893,5.2,98.7,100.0,0,5,135,1,76.29999999999997,119.99999999999994
2022-05-16,region_3,0.972,0.893,57.2,97.7,98.1,1,5,136,1,65.99999999999997,140.09999999999997
2022-05-17,region_3,0.972,0.893,2.9,100.0,100.0,0,5,137,1,65.29999999999997,138.49999999999994
2022-05-18,region_3,0.972,0.893,103.9,96.9,100.0,1,5,138,1,163.99999999999997,240.79999999999995
2022-05-19,region_3,0.972,0.893,36.0,100.0,98.3,0,5,139,1,142.79999999999995,276.29999999999995
2022-05-20,region_3,0.972,0.893,3.4,98.0,97.7,0,5,140,1,143.29999999999995,212.19999999999996
2022-05-21,region_3,0.972,0.893,29.5,95.1,99.4,0,5,141,1,68.89999999999995,238.09999999999997
2022-05-22,region_3,0.972,0.893,3.5,100.0,100.0,0,5,142,1,36.399999999999956,236.39999999999995
2022-05-23,region_3,0.972,0.893,35.8,98.3,100.0,0,5,143,1,68.79999999999995,214.99999999999997
2022-05-24,region_3,0.972,0.893,5.8,97.4,98.1,0,5,144,1,45.09999999999995,217.89999999999995
2022-05-25,region_3,0.972,0.893,5.6,97.6,100.0,0,5,145,1,47.19999999999995,119.59999999999995
2022-05-26,region_3,0.972,0.893,0.1,97.6,98.3,0,5,146,1,11.499999999999957,83.69999999999995
2022-05-27,region_3,0.972,0.893,16.2,94.4,98.8,0,5,147,1,21.899999999999956,96.49999999999994
2022-05-28,region_3,0.972,0.893,2.9,98.8,100.0,0,5,148,1,19.199999999999953,69.89999999999995
2022-05-29,region_3,0.972,0.893,0.3,94.7,100.0,0,5,149,1,19.399999999999956,66.69999999999995
2022-05-30,region_3,0.972,0.893,47.3,91.2,98.5,0,5,150,1,50.49999999999996,78.19999999999996
2022-05-31,region_3,0.972,0.893,4.4,99.5,99.9,0,5,151,1,51.99999999999996,76.79999999999995
2022-06-01,region_3,0.972,0.893,18.6,99.3,100.0,0,6,152,1,70.29999999999995,89.79999999999995
2022-06-02,region_3,0.972,0.893,36.4,99.6,99.2,0,6,153,1,59.399999999999956,126.09999999999995
2022-06-03,region_3,0.972,0.893,5.6,100.0,99.9,0,6,154,1,60.59999999999996,115.49999999999994
2022-06-04,region_3,0.972,0.893,51.9,95.0,98.7,1,6,155,1,93.89999999999995,164.49999999999994
2022-06-05,region_3,0.972,0.893,10.2,100.0,100.0,0,6,156,1,67.69999999999996,174.39999999999995
2022-06-06,region_3,0.972,0.893,48.4,100.0,100.0,0,6,157,1,110.49999999999994,175.49999999999994
2022-06-07,region_3,0.972,0.893,30.3,99.8,100.0,0,6,158,1,88.89999999999995,201.39999999999995
2022-06-08,region_3,0.972,0.893,28.6,99.6,100.0,0,6,159,1,107.29999999999995,211.39999999999995
2022-06-09,region_3,0.972,0.893,78.2,99.0,99.7,0,6,160,1,137.09999999999997,253.19999999999996
2022-06-10,region_3,0.972,0.893,8.0,97.8,100.0,0,6,161,1,114.79999999999997,255.59999999999997
2022-06-11,region_3,0.972,0.893,59.4,100.0,100.0,0,6,162,1,145.59999999999997,263.09999999999997
2022-06-12,region_3,0.972,0.893,1.0,98.8,98.4,0,6,163,1,68.39999999999995,253.89999999999998
2022-06-13,region_3,0.972,0.893,16.8,97.0,99.1,0,6,164,1,77.19999999999996,222.29999999999995
2022-06-14,region_3,0.972,0.893,3.6,100.0,100.0,0,6,165,1,21.39999999999996,195.59999999999997
2022-06-15,region_3,0.972,0.893,93.2,98.7,100.0,1,6,166,1,113.59999999999997,260.19999999999993
2022-06-16,region_3,0.972,0.893,131.5,98.6,100.0,0,6,167,1,228.29999999999995,313.5
2022-06-17,region_3,0.972,0.893,6.1,100.0,98.6,0,6,168,1,230.79999999999995,311.59999999999997
2022-06-18,region_3,0.972,0.893,7.2,99.2,100.0,0,6,169,1,144.79999999999995,259.4
2022-06-19,region_3,0.972,0.893,50.5,99.3,100.0,1,6,170,1,63.79999999999994,308.9
2022-06-20,region_3,0.972,0.893,36.2,96.2,99.4,0,6,171,1,93.89999999999995,328.29999999999995
2022-06-21,region_3,0.972,0.893,21.9,100.0,100.0,0,6,172,1,108.59999999999994,346.5999999999999
2022-06-22,region_3,0.972,0.893,6.5,100.0,100.0,0,6,173,1,64.59999999999994,259.8999999999999
2022-06-23,region_3,0.972,0.893,0.7,96.6,99.4,0,6,174,1,29.09999999999994,129.09999999999994
2022-06-24,region_3,0.972,0.893,37.4,95.3,99.3,0,6,175,1,44.59999999999994,160.39999999999995
2022-06-25,region_3,0.972,0.893,23.6,99.6,100.0,0,6,176,1,61.699999999999946,176.79999999999993
2022-06-26,region_3,0.972,0.893,8.2,98.4,100.0,0,6,177,1,69.19999999999995,134.49999999999994
2022-06-27,region_3,0.972,0.893,1.7,98.9,100.0,0,6,178,1,33.49999999999994,99.99999999999994
2022-06-28,region_3,0.972,0.893,15.1,98.4,97.0,0,6,179,1,24.999999999999943,93.19999999999993
2022-06-29,region_3,0.972,0.893,92.1,100.0,100.0,0,6,180,1,108.89999999999993,178.79999999999993
2022-06-30,region_3,0.972,0.893,3.3,99.8,100.0,0,6,181,1,110.49999999999993,181.39999999999995
2022-07-01,region_3,0.972,0.893,9.6,95.1,100.0,0,7,182,1,104.99999999999994,153.59999999999994
2022-07-02,region_3,0.972,0.893,0.6,100.0,99.5,0,7,183,1,13.499999999999941,130.59999999999994
2022-07-03,region_3,0.972,0.893,10.7,96.1,98.0,0,7,184,1,20.89999999999994,133.09999999999994
2022-07-04,region_3,0.972,0.893,53.5,96.6,99.8,1,7,185,1,64.79999999999994,184.89999999999992
2022-07-05,region_3,0.972,0.893,5.2,98.3,100.0,0,7,186,1,69.39999999999995,174.99999999999991
2022-07-06,region_3,0.972,0.893,39.5,99.2,97.8,0,7,187,1,98.19999999999995,122.39999999999995
2022-07-07,region_3,0.972,0.893,0.4,100.0,100.0,0,7,188,1,45.099999999999945,119.49999999999994
2022-07-08,region_3,0.972,0.893,75.2,94.8,99.2,0,7,189,1,115.09999999999994,185.09999999999997
2022-07-09,region_3,0.972,0.893,19.2,100.0,100.0,0,7,190,1,94.79999999999995,203.69999999999996
2022-07-10,region_3,0.972,0.893,6.9,99.7,100.0,0,7,191,1,101.29999999999994,199.89999999999995
2022-07-11,region_3,0.972,0.893,1.4,99.0,100.0,0,7,192,1,27.499999999999943,147.79999999999993
2022-07-12,region_3,0.972,0.893,9.8,95.5,99.2,0,7,193,1,18.099999999999945,152.39999999999995
2022-07-13,region_3,0.972,0.893,7.1,96.3,100.0,0,7,194,1,18.299999999999944,119.99999999999996
2022-07-14,region_3,0.972,0.893,55.8,96.3,100.0,1,7,195,1,72.69999999999995,175.39999999999995
2022-07-15,region_3,0.972,0.893,1.0,100.0,100.0,0,7,196,1,63.89999999999994,101.19999999999993
2022-07-16,region_3,0.972,0.893,8.9,97.1,97.8,0,7,197,1,65.69999999999995,90.89999999999993
2022-07-17,region_3,0.972,0.893,61.1,98.1,99.9,0,7,198,1,70.99999999999994,145.09999999999994
2022-07-18,region_3,0.972,0.893,102.7,99.9,100.0,1,7,199,1,172.69999999999993,246.39999999999995
2022-07-19,region_3,0.972,0.893,119.1,100.0,99.8,1,7,200,1,282.8999999999999,355.69999999999993
2022-07-20,region_3,0.972,0.893,124.7,100.0,99.4,1,7,201,1,346.49999999999994,473.29999999999995
2022-07-21,region_3,0.972,0.893,21.4,98.5,100.0,0,7,202,1,265.19999999999993,438.9
2022-07-22,region_3,0.972,0.893,25.9,100.0,100.0,0,7,203,1,171.99999999999994,463.79999999999995
2022-07-23,region_3,0.972,0.893,0.1,100.0,99.1,0,7,204,1,47.39999999999994,454.99999999999994
2022-07-24,region_3,0.972,0.893,0.6,94.6,97.5,0,7,205,1,26.59999999999994,394.49999999999994
2022-07-25,region_3,0.972,0.893,0.8,92.2,96.5,0,7,206,1,1.4999999999999432,292.59999999999997
2022-07-26,region_3,0.972,0.893,72.3,87.6,92.3,0,7,207,1,73.69999999999995,245.79999999999995
2022-07-27,region_3,0.972,0.893,44.5,100.0,100.0,0,7,208,1,117.59999999999995,165.59999999999994
2022-07-28,region_3,0.972,0.893,152.3,98.1,99.1,1,7,209,1,269.09999999999997,296.49999999999994
2022-07-29,region_3,0.972,0.893,15.8,99.2,99.7,0,7,210,1,212.59999999999997,286.4
2022-07-30,region_3,0.972,0.893,94.9,99.0,98.7,0,7,211,1,262.99999999999994,381.19999999999993
2022-07-31,region_3,0.972,0.893,1.9,100.0,99.6,0,7,212,1,112.59999999999995,382.5
2022-08-01,region_3,0.972,0.893,42.2,97.5,100.0,0,8,213,1,138.99999999999994,423.9
2022-08-02,region_3,0.972,0.893,15.6,99.6,99.0,0,8,214,1,59.699999999999946,367.19999999999993
2022-08-03,region_3,0.972,0.893,88.0,99.6,99.3,0,8,215,1,145.79999999999995,410.69999999999993
2022-08-04,region_3,0.972,0.893,44.5,100.0,99.6,0,8,216,1,148.09999999999997,302.9
2022-08-05,region_3,0.972,0.893,12.9,100.0,97.9,0,8,217,1,145.39999999999995,299.99999999999994
2022-08-06,region_3,0.972,0.893,132.6,100.0,98.3,1,8,218,1,189.99999999999994,337.69999999999993
2022-08-07,region_3,0.972,0.893,56.0,99.6,100.0,1,8,219,1,201.49999999999994,391.79999999999995
2022-08-08,region_3,0.972,0.893,1.7,100.0,99.4,0,8,220,1,190.29999999999993,351.29999999999995
2022-08-09,region_3,0.972,0.893,18.9,96.7,100.0,0,8,221,1,76.59999999999994,354.59999999999997
2022-08-10,region_3,0.972,0.893,0.3,100.0,99.1,0,8,222,1,20.89999999999994,266.8999999999999
2022-08-11,region_3,0.972,0.893,0.2,95.3,99.8,0,8,223,1,19.39999999999994,222.59999999999994
2022-08-12,region_3,0.972,0.893,5.5,89.5,94.2,0,8,224,1,5.999999999999943,215.19999999999993
2022-08-13,region_3,0.972,0.893,6.8,87.7,96.8,0,8,225,1,12.499999999999943,89.39999999999993
2022-08-14,region_3,0.972,0.893,190.6,88.9,98.5,1,8,226,1,202.89999999999995,223.99999999999994
2022-08-15,region_3,0.972,0.893,1.9,100.0,100.0,0,8,227,1,199.29999999999995,224.19999999999993
2022-08-16,region_3,0.972,0.893,11.9,95.9,98.7,0,8,228,1,204.39999999999995,217.19999999999993
2022-08-17,region_3,0.972,0.893,72.7,100.0,99.4,1,8,229,1,86.49999999999994,289.5999999999999
2022-08-18,region_3,0.972,0.893,3.7,99.4,99.9,0,8,230,1,88.29999999999994,293.0999999999999
2022-08-19,region_3,0.972,0.893,96.4,94.5,100.0,0,8,231,1,172.79999999999995,383.99999999999994
2022-08-20,region_3,0.972,0.893,2.7,99.2,100.0,0,8,232,1,102.79999999999995,379.8999999999999
2022-08-21,region_3,0.972,0.893,21.6,94.3,99.5,0,8,233,1,120.69999999999995,210.89999999999992
2022-08-22,region_3,0.972,0.893,59.6,100.0,99.0,0,8,234,1,83.89999999999995,268.5999999999999
2022-08-23,region_3,0.972,0.893,71.5,97.3,99.1,0,8,235,1,152.69999999999993,328.19999999999993
2022-08-24,region_3,0.972,0.893,17.0,100.0,98.9,0,8,236,1,148.09999999999997,272.49999999999994
2022-08-25,region_3,0.972,0.893,0.5,98.9,100.0,0,8,237,1,88.99999999999994,269.29999999999995
2022-08-26,region_3,0.972,0.893,3.1,94.2,97.4,0,8,238,1,20.599999999999945,175.99999999999991
2022-08-27,region_3,0.972,0.893,40.3,93.6,99.5,0,8,239,1,43.89999999999994,213.5999999999999
2022-08-28,region_3,0.972,0.893,136.8,99.8,100.0,0,8,240,1,180.19999999999996,328.79999999999995
2022-08-29,region_3,0.972,0.893,1.3,100.0,99.8,0,8,241,1,178.39999999999998,270.4999999999999
2022-08-30,region_3,0.972,0.893,1.3,95.7,97.2,0,8,242,1,139.39999999999995,200.2999999999999
2022-08-31,region_3,0.972,0.893,1.1,91.3,98.4,0,8,243,1,3.6999999999999433,184.3999999999999
2022-09-01,region_3,0.972,0.893,3.2,86.8,95.1,0,9,244,1,5.599999999999944,187.09999999999994
2022-09-02,region_3,0.972,0.893,26.7,83.3,96.1,0,9,245,1,30.999999999999943,210.6999999999999
2022-09-03,region_3,0.972,0.893,90.4,100.0,100.0,0,9,246,1,120.29999999999995,260.79999999999995
2022-09-04,region_3,0.972,0.893,31.8,100.0,97.6,0,9,247,1,148.89999999999995,155.79999999999993
2022-09-05,region_3,0.972,0.893,10.0,100.0,99.7,0,9,248,1,132.19999999999996,164.49999999999991
2022-09-06,region_3,0.972,0.893,15.4,100.0,99.3,0,9,249,1,57.19999999999996,178.5999999999999
2022-09-07,region_3,0.972,0.893,1.4,99.3,99.5,0,9,250,1,26.799999999999958,178.89999999999992
2022-09-08,region_3,0.972,0.893,5.4,95.8,97.3,0,9,251,1,22.19999999999996,181.0999999999999
2022-09-09,region_3,0.972,0.893,0.2,95.8,100.0,0,9,252,1,6.999999999999958,154.5999999999999
2022-09-10,region_3,0.972,0.893,15.1,91.7,98.1,0,9,253,1,20.69999999999996,79.29999999999991
2022-09-11,region_3,0.972,0.893,2.5,98.0,97.9,0,9,254,1,17.799999999999958,49.999999999999915
2022-09-12,region_3,0.972,0.893,32.8,97.3,99.9,0,9,255,1,50.399999999999956,72.79999999999991
2022-09-13,region_3,0.972,0.893,3.3,99.9,100.0,0,9,256,1,38.59999999999995,60.6999999999999
2022-09-14,region_3,0.972,0.893,2.1,96.1,99.7,0,9,257,1,38.19999999999995,61.399999999999906
2022-09-15,region_3,0.972,0.893,44.9,92.4,100.0,0,9,258,1,50.299999999999955,100.8999999999999
2022-09-16,region_3,0.972,0.893,2.4,99.6,97.9,0,9,259,1,49.399999999999956,103.09999999999991
2022-09-17,region_3,0.972,0.893,15.5,96.3,100.0,0,9,260,1,62.799999999999955,103.49999999999991
2022-09-18,region_3,0.972,0.893,3.0,100.0,99.7,0,9,261,1,20.899999999999956,103.99999999999991
2022-09-19,region_3,0.972,0.893,28.2,99.4,98.7,0,9,262,1,46.69999999999996,99.39999999999992
2022-09-20,region_3,0.972,0.893,3.6,99.7,100.0,0,9,263,1,34.79999999999996,99.69999999999992
2022-09-21,region_3,0.972,0.893,0.8,95.3,100.0,0,9,264,1,32.59999999999996,98.3999999999999
2022-09-22,region_3,0.972,0.893,19.0,92.1,99.9,0,9,265,1,23.399999999999956,72.49999999999991
2022-09-23,region_3,0.972,0.893,5.2,99.6,100.0,0,9,266,0,24.999999999999954,75.29999999999991
2022-09-24,region_3,0.972,0.893,2.3,98.8,100.0,0,9,267,0,26.499999999999957,62.099999999999916
2022-09-25,region_3,0.972,0.893,20.0,92.0,97.6,0,9,268,0,27.499999999999957,79.09999999999991
2022-09-26,region_3,0.972,0.893,1.3,100.0,98.2,0,9,269,0,23.59999999999996,52.19999999999991
2022-09-27,region_3,0.972,0.893,0.9,94.3,97.2,0,9,270,0,22.199999999999957,49.499999999999915
2022-09-28,region_3,0.972,0.893,2.4,91.7,97.1,0,9,271,0,4.599999999999957,51.099999999999916
2022-09-29,region_3,0.972,0.893,1.0,88.2,97.0,0,9,272,0,4.299999999999958,33.099999999999916
2022-09-30,region_3,0.972,0.893,64.3,83.4,95.6,1,9,273,0,67.69999999999996,92.19999999999992
2022-10-01,region_3,0.972,0.893,81.7,100.0,100.0,0,10,274,0,146.99999999999994,171.5999999999999
2022-10-02,region_3,0.972,0.893,1.0,99.3,99.2,0,10,275,0,146.99999999999994,152.5999999999999
2022-10-03,region_3,0.972,0.893,0.4,94.2,100.0,0,10,276,0,83.09999999999997,151.6999999999999
2022-10-04,region_3,0.972,0.893,3.5,91.7,98.4,0,10,277,0,4.899999999999958,154.2999999999999
2022-10-05,region_3,0.972,0.893,0.3,90.5,96.1,0,10,278,0,4.1999999999999575,152.19999999999993
2022-10-06,region_3,0.972,0.893,0.4,84.5,95.1,0,10,279,0,4.1999999999999575,151.59999999999994
2022-10-07,region_3,0.972,0.893,36.7,80.9,93.9,0,10,280,0,37.39999999999996,123.99999999999991
2022-10-08,region_3,0.972,0.893,45.7,100.0,100.0,1,10,281,0,82.79999999999997,87.99999999999991
2022-10-09,region_3,0.972,0.893,2.3,99.7,100.0,0,10,282,0,84.69999999999996,89.29999999999993
2022-10-10,region_3,0.972,0.893,1.7,95.9,99.1,0,10,283,0,49.69999999999996,90.59999999999991
2022-10-11,region_3,0.972,0.893,2.2,93.5,98.2,0,10,284,0,6.1999999999999575,89.29999999999991
2022-10-12,region_3,0.972,0.893,3.3,88.6,97.7,0,10,285,0,7.1999999999999575,92.29999999999993
2022-10-13,region_3,0.972,0.893,2.9,85.4,98.5,0,10,286,0,8.399999999999958,94.79999999999993
2022-10-14,region_3,0.972,0.893,0.7,83.7,98.3,0,10,287,0,6.899999999999957,58.79999999999992
2022-10-15,region_3,0.972,0.893,1.7,78.4,95.6,0,10,288,0,5.299999999999957,14.799999999999915
2022-10-16,region_3,0.972,0.893,1.5,76.7,96.3,0,10,289,0,3.8999999999999573,13.999999999999915
2022-10-17,region_3,0.972,0.893,22.6,75.3,94.0,0,10,290,0,25.799999999999958,34.89999999999992
2022-10-18,region_3,0.972,0.893,0.7,86.0,100.0,0,10,291,0,24.799999999999958,33.39999999999991
2022-10-19,region_3,0.972,0.893,24.2,83.7,96.9,0,10,292,0,47.49999999999996,54.29999999999991
2022-10-20,region_3,0.972,0.893,2.7,100.0,100.0,0,10,293,0,27.599999999999955,54.099999999999916
2022-10-21,region_3,0.972,0.893,1.0,96.6,100.0,0,10,294,0,27.899999999999956,54.39999999999991
2022-10-22,region_3,0.972,0.893,0.6,94.6,100.0,0,10,295,0,4.299999999999957,53.29999999999992
2022-10-23,region_3,0.972,0.893,69.2,88.3,97.0,0,10,296,0,70.79999999999995,120.99999999999991
2022-10-24,region_3,0.972,0.893,32.2,100.0,99.8,0,10,297,0,101.99999999999996,130.5999999999999
2022-10-25,region_3,0.972,0.893,15.1,100.0,100.0,0,10,298,0,116.49999999999996,144.99999999999994
2022-10-26,region_3,0.972,0.893,1.3,100.0,100.0,0,10,299,0,48.59999999999996,122.09999999999994
2022-10-27,region_3,0.972,0.893,2.5,95.6,98.8,0,10,300,0,18.899999999999956,121.89999999999993
2022-10-28,region_3,0.972,0.893,2.9,91.5,96.7,0,10,301,0,6.699999999999957,123.79999999999993
2022-10-29,region_3,0.972,0.893,3.2,89.6,98.2,0,10,302,0,8.599999999999957,126.39999999999993
2022-10-30,region_3,0.972,0.893,54.3,88.4,100.0,0,10,303,0,60.399999999999956,111.49999999999993
2022-10-31,region_3,0.972,0.893,1.7,98.8,100.0,0,10,304,0,59.19999999999996,80.99999999999993
2022-11-01,region_3,0.972,0.893,23.3,98.0,99.6,0,11,305,0,79.29999999999995,89.19999999999993
2022-11-02,region_3,0.972,0.893,1.8,100.0,99.6,0,11,306,0,26.799999999999958,89.69999999999992
2022-11-03,region_3,0.972,0.893,2.5,95.9,100.0,0,11,307,0,27.59999999999996,89.69999999999992
2022-11-04,region_3,0.972,0.893,2.6,90.3,98.2,0,11,308,0,6.899999999999958,89.39999999999993
2022-11-05,region_3,0.972,0.893,0.2,91.1,99.1,0,11,309,0,5.299999999999957,86.39999999999992
2022-11-06,region_3,0.972,0.893,2.2,85.5,97.5,0,11,310,0,4.999999999999957,34.299999999999926
2022-11-07,region_3,0.972,0.893,2.2,83.7,96.8,0,11,311,0,4.599999999999958,34.799999999999926
2022-11-08,region_3,0.972,0.893,0.3,80.2,94.5,0,11,312,0,4.6999999999999575,11.79999999999993
2022-11-09,region_3,0.972,0.893,11.8,77.7,94.2,0,11,313,0,14.299999999999958,21.79999999999993
2022-11-10,region_3,0.972,0.893,7.8,79.6,98.9,0,11,314,0,19.89999999999996,27.09999999999993
2022-11-11,region_3,0.972,0.893,0.6,82.9,100.0,0,11,315,0,20.199999999999957,25.09999999999993
2022-11-12,region_3,0.972,0.893,1.1,78.9,98.4,0,11,316,0,9.499999999999957,25.99999999999993
2022-11-13,region_3,0.972,0.893,1.2,75.6,95.7,0,11,317,0,2.8999999999999577,24.99999999999993
2022-11-14,region_3,0.972,0.893,19.6,73.2,96.7,0,11,318,0,21.89999999999996,42.399999999999935
2022-11-15,region_3,0.972,0.893,0.3,84.6,100.0,0,11,319,0,21.09999999999996,42.399999999999935
2022-11-16,region_3,0.972,0.893,1.4,77.4,97.3,0,11,320,0,21.299999999999958,31.99999999999993
2022-11-17,region_3,0.972,0.893,0.5,77.0,96.3,0,11,321,0,2.1999999999999575,24.69999999999993
2022-11-18,region_3,0.972,0.893,9.2,72.5,95.7,0,11,322,0,11.099999999999957,33.299999999999926
2022-11-19,region_3,0.972,0.893,0.6,74.8,96.5,0,11,323,0,10.299999999999956,32.799999999999926
2022-11-20,region_3,0.972,0.893,0.2,72.1,94.2,0,11,324,0,9.999999999999957,31.79999999999993
2022-11-21,region_3,0.972,0.893,0.1,68.5,91.0,0,11,325,0,0.8999999999999574,12.299999999999928
2022-11-22,region_3,0.972,0.893,30.8,64.8,89.1,0,11,326,0,31.09999999999996,42.799999999999926
2022-11-23,region_3,0.972,0.893,0.1,79.9,97.7,0,11,327,0,30.99999999999996,41.49999999999993
2022-11-24,region_3,0.972,0.893,0.3,78.5,97.2,0,11,328,0,31.199999999999957,41.29999999999993
2022-11-25,region_3,0.972,0.893,1.0,74.1,94.7,0,11,329,0,1.3999999999999573,33.09999999999994
2022-11-26,region_3,0.972,0.893,0.5,71.6,92.6,0,11,330,0,1.7999999999999572,32.999999999999936
2022-11-27,region_3,0.972,0.893,0.5,67.6,90.8,0,11,331,0,1.9999999999999574,33.29999999999993
2022-11-28,region_3,0.972,0.893,0.0,67.7,86.0,0,11,332,0,0.9999999999999574,33.19999999999993
2022-11-29,region_3,0.972,0.893,9.2,60.8,86.6,0,11,333,0,9.699999999999957,11.599999999999932
2022-11-30,region_3,0.972,0.893,90.6,62.8,87.9,0,11,334,0,99.79999999999995,102.09999999999992
2022-12-01,region_3,0.972,0.893,1.5,99.9,98.6,0,12,335,0,101.29999999999995,103.29999999999993
2022-12-02,region_3,0.972,0.893,24.4,95.1,100.0,0,12,336,0,116.49999999999994,126.69999999999993
2022-12-03,region_3,0.972,0.893,2.1,100.0,100.0,0,12,337,0,27.999999999999957,128.29999999999993
2022-12-04,region_3,0.972,0.893,0.4,95.5,99.7,0,12,338,0,26.899999999999956,128.19999999999993
2022-12-05,region_3,0.972,0.893,0.9,92.4,96.5,0,12,339,0,3.3999999999999577,129.09999999999994
2022-12-06,region_3,0.972,0.893,13.2,87.3,96.1,0,12,340,0,14.499999999999957,133.0999999999999
2022-12-07,region_3,0.972,0.893,0.2,91.9,100.0,0,12,341,0,14.299999999999956,42.699999999999925
2022-12-08,region_3,0.972,0.893,16.9,88.9,99.8,0,12,342,0,30.299999999999955,58.09999999999992
2022-12-09,region_3,0.972,0.893,0.9,95.4,100.0,0,12,343,0,17.999999999999954,34.59999999999993
2022-12-10,region_3,0.972,0.893,0.8,89.0,98.6,0,12,344,0,18.599999999999955,33.299999999999926
2022-12-11,region_3,0.972,0.893,0.1,86.0,95.3,0,12,345,0,1.7999999999999574,32.99999999999993
2022-12-12,region_3,0.972,0.893,0.3,80.1,93.4,0,12,346,0,1.1999999999999575,32.39999999999993
2022-12-13,region_3,0.972,0.893,0.3,77.3,90.2,0,12,347,0,0.6999999999999573,19.499999999999925
2022-12-14,region_3,0.972,0.893,0.8,69.0,90.5,0,12,348,0,1.3999999999999573,20.099999999999927
2022-12-15,region_3,0.972,0.893,0.2,72.2,89.6,0,12,349,0,1.2999999999999574,3.3999999999999293
2022-12-16,region_3,0.972,0.893,0.3,65.2,87.3,0,12,350,0,1.2999999999999572,2.799999999999929
2022-12-17,region_3,0.972,0.893,0.3,65.1,86.1,0,12,351,0,0.7999999999999572,2.2999999999999288
2022-12-18,region_3,0.972,0.893,0.1,59.9,85.8,0,12,352,0,0.6999999999999573,2.2999999999999288
2022-12-19,region_3,0.972,0.893,1.4,57.4,80.9,0,12,353,0,1.7999999999999572,3.399999999999929
2022-12-20,region_3,0.972,0.893,0.6,58.1,79.4,0,12,354,0,2.099999999999957,3.699999999999929
2022-12-21,region_3,0.972,0.893,0.0,52.8,78.8,0,12,355,0,1.9999999999999574,2.899999999999929
2022-12-22,region_3,0.972,0.893,0.0,49.0,75.4,0,12,356,0,0.5999999999999573,2.6999999999999287
2022-12-23,region_3,0.972,0.893,13.0,47.1,75.1,0,12,357,0,12.999999999999957,15.39999999999993
2022-12-24,region_3,0.972,0.893,1.7,52.8,76.2,0,12,358,0,14.699999999999957,16.79999999999993
2022-12-25,region_3,0.972,0.893,0.0,54.3,74.2,0,12,359,0,14.699999999999957,16.699999999999932
2022-12-26,region_3,0.972,0.893,0.2,51.1,72.5,0,12,360,0,1.8999999999999573,15.499999999999929
2022-12-27,region_3,0.972,0.893,0.0,47.3,71.7,0,12,361,0,0.19999999999995738,14.89999999999993
2022-12-28,region_3,0.972,0.893,0.8,46.4,69.9,0,12,362,0,0.9999999999999574,15.699999999999928
2022-12-29,region_3,0.972,0.893,1.3,44.5,68.8,0,12,363,0,2.0999999999999575,16.99999999999993
2022-12-30,region_3,0.972,0.893,0.7,41.9,69.1,0,12,364,0,2.799999999999957,4.699999999999929
2022-12-31,region_3,0.972,0.893,0.5,41.0,67.5,0,12,365,0,2.4999999999999574,3.499999999999929
2023-01-01,region_3,0.972,0.893,6.9,38.5,65.4,0,1,1,0,8.099999999999957,10.39999999999993
2023-01-02,region_3,0.972,0.893,44.3,41.9,65.3,0,1,2,0,51.69999999999995,54.49999999999993
2023-01-03,region_3,0.972,0.893,0.8,69.2,67.5,0,1,3,0,51.99999999999995,55.299999999999926
2023-01-04,region_3,0.972,0.893,0.6,69.4,68.0,0,1,4,0,45.69999999999995,55.09999999999993
2023-01-05,region_3,0.972,0.893,0.5,66.6,65.1,0,1,5,0,1.8999999999999573,54.299999999999926
2023-01-06,region_3,0.972,0.893,0.7,61.4,65.3,0,1,6,0,1.7999999999999572,54.29999999999993
2023-01-07,region_3,0.972,0.893,1.1,62.0,65.4,0,1,7,0,2.299999999999957,54.899999999999935
2023-01-08,region_3,0.972,0.893,0.4,58.1,63.5,0,1,8,0,2.199999999999957,48.39999999999993
2023-01-09,region_3,0.972,0.893,0.6,56.3,62.1,0,1,9,0,2.0999999999999575,4.699999999999929
2023-01-10,region_3,0.972,0.893,3.9,53.7,59.0,0,1,10,0,4.899999999999958,7.79999999999993
2023-01-11,region_3,0.972,0.893,0.1,52.8,59.4,0,1,11,0,4.599999999999957,7.299999999999929
2023-01-12,region_3,0.972,0.893,0.5,49.4,58.4,0,1,12,0,4.499999999999957,7.299999999999929
2023-01-13,region_3,0.972,0.893,0.7,47.0,58.0,0,1,13,0,1.2999999999999572,7.29999999999993
2023-01-14,region_3,0.972,0.893,1.5,43.5,55.1,0,1,14,0,2.699999999999957,7.699999999999928
2023-01-15,region_3,0.972,0.893,0.1,46.9,54.7,0,1,15,0,2.299999999999957,7.399999999999928
2023-01-16,region_3,0.972,0.893,0.1,43.0,55.2,0,1,16,0,1.6999999999999573,6.899999999999928
2023-01-17,region_3,0.972,0.893,2.1,38.9,52.4,0,1,17,0,2.299999999999957,5.099999999999929
2023-01-18,region_3,0.972,0.893,0.2,40.6,49.2,0,1,18,0,2.3999999999999577,5.199999999999929
2023-01-19,region_3,0.972,0.893,1.0,36.1,49.2,0,1,19,0,3.299999999999957,5.699999999999929
2023-01-20,region_3,0.972,0.893,0.0,37.6,48.7,0,1,20,0,1.1999999999999573,4.999999999999929
2023-01-21,region_3,0.972,0.893,5.5,35.4,47.2,0,1,21,0,6.499999999999957,8.999999999999929
2023-01-22,region_3,0.972,0.893,0.3,37.1,48.0,0,1,22,0,5.799999999999957,9.19999999999993
2023-01-23,region_3,0.972,0.893,0.1,33.9,47.8,0,1,23,0,5.899999999999958,9.19999999999993
2023-01-24,region_3,0.972,0.893,0.2,33.7,47.0,0,1,24,0,0.5999999999999573,7.299999999999928
2023-01-25,region_3,0.972,0.893,0.8,32.9,46.1,0,1,25,0,1.0999999999999575,7.899999999999929
2023-01-26,region_3,0.972,0.893,0.5,29.3,43.1,0,1,26,0,1.4999999999999574,7.399999999999929
2023-01-27,region_3,0.972,0.893,0.7,29.4,42.6,0,1,27,0,1.9999999999999574,8.099999999999929
2023-01-28,region_3,0.972,0.893,0.2,31.3,41.8,0,1,28,0,1.3999999999999573,2.7999999999999288
2023-01-29,region_3,0.972,0.893,0.1,27.8,43.9,0,1,29,0,0.9999999999999574,2.599999999999929
2023-01-30,region_3,0.972,0.893,0.3,30.5,40.5,0,1,30,0,0.5999999999999573,2.7999999999999288
2023-01-31,region_3,0.972,0.893,0.4,26.0,39.1,0,1,31,0,0.7999999999999574,2.999999999999929
2023-02-01,region_3,0.972,0.893,0.2,24.0,37.4,0,2,32,0,0.8999999999999574,2.399999999999929
2023-02-02,region_3,0.972,0.893,11.9,21.7,38.7,0,2,33,0,12.499999999999957,13.79999999999993
2023-02-03,region_3,0.972,0.893,13.4,29.6,36.1,0,2,34,0,25.499999999999957,26.49999999999993
2023-02-04,region_3,0.972,0.893,39.1,40.2,37.9,0,2,35,0,64.39999999999996,65.39999999999993
2023-02-05,region_3,0.972,0.893,1.8,61.4,41.4,0,2,36,0,54.299999999999955,67.09999999999992
2023-02-06,region_3,0.972,0.893,0.0,59.9,40.8,0,2,37,0,40.89999999999995,66.79999999999993
2023-02-07,region_3,0.972,0.893,0.1,57.5,42.2,0,2,38,0,1.8999999999999575,66.49999999999993
2023-02-08,region_3,0.972,0.893,3.0,53.3,39.9,0,2,39,0,3.0999999999999575,69.29999999999993
2023-02-09,region_3,0.972,0.893,1.6,54.8,40.2,0,2,40,0,4.6999999999999575,58.99999999999992
2023-02-10,region_3,0.972,0.893,0.8,52.1,37.6,0,2,41,0,5.399999999999958,46.39999999999992
2023-02-11,region_3,0.972,0.893,0.5,48.8,39.2,0,2,42,0,2.8999999999999577,7.799999999999922
2023-02-12,region_3,0.972,0.893,0.3,47.9,38.8,0,2,43,0,1.5999999999999575,6.299999999999922
2023-02-13,region_3,0.972,0.893,0.0,41.8,36.9,0,2,44,0,0.7999999999999574,6.299999999999922
2023-02-14,region_3,0.972,0.893,0.2,43.5,35.4,0,2,45,0,0.49999999999995737,6.399999999999921
2023-02-15,region_3,0.972,0.893,4.5,41.4,34.2,0,2,46,0,4.6999999999999575,7.899999999999922
2023-02-16,region_3,0.972,0.893,20.2,39.1,35.0,0,2,47,0,24.899999999999956,26.499999999999922
2023-02-17,region_3,0.972,0.893,0.5,50.8,37.0,0,2,48,0,25.199999999999957,26.19999999999992
2023-02-18,region_3,0.972,0.893,0.0,50.6,35.9,0,2,49,0,20.699999999999957,25.69999999999992
2023-02-19,region_3,0.972,0.893,0.1,47.5,36.1,0,2,50,0,0.5999999999999573,25.499999999999922
2023-02-20,region_3,0.972,0.893,0.0,45.9,35.1,0,2,51,0,0.09999999999995737,25.499999999999922
2023-02-21,region_3,0.972,0.893,0.7,43.6,33.7,0,2,52,0,0.7999999999999573,25.999999999999922
2023-02-22,region_3,0.972,0.893,0.2,44.0,33.1,0,2,53,0,0.8999999999999573,21.69999999999992
2023-02-23,region_3,0.972,0.893,24.9,39.1,31.0,0,2,54,0,25.799999999999955,26.39999999999992
2023-02-24,region_3,0.972,0.893,0.4,53.2,35.4,0,2,55,0,25.499999999999954,26.29999999999992
2023-02-25,region_3,0.972,0.893,0.6,49.1,33.7,0,2,56,0,25.899999999999956,26.89999999999992
2023-02-26,region_3,0.972,0.893,0.3,48.2,33.8,0,2,57,0,1.2999999999999574,27.09999999999992
2023-02-27,region_3,0.972,0.893,0.5,44.7,33.8,0,2,58,0,1.3999999999999573,27.59999999999992
2023-02-28,region_3,0.972,0.893,0.1,41.3,31.0,0,2,59,0,0.8999999999999574,26.99999999999992
2023-03-01,region_3,0.972,0.893,0.5,40.2,31.8,0,3,60,0,1.0999999999999575,27.29999999999992
2023-03-02,region_3,0.972,0.893,0.4,40.0,31.8,0,3,61,0,0.9999999999999575,2.7999999999999217
2023-03-03,region_3,0.972,0.893,0.7,35.9,29.3,0,3,62,0,1.5999999999999575,3.099999999999922
2023-03-04,region_3,0.972,0.893,0.3,36.2,29.6,0,3,63,0,1.3999999999999575,2.7999999999999217
2023-03-05,region_3,0.972,0.893,0.1,35.0,28.2,0,3,64,0,1.0999999999999575,2.599999999999922
2023-03-06,region_3,0.972,0.893,0.0,33.2,29.8,0,3,65,0,0.3999999999999575,2.0999999999999215
2023-03-07,region_3,0.972,0.893,27.6,32.2,27.6,0,3,66,0,27.69999999999996,29.599999999999923
2023-03-08,region_3,0.972,0.893,0.3,53.9,29.7,0,3,67,0,27.89999999999996,29.399999999999924
2023-03-09,region_3,0.972,0.893,15.3,46.4,30.6,0,3,68,0,43.19999999999996,44.299999999999926
2023-03-10,region_3,0.972,0.893,0.4,55.8,31.2,0,3,69,0,15.99999999999996,43.99999999999992
2023-03-11,region_3,0.972,0.893,2.2,53.6,32.7,0,3,70,0,17.89999999999996,45.89999999999993
2023-03-12,region_3,0.972,0.893,0.2,51.9,31.2,0,3,71,0,2.7999999999999576,45.99999999999992
2023-03-13,region_3,0.972,0.893,10.3,51.8,30.5,0,3,72,0,12.699999999999958,56.299999999999926
2023-03-14,region_3,0.972,0.893,2.9,56.8,31.5,0,3,73,0,13.399999999999958,31.599999999999923
2023-03-15,region_3,0.972,0.893,1.4,57.2,32.4,0,3,74,0,14.599999999999959,32.699999999999925
2023-03-16,region_3,0.972,0.893,5.3,51.7,27.6,0,3,75,0,9.599999999999957,22.699999999999925
2023-03-17,region_3,0.972,0.893,0.4,51.4,32.1,0,3,76,0,7.099999999999957,22.699999999999925
2023-03-18,region_3,0.972,0.893,3.0,50.3,30.0,0,3,77,0,8.699999999999957,23.499999999999922
2023-03-19,region_3,0.972,0.893,0.3,48.9,29.5,0,3,78,0,3.699999999999957,23.599999999999923
2023-03-20,region_3,0.972,0.893,2.8,49.1,30.0,0,3,79,0,6.099999999999957,16.09999999999992
2023-03-21,region_3,0.972,0.893,1.0,48.4,30.0,0,3,80,0,4.099999999999957,14.199999999999921
2023-03-22,region_3,0.972,0.893,0.3,46.9,27.9,0,3,81,0,4.099999999999957,13.099999999999921
2023-03-23,region_3,0.972,0.893,1.0,46.6,27.8,0,3,82,0,2.299999999999957,8.79999999999992
2023-03-24,region_3,0.972,0.893,0.0,42.0,27.1,0,3,83,0,1.2999999999999574,8.39999999999992
2023-03-25,region_3,0.972,0.893,1.8,38.9,27.1,0,3,84,0,2.799999999999957,7.199999999999921
2023-03-26,region_3,0.972,0.893,0.7,39.1,28.0,0,3,85,0,2.4999999999999574,7.5999999999999215
2023-03-27,region_3,0.972,0.893,44.1,36.2,26.6,0,3,86,0,46.59999999999996,48.89999999999992
2023-03-28,region_3,0.972,0.893,3.6,68.1,32.8,0,3,87,0,48.39999999999996,51.49999999999993
2023-03-29,region_3,0.972,0.893,1.1,67.9,32.4,0,3,88,0,48.79999999999996,52.29999999999993
2023-03-30,region_3,0.972,0.893,49.1,65.8,34.3,0,3,89,0,53.79999999999996,100.39999999999993
2023-03-31,region_3,0.972,0.893,0.7,92.6,46.5,0,3,90,0,50.89999999999996,101.09999999999994
2023-04-01,region_3,0.972,0.893,0.3,87.5,47.3,0,4,91,0,50.09999999999996,99.59999999999994
2023-04-02,region_3,0.972,0.893,1.4,86.1,45.6,0,4,92,0,2.3999999999999573,100.29999999999994
2023-04-03,region_3,0.972,0.893,0.5,80.2,44.6,0,4,93,0,2.1999999999999575,56.69999999999993
2023-04-04,region_3,0.972,0.893,0.4,77.8,46.8,0,4,94,0,2.299999999999957,53.49999999999993
2023-04-05,region_3,0.972,0.893,0.0,75.5,45.1,0,4,95,0,0.8999999999999574,52.39999999999993
2023-04-06,region_3,0.972,0.893,1.8,71.2,42.7,0,4,96,0,2.1999999999999575,5.099999999999929
2023-04-07,region_3,0.972,0.893,3.1,68.6,43.4,0,4,97,0,4.899999999999958,7.499999999999929
2023-04-08,region_3,0.972,0.893,1.1,68.2,42.9,0,4,98,0,5.999999999999957,8.29999999999993
2023-04-09,region_3,0.972,0.893,2.2,64.3,42.0,0,4,99,0,6.399999999999957,9.099999999999929
2023-04-10,region_3,0.972,0.893,2.2,60.3,41.5,0,4,100,0,5.499999999999957,10.79999999999993
2023-04-11,region_3,0.972,0.893,0.4,64.2,41.8,0,4,101,0,4.799999999999958,10.79999999999993
2023-04-12,region_3,0.972,0.893,0.2,58.3,41.3,0,4,102,0,2.799999999999957,10.999999999999929
2023-04-13,region_3,0.972,0.893,0.7,55.5,40.4,0,4,103,0,1.299999999999957,9.89999999999993
2023-04-14,region_3,0.972,0.893,3.7,52.7,40.0,0,4,104,0,4.599999999999957,10.499999999999929
2023-04-15,region_3,0.972,0.893,3.1,50.0,39.5,0,4,105,0,7.499999999999957,12.49999999999993
2023-04-16,region_3,0.972,0.893,3.1,50.9,38.2,0,4,106,0,9.899999999999958,13.39999999999993
2023-04-17,region_3,0.972,0.893,1.1,53.9,39.7,0,4,107,0,7.299999999999956,12.29999999999993
2023-04-18,region_3,0.972,0.893,53.8,46.6,37.9,0,4,108,0,57.99999999999996,65.69999999999993
2023-04-19,region_3,0.972,0.893,1.9,91.4,47.5,0,4,109,0,56.799999999999955,67.39999999999992
2023-04-20,region_3,0.972,0.893,0.6,88.9,49.2,0,4,110,0,56.299999999999955,67.29999999999991
2023-04-21,region_3,0.972,0.893,0.3,83.9,48.1,0,4,111,0,2.799999999999957,63.89999999999992
2023-04-22,region_3,0.972,0.893,2.9,83.3,46.9,0,4,112,0,3.799999999999957,63.699999999999925
2023-04-23,region_3,0.972,0.893,2.7,75.7,47.1,0,4,113,0,5.899999999999958,63.29999999999992
2023-04-24,region_3,0.972,0.893,1.4,75.1,48.8,0,4,114,0,6.999999999999957,63.59999999999992
2023-04-25,region_3,0.972,0.893,9.4,73.8,47.6,0,4,115,0,13.499999999999957,19.19999999999993
2023-04-26,region_3,0.972,0.893,0.3,76.1,49.6,0,4,116,0,11.099999999999959,17.59999999999993
2023-04-27,region_3,0.972,0.893,4.3,71.9,50.0,0,4,117,0,13.999999999999957,21.299999999999926
2023-04-28,region_3,0.972,0.893,1.6,71.7,49.7,0,4,118,0,6.199999999999957,22.599999999999927
2023-04-29,region_3,0.972,0.893,21.4,67.8,49.9,0,4,119,0,27.299999999999955,41.09999999999992
2023-04-30,region_3,0.972,0.893,1.2,79.4,56.5,0,4,120,0,24.199999999999953,39.59999999999992
2023-05-01,region_3,0.972,0.893,0.2,75.2,56.2,0,5,121,0,22.799999999999955,38.39999999999993
2023-05-02,region_3,0.972,0.893,1.4,73.5,53.2,0,5,122,0,2.799999999999957,30.399999999999928
2023-05-03,region_3,0.972,0.893,0.3,67.4,55.7,0,5,123,0,1.8999999999999573,30.399999999999928
2023-05-04,region_3,0.972,0.893,20.1,64.5,51.5,0,5,124,0,21.799999999999958,46.19999999999993
2023-05-05,region_3,0.972,0.893,0.5,79.5,59.9,0,5,125,0,20.89999999999996,45.09999999999993
2023-05-06,region_3,0.972,0.893,3.4,73.6,57.9,0,5,126,0,23.999999999999957,27.09999999999993
2023-05-07,region_3,0.972,0.893,61.4,77.1,60.9,0,5,127,0,65.29999999999995,87.29999999999993
2023-05-08,region_3,0.972,0.893,0.4,99.3,79.5,0,5,128,0,65.19999999999996,87.49999999999993
2023-05-09,region_3,0.972,0.893,4.2,94.3,78.7,0,5,129,0,65.99999999999996,90.29999999999994
2023-05-10,region_3,0.972,0.893,78.0,95.2,77.4,0,5,130,0,82.59999999999997,167.99999999999994
2023-05-11,region_3,0.972,0.893,41.8,100.0,100.0,0,5,131,0,123.99999999999996,189.69999999999993
2023-05-12,region_3,0.972,0.893,23.9,99.7,100.0,0,5,132,0,143.69999999999996,213.09999999999994
2023-05-13,region_3,0.972,0.893,9.5,99.9,98.2,0,5,133,0,75.19999999999996,219.19999999999993
2023-05-14,region_3,0.972,0.893,60.8,100.0,99.3,1,5,134,0,94.19999999999996,218.5999999999999
2023-05-15,region_3,0.972,0.893,1.0,100.0,99.6,0,5,135,1,71.29999999999995,219.1999999999999
2023-05-16,region_3,0.972,0.893,9.9,95.0,99.8,0,5,136,1,71.69999999999997,224.89999999999992
2023-05-17,region_3,0.972,0.893,2.3,98.6,99.7,0,5,137,1,13.19999999999997,149.19999999999993
2023-05-18,region_3,0.972,0.893,0.5,98.6,98.6,0,5,138,1,12.69999999999997,107.89999999999992
2023-05-19,region_3,0.972,0.893,0.1,90.5,97.6,0,5,139,1,2.8999999999999715,84.09999999999992
2023-05-20,region_3,0.972,0.893,11.4,85.8,96.5,0,5,140,1,11.999999999999972,85.99999999999993
2023-05-21,region_3,0.972,0.893,24.1,89.9,99.5,0,5,141,1,35.59999999999997,49.29999999999993
2023-05-22,region_3,0.972,0.893,58.2,100.0,100.0,0,5,142,1,93.69999999999997,106.49999999999994
2023-05-23,region_3,0.972,0.893,1.8,98.9,97.5,0,5,143,1,84.09999999999998,98.39999999999993
2023-05-24,region_3,0.972,0.893,0.4,98.4,100.0,0,5,144,1,60.39999999999998,96.49999999999993
2023-05-25,region_3,0.972,0.893,43.5,90.7,97.3,0,5,145,1,45.699999999999974,139.49999999999994
2023-05-26,region_3,0.972,0.893,0.3,100.0,100.0,0,5,146,1,44.199999999999974,139.69999999999993
2023-05-27,region_3,0.972,0.893,55.7,97.4,98.8,0,5,147,1,99.49999999999997,183.99999999999994
2023-05-28,region_3,0.972,0.893,1.3,99.5,100.0,0,5,148,1,57.29999999999997,161.19999999999993
2023-05-29,region_3,0.972,0.893,29.7,96.4,100.0,0,5,149,1,86.69999999999997,132.69999999999993
2023-05-30,region_3,0.972,0.893,6.5,98.2,99.2,0,5,150,1,37.49999999999997,137.39999999999995
2023-05-31,region_3,0.972,0.893,59.6,98.8,98.3,0,5,151,1,95.79999999999998,196.59999999999994
2023-06-01,region_3,0.972,0.893,3.0,100.0,100.0,0,6,152,1,69.09999999999997,156.09999999999994
2023-06-02,region_3,0.972,0.893,25.7,96.4,100.0,0,6,153,1,88.29999999999997,181.49999999999991
2023-06-03,region_3,0.972,0.893,3.7,100.0,100.0,0,6,154,1,32.39999999999997,129.49999999999994
2023-06-04,region_3,0.972,0.893,2.0,97.4,97.9,0,6,155,1,31.39999999999997,130.19999999999993
2023-06-05,region_3,0.972,0.893,62.0,93.9,100.0,0,6,156,1,67.69999999999997,162.49999999999994
2023-06-06,region_3,0.972,0.893,67.6,99.1,99.5,1,6,157,1,131.59999999999997,223.59999999999994
2023-06-07,region_3,0.972,0.893,12.5,100.0,100.0,0,6,158,1,142.09999999999997,176.49999999999994
2023-06-08,region_3,0.972,0.893,4.4,99.7,98.1,0,6,159,1,84.49999999999997,177.89999999999995
2023-06-09,region_3,0.972,0.893,0.7,97.5,100.0,0,6,160,1,17.599999999999973,152.89999999999992
2023-06-10,region_3,0.972,0.893,2.0,92.5,99.4,0,6,161,1,7.099999999999972,151.19999999999993
2023-06-11,region_3,0.972,0.893,0.7,88.9,97.8,0,6,162,1,3.3999999999999715,149.89999999999995
2023-06-12,region_3,0.972,0.893,13.6,87.5,97.9,0,6,163,1,16.299999999999972,101.49999999999994
2023-06-13,region_3,0.972,0.893,74.2,90.3,100.0,0,6,164,1,88.49999999999997,108.09999999999995
2023-06-14,region_3,0.972,0.893,29.1,100.0,100.0,0,6,165,1,116.89999999999998,124.69999999999996
2023-06-15,region_3,0.972,0.893,6.9,99.2,99.9,0,6,166,1,110.19999999999997,127.19999999999995
2023-06-16,region_3,0.972,0.893,0.5,97.3,99.3,0,6,167,1,36.49999999999997,126.99999999999996
2023-06-17,region_3,0.972,0.893,1.6,94.5,100.0,0,6,168,1,8.999999999999972,126.59999999999997
2023-06-18,region_3,0.972,0.893,1.4,94.5,97.8,0,6,169,1,3.4999999999999716,127.29999999999995
2023-06-19,region_3,0.972,0.893,1.7,88.1,94.6,0,6,170,1,4.699999999999972,115.39999999999995
2023-06-20,region_3,0.972,0.893,109.5,84.0,94.8,0,6,171,1,112.59999999999997,150.69999999999993
2023-06-21,region_3,0.972,0.893,67.8,99.2,100.0,0,6,172,1,178.99999999999994,189.39999999999995
2023-06-22,region_3,0.972,0.893,185.7,99.5,100.0,0,6,173,1,362.99999999999994,368.19999999999993
2023-06-23,region_3,0.972,0.893,20.6,100.0,100.0,0,6,174,1,274.09999999999997,388.29999999999995
2023-06-24,region_3,0.972,0.893,2.4,98.8,100.0,0,6,175,1,208.69999999999993,389.0999999999999
2023-06-25,region_3,0.972,0.893,70.2,96.9,98.8,0,6,176,1,93.19999999999995,457.8999999999999
2023-06-26,region_3,0.972,0.893,0.1,100.0,99.8,0,6,177,1,72.69999999999993,456.29999999999995
2023-06-27,region_3,0.972,0.893,18.2,94.9,99.2,0,6,178,1,88.49999999999994,364.99999999999994
2023-06-28,region_3,0.972,0.893,1.5,99.5,99.3,0,6,179,1,19.799999999999944,298.69999999999993
2023-06-29,region_3,0.972,0.893,1.7,93.6,99.3,0,6,180,1,21.39999999999994,114.69999999999995
2023-06-30,region_3,0.972,0.893,1.9,92.5,97.8,0,6,181,1,5.099999999999943,95.99999999999994
2023-07-01,region_3,0.972,0.893,0.2,88.2,96.8,0,7,182,1,3.799999999999943,93.79999999999994
2023-07-02,region_3,0.972,0.893,0.2,85.9,94.8,0,7,183,1,2.299999999999943,23.799999999999944
2023-07-03,region_3,0.972,0.893,67.9,79.5,93.2,0,7,184,1,68.29999999999995,91.59999999999995
2023-07-04,region_3,0.972,0.893,15.1,99.9,99.9,0,7,185,1,83.19999999999995,88.49999999999994
2023-07-05,region_3,0.972,0.893,14.0,100.0,98.4,0,7,186,1,96.99999999999994,100.99999999999994
2023-07-06,region_3,0.972,0.893,13.7,100.0,100.0,0,7,187,1,42.79999999999994,112.99999999999994
2023-07-07,region_3,0.972,0.893,85.8,97.3,100.0,1,7,188,1,113.49999999999994,196.89999999999995
2023-07-08,region_3,0.972,0.893,142.8,100.0,100.0,1,7,189,1,242.29999999999995,339.5
2023-07-09,region_3,0.972,0.893,17.0,97.5,100.0,0,7,190,1,245.59999999999997,356.29999999999995
2023-07-10,region_3,0.972,0.893,6.8,99.4,100.0,0,7,191,1,166.59999999999997,295.19999999999993
2023-07-11,region_3,0.972,0.893,9.7,100.0,100.0,0,7,192,1,33.49999999999994,289.79999999999995
2023-07-12,region_3,0.972,0.893,59.4,100.0,100.0,0,7,193,1,75.89999999999995,335.19999999999993
2023-07-13,region_3,0.972,0.893,79.1,98.5,100.0,0,7,194,1,148.19999999999993,400.5999999999999
2023-07-14,region_3,0.972,0.893,9.2,98.8,99.0,0,7,195,1,147.69999999999996,324.0
2023-07-15,region_3,0.972,0.893,2.0,97.5,99.7,0,7,196,1,90.29999999999995,183.19999999999993
2023-07-16,region_3,0.972,0.893,108.4,95.0,97.7,0,7,197,1,119.59999999999997,274.59999999999997
2023-07-17,region_3,0.972,0.893,0.7,100.0,98.8,0,7,198,1,111.09999999999997,268.49999999999994
2023-07-18,region_3,0.972,0.893,29.2,92.9,99.4,0,7,199,1,138.29999999999995,287.99999999999994
2023-07-19,region_3,0.972,0.893,7.8,95.3,100.0,0,7,200,1,37.69999999999995,236.39999999999995
2023-07-20,region_3,0.972,0.893,33.1,100.0,99.5,0,7,201,1,70.09999999999995,190.39999999999995
2023-07-21,region_3,0.972,0.893,16.1,100.0,99.0,0,7,202,1,56.99999999999996,197.29999999999995
2023-07-22,region_3,0.972,0.893,19.6,100.0,98.6,0,7,203,1,68.79999999999995,214.89999999999998
2023-07-23,region_3,0.972,0.893,25.8,100.0,98.8,0,7,204,1,61.49999999999996,132.29999999999995
2023-07-24,region_3,0.972,0.893,90.4,100.0,99.4,0,7,205,1,135.79999999999995,221.99999999999994
2023-07-25,region_3,0.972,0.893,4.0,100.0,97.2,0,7,206,1,120.19999999999996,196.79999999999995
2023-07-26,region_3,0.972,0.893,10.0,95.6,100.0,0,7,207,1,104.39999999999995,198.99999999999994
2023-07-27,region_3,0.972,0.893,0.2,96.6,100.0,0,7,208,1,14.199999999999942,166.09999999999994
2023-07-28,region_3,0.972,0.893,59.6,92.0,98.4,0,7,209,1,69.79999999999994,209.59999999999994
2023-07-29,region_3,0.972,0.893,59.2,98.8,100.0,0,7,210,1,118.99999999999994,249.19999999999996
2023-07-30,region_3,0.972,0.893,23.3,100.0,100.0,0,7,211,1,142.09999999999994,246.69999999999993
2023-07-31,region_3,0.972,0.893,90.5,100.0,100.0,1,7,212,1,172.99999999999994,246.79999999999995
2023-08-01,region_3,0.972,0.893,6.2,99.5,100.0,0,8,213,1,119.99999999999994,248.99999999999997
2023-08-02,region_3,0.972,0.893,7.4,100.0,100.0,0,8,214,1,104.09999999999994,246.39999999999995
2023-08-03,region_3,0.972,0.893,72.2,99.9,99.1,1,8,215,1,85.79999999999994,318.4
2023-08-04,region_3,0.972,0.893,39.1,98.7,100.0,0,8,216,1,118.69999999999993,297.8999999999999
2023-08-05,region_3,0.972,0.893,5.8,98.7,98.9,0,8,217,1,117.09999999999995,244.49999999999994
2023-08-06,region_3,0.972,0.893,2.3,100.0,98.8,0,8,218,1,47.199999999999946,223.49999999999994
2023-08-07,region_3,0.972,0.893,5.2,97.7,97.8,0,8,219,1,13.299999999999944,138.19999999999996
2023-08-08,region_3,0.972,0.893,35.5,96.6,98.1,0,8,220,1,42.99999999999994,167.49999999999994
2023-08-09,region_3,0.972,0.893,1.5,99.7,100.0,0,8,221,1,42.199999999999946,161.59999999999994
2023-08-10,region_3,0.972,0.893,2.1,98.1,97.7,0,8,222,1,39.099999999999945,91.49999999999994
2023-08-11,region_3,0.972,0.893,11.5,94.9,98.3,0,8,223,1,15.099999999999943,63.89999999999994
2023-08-12,region_3,0.972,0.893,153.1,93.0,100.0,0,8,224,1,166.69999999999993,211.19999999999993
2023-08-13,region_3,0.972,0.893,0.9,98.2,99.5,0,8,225,1,165.49999999999994,209.79999999999993
2023-08-14,region_3,0.972,0.893,10.2,93.2,98.8,0,8,226,1,164.19999999999993,214.79999999999993
2023-08-15,region_3,0.972,0.893,63.6,99.5,100.0,1,8,227,1,74.69999999999995,242.89999999999992
2023-08-16,region_3,0.972,0.893,6.7,99.6,100.0,0,8,228,1,80.49999999999994,248.09999999999994
2023-08-17,region_3,0.972,0.893,5.2,100.0,100.0,0,8,229,1,75.49999999999996,251.19999999999993
2023-08-18,region_3,0.972,0.893,1.1,99.7,98.3,0,8,230,1,12.999999999999943,240.79999999999995
2023-08-19,region_3,0.972,0.893,0.2,94.4,98.9,0,8,231,1,6.499999999999943,87.89999999999995
2023-08-20,region_3,0.972,0.893,9.8,88.7,97.4,0,8,232,1,11.099999999999945,96.79999999999994
2023-08-21,region_3,0.972,0.893,50.5,91.3,100.0,0,8,233,1,60.49999999999994,137.09999999999997
2023-08-22,region_3,0.972,0.893,13.5,99.6,99.6,0,8,234,1,73.79999999999994,86.99999999999994
2023-08-23,region_3,0.972,0.893,9.1,100.0,100.0,0,8,235,1,73.09999999999994,89.39999999999993
2023-08-24,region_3,0.972,0.893,3.0,97.5,99.4,0,8,236,1,25.599999999999945,87.19999999999993
2023-08-25,region_3,0.972,0.893,0.2,96.4,100.0,0,8,237,1,12.299999999999942,86.29999999999994
2023-08-26,region_3,0.972,0.893,0.2,89.2,97.1,0,8,238,1,3.399999999999943,86.29999999999994
2023-08-27,region_3,0.972,0.893,5.0,88.8,95.9,0,8,239,1,5.3999999999999435,81.49999999999994
2023-08-28,region_3,0.972,0.893,33.8,83.5,96.0,0,8,240,1,38.99999999999994,64.79999999999994
2023-08-29,region_3,0.972,0.893,7.7,97.6,100.0,0,8,241,1,46.49999999999994,58.99999999999994
2023-08-30,region_3,0.972,0.893,103.4,100.0,100.0,1,8,242,1,144.89999999999995,153.29999999999995
2023-08-31,region_3,0.972,0.893,33.9,99.0,100.0,0,8,243,1,144.99999999999994,184.19999999999996
2023-09-01,region_3,0.972,0.893,85.2,97.3,99.2,1,9,244,1,222.49999999999997,269.19999999999993
2023-09-02,region_3,0.972,0.893,35.9,100.0,100.0,0,9,245,1,154.99999999999994,304.9
2023-09-03,region_3,0.972,0.893,34.1,100.0,100.0,0,9,246,1,155.19999999999993,334.0
2023-09-04,region_3,0.972,0.893,2.4,100.0,99.7,0,9,247,1,72.39999999999996,302.59999999999997
2023-09-05,region_3,0.972,0.893,2.2,95.0,99.1,0,9,248,1,38.69999999999996,297.09999999999997
2023-09-06,region_3,0.972,0.893,40.3,92.2,98.5,0,9,249,1,44.899999999999956,233.99999999999994
2023-09-07,region_3,0.972,0.893,0.1,98.9,100.0,0,9,250,1,42.59999999999996,200.19999999999996
2023-09-08,region_3,0.972,0.893,19.5,96.3,97.9,0,9,251,1,59.899999999999956,134.49999999999994
2023-09-09,region_3,0.972,0.893,11.7,97.0,100.0,0,9,252,1,31.299999999999958,110.29999999999994
2023-09-10,region_3,0.972,0.893,17.5,99.4,99.8,0,9,253,1,48.69999999999996,93.69999999999995
2023-09-11,region_3,0.972,0.893,19.6,100.0,99.9,0,9,254,1,48.799999999999955,110.89999999999993
2023-09-12,region_3,0.972,0.893,12.3,100.0,100.0,0,9,255,1,49.399999999999956,120.99999999999994
2023-09-13,region_3,0.972,0.893,2.0,98.7,100.0,0,9,256,1,33.89999999999996,82.69999999999993
2023-09-14,region_3,0.972,0.893,1.5,96.5,100.0,0,9,257,1,15.799999999999958,84.09999999999994
2023-09-15,region_3,0.972,0.893,1.5,91.0,96.1,0,9,258,1,4.999999999999957,66.09999999999994
2023-09-16,region_3,0.972,0.893,1.8,86.4,97.7,0,9,259,1,4.799999999999957,56.19999999999994
2023-09-17,region_3,0.972,0.893,14.2,84.5,95.2,0,9,260,1,17.499999999999957,52.89999999999995
2023-09-18,region_3,0.972,0.893,0.8,88.9,99.9,0,9,261,1,16.799999999999958,34.09999999999994
2023-09-19,region_3,0.972,0.893,0.1,85.9,97.3,0,9,262,1,15.099999999999957,21.89999999999994
2023-09-20,region_3,0.972,0.893,3.1,83.7,96.5,0,9,263,1,3.9999999999999574,22.999999999999943
2023-09-21,region_3,0.972,0.893,17.9,79.9,94.6,0,9,264,1,21.099999999999955,39.39999999999994
2023-09-22,region_3,0.972,0.893,2.4,85.6,98.1,0,9,265,1,23.399999999999952,40.29999999999994
2023-09-23,region_3,0.972,0.893,2.7,83.8,98.0,0,9,266,0,22.999999999999957,41.199999999999946
2023-09-24,region_3,0.972,0.893,12.7,79.5,99.3,0,9,267,0,17.799999999999955,39.69999999999994
2023-09-25,region_3,0.972,0.893,12.7,88.0,100.0,0,9,268,0,28.099999999999955,51.599999999999945
2023-09-26,region_3,0.972,0.893,5.9,91.8,100.0,0,9,269,0,31.299999999999955,57.39999999999994
2023-09-27,region_3,0.972,0.893,3.2,93.1,98.0,0,9,270,0,21.799999999999958,57.49999999999994
2023-09-28,region_3,0.972,0.893,18.5,90.1,100.0,0,9,271,0,27.59999999999996,58.09999999999994
2023-09-29,region_3,0.972,0.893,1.2,97.5,100.0,0,9,272,0,22.89999999999996,56.89999999999994
2023-09-30,region_3,0.972,0.893,2.1,96.0,97.8,0,9,273,0,21.799999999999958,56.29999999999994
2023-10-01,region_3,0.972,0.893,14.8,89.1,98.4,0,10,274,0,18.09999999999996,58.39999999999995
2023-10-02,region_3,0.972,0.893,6.2,95.4,99.4,0,10,275,0,23.09999999999996,51.89999999999994
2023-10-03,region_3,0.972,0.893,2.0,94.4,100.0,0,10,276,0,22.999999999999957,47.99999999999994
2023-10-04,region_3,0.972,0.893,4.7,92.9,100.0,0,10,277,0,12.899999999999958,49.49999999999994
2023-10-05,region_3,0.972,0.893,0.3,88.1,99.0,0,10,278,0,6.999999999999957,31.299999999999944
2023-10-06,region_3,0.972,0.893,16.2,85.1,96.7,0,10,279,0,21.199999999999957,46.29999999999994
2023-10-07,region_3,0.972,0.893,32.0,91.4,99.7,0,10,280,0,48.49999999999996,76.19999999999993
2023-10-08,region_3,0.972,0.893,9.8,100.0,100.0,0,10,281,0,57.99999999999996,71.19999999999995
2023-10-09,region_3,0.972,0.893,3.0,100.0,100.0,0,10,282,0,44.799999999999955,67.99999999999994
2023-10-10,region_3,0.972,0.893,2.7,95.6,100.0,0,10,283,0,15.499999999999957,68.69999999999995
2023-10-11,region_3,0.972,0.893,0.2,92.1,100.0,0,10,284,0,5.899999999999958,64.19999999999993
2023-10-12,region_3,0.972,0.893,104.9,88.3,98.6,0,10,285,0,107.79999999999997,168.79999999999995
2023-10-13,region_3,0.972,0.893,1.2,100.0,100.0,0,10,286,0,106.29999999999997,153.79999999999995
2023-10-14,region_3,0.972,0.893,4.2,96.0,98.8,0,10,287,0,110.29999999999997,125.99999999999994
2023-10-15,region_3,0.972,0.893,0.1,93.4,99.2,0,10,288,0,5.499999999999957,116.29999999999994
2023-10-16,region_3,0.972,0.893,17.1,90.8,97.9,0,10,289,0,21.39999999999996,130.39999999999995
2023-10-17,region_3,0.972,0.893,0.1,99.9,100.0,0,10,290,0,17.29999999999996,127.79999999999994
2023-10-18,region_3,0.972,0.893,0.5,93.0,98.9,0,10,291,0,17.69999999999996,128.09999999999994
2023-10-19,region_3,0.972,0.893,0.6,86.7,95.5,0,10,292,0,1.1999999999999573,23.79999999999993
2023-10-20,region_3,0.972,0.893,0.3,88.6,94.1,0,10,293,0,1.3999999999999573,22.89999999999993
2023-10-21,region_3,0.972,0.893,2.3,80.8,91.1,0,10,294,0,3.199999999999957,20.999999999999932
2023-10-22,region_3,0.972,0.893,10.9,75.0,92.5,0,10,295,0,13.499999999999957,31.79999999999993
2023-10-23,region_3,0.972,0.893,0.7,84.0,95.4,0,10,296,0,13.899999999999956,15.399999999999928
2023-10-24,region_3,0.972,0.893,2.9,77.1,92.9,0,10,297,0,14.499999999999957,18.19999999999993
2023-10-25,region_3,0.972,0.893,3.8,79.5,92.3,0,10,298,0,7.399999999999957,21.49999999999993
2023-10-26,region_3,0.972,0.893,24.4,77.9,91.9,0,10,299,0,31.099999999999955,45.299999999999926
2023-10-27,region_3,0.972,0.893,2.0,93.6,100.0,0,10,300,0,30.199999999999957,46.99999999999993
2023-10-28,region_3,0.972,0.893,1.6,88.7,100.0,0,10,301,0,27.999999999999957,46.299999999999926
2023-10-29,region_3,0.972,0.893,3.7,87.4,97.0,0,10,302,0,7.299999999999958,39.09999999999992
2023-10-30,region_3,0.972,0.893,62.2,86.6,96.9,0,10,303,0,67.49999999999996,100.59999999999992
2023-10-31,region_3,0.972,0.893,0.5,99.8,100.0,0,10,304,0,66.39999999999996,98.19999999999993
2023-11-01,region_3,0.972,0.893,0.3,94.6,99.3,0,11,305,0,62.99999999999996,94.69999999999992
2023-11-02,region_3,0.972,0.893,1.5,89.3,97.2,0,11,306,0,2.299999999999957,71.79999999999993
2023-11-03,region_3,0.972,0.893,3.5,86.3,96.1,0,11,307,0,5.299999999999957,73.29999999999993
2023-11-04,region_3,0.972,0.893,0.7,84.6,94.3,0,11,308,0,5.6999999999999575,72.39999999999993
2023-11-05,region_3,0.972,0.893,0.6,80.3,94.1,0,11,309,0,4.799999999999957,69.29999999999993
2023-11-06,region_3,0.972,0.893,0.6,75.9,91.8,0,11,310,0,1.8999999999999573,7.699999999999928
2023-11-07,region_3,0.972,0.893,0.1,76.2,89.4,0,11,311,0,1.2999999999999574,7.299999999999929
2023-11-08,region_3,0.972,0.893,23.2,69.6,87.7,0,11,312,0,23.899999999999956,30.19999999999993
2023-11-09,region_3,0.972,0.893,2.3,82.4,95.2,0,11,313,0,25.599999999999955,30.99999999999993
2023-11-10,region_3,0.972,0.893,1.8,80.5,93.9,0,11,314,0,27.299999999999958,29.29999999999993
2023-11-11,region_3,0.972,0.893,2.2,77.9,92.5,0,11,315,0,6.299999999999957,30.79999999999993
2023-11-12,region_3,0.972,0.893,0.1,75.3,91.7,0,11,316,0,4.099999999999957,30.299999999999926
2023-11-13,region_3,0.972,0.893,0.0,69.8,88.7,0,11,317,0,2.2999999999999576,29.69999999999993
2023-11-14,region_3,0.972,0.893,0.3,67.8,85.8,0,11,318,0,0.3999999999999574,29.899999999999928
2023-11-15,region_3,0.972,0.893,1.9,64.7,84.6,0,11,319,0,2.1999999999999575,8.599999999999929
2023-11-16,region_3,0.972,0.893,2.1,63.0,85.1,0,11,320,0,4.299999999999957,8.39999999999993
2023-11-17,region_3,0.972,0.893,3.8,61.3,81.8,0,11,321,0,7.799999999999957,10.39999999999993
2023-11-18,region_3,0.972,0.893,0.9,60.9,82.5,0,11,322,0,6.799999999999957,9.099999999999929
2023-11-19,region_3,0.972,0.893,0.8,56.6,81.1,0,11,323,0,5.499999999999957,9.799999999999928
2023-11-20,region_3,0.972,0.893,0.3,59.6,80.2,0,11,324,0,1.9999999999999574,10.099999999999929
2023-11-21,region_3,0.972,0.893,0.5,53.7,76.4,0,11,325,0,1.5999999999999575,10.29999999999993
2023-11-22,region_3,0.972,0.893,0.6,51.7,73.8,0,11,326,0,1.3999999999999573,8.999999999999929
2023-11-23,region_3,0.972,0.893,1.9,49.3,74.0,0,11,327,0,2.9999999999999574,8.79999999999993
2023-11-24,region_3,0.972,0.893,16.4,47.2,73.8,0,11,328,0,18.899999999999956,21.399999999999928
2023-11-25,region_3,0.972,0.893,0.1,55.9,76.7,0,11,329,0,18.399999999999956,20.59999999999993
2023-11-26,region_3,0.972,0.893,1.5,54.1,73.0,0,11,330,0,17.999999999999957,21.29999999999993
2023-11-27,region_3,0.972,0.893,0.0,51.2,71.5,0,11,331,0,1.5999999999999575,20.99999999999993
2023-11-28,region_3,0.972,0.893,1.1,47.6,71.0,0,11,332,0,2.5999999999999575,21.599999999999927
2023-11-29,region_3,0.972,0.893,0.5,51.4,71.5,0,11,333,0,1.5999999999999575,21.49999999999993
2023-11-30,region_3,0.972,0.893,1.7,47.3,68.5,0,11,334,0,3.299999999999957,21.299999999999926
2023-12-01,region_3,0.972,0.893,1.6,44.9,67.4,0,12,335,0,3.799999999999957,6.499999999999929
2023-12-02,region_3,0.972,0.893,13.2,43.8,67.6,0,12,336,0,16.499999999999957,19.59999999999993
2023-12-03,region_3,0.972,0.893,9.9,50.8,66.8,0,12,337,0,24.69999999999996,27.99999999999993
2023-12-04,region_3,0.972,0.893,1.0,55.9,66.5,0,12,338,0,24.09999999999996,28.99999999999993
2023-12-05,region_3,0.972,0.893,0.4,53.0,64.0,0,12,339,0,11.299999999999958,28.299999999999926
2023-12-06,region_3,0.972,0.893,0.6,53.4,63.8,0,12,340,0,1.9999999999999574,28.399999999999928
2023-12-07,region_3,0.972,0.893,0.5,47.6,63.2,0,12,341,0,1.4999999999999574,27.19999999999993
2023-12-08,region_3,0.972,0.893,14.2,48.6,60.2,0,12,342,0,15.299999999999956,39.799999999999926
2023-12-09,region_3,0.972,0.893,0.0,53.4,63.7,0,12,343,0,14.699999999999957,26.59999999999993
2023-12-10,region_3,0.972,0.893,0.2,51.0,61.2,0,12,344,0,14.399999999999956,16.899999999999928
2023-12-11,region_3,0.972,0.893,18.2,47.5,59.8,0,12,345,0,18.399999999999956,34.09999999999992
2023-12-12,region_3,0.972,0.893,0.3,59.9,60.6,0,12,346,0,18.699999999999957,33.99999999999993
2023-12-13,region_3,0.972,0.893,0.8,57.6,60.6,0,12,347,0,19.299999999999958,34.199999999999925
2023-12-14,region_3,0.972,0.893,0.7,56.5,59.8,0,12,348,0,1.7999999999999574,34.39999999999993
2023-12-15,region_3,0.972,0.893,24.4,52.4,56.9,0,12,349,0,25.899999999999956,44.59999999999992
2023-12-16,region_3,0.972,0.893,0.4,67.6,64.3,0,12,350,0,25.499999999999954,44.99999999999993
2023-12-17,region_3,0.972,0.893,0.4,66.5,63.4,0,12,351,0,25.199999999999957,45.199999999999925
2023-12-18,region_3,0.972,0.893,0.7,63.0,62.1,0,12,352,0,1.4999999999999574,27.69999999999993
2023-12-19,region_3,0.972,0.893,0.1,57.7,60.5,0,12,353,0,1.1999999999999575,27.49999999999993
2023-12-20,region_3,0.972,0.893,0.7,58.3,58.6,0,12,354,0,1.4999999999999574,27.399999999999928
2023-12-21,region_3,0.972,0.893,0.5,56.1,57.6,0,12,355,0,1.2999999999999572,27.19999999999993
2023-12-22,region_3,0.972,0.893,1.3,51.3,55.3,0,12,356,0,2.4999999999999574,4.099999999999929
2023-12-23,region_3,0.972,0.893,0.6,47.6,55.1,0,12,357,0,2.3999999999999577,4.299999999999929
2023-12-24,region_3,0.972,0.893,1.3,45.9,54.3,0,12,358,0,3.1999999999999575,5.199999999999928
2023-12-25,region_3,0.972,0.893,1.1,45.4,52.7,0,12,359,0,2.9999999999999574,5.5999999999999295
2023-12-26,region_3,0.972,0.893,0.0,46.3,52.7,0,12,360,0,2.3999999999999573,5.499999999999929
2023-12-27,region_3,0.972,0.893,3.6,42.5,52.9,0,12,361,0,4.6999999999999575,8.39999999999993
2023-12-28,region_3,0.972,0.893,0.4,41.0,52.5,0,12,362,0,3.9999999999999574,8.29999999999993
2023-12-29,region_3,0.972,0.893,1.2,43.1,49.1,0,12,363,0,5.1999999999999575,8.199999999999928
2023-12-30,region_3,0.972,0.893,0.1,39.6,50.5,0,12,364,0,1.6999999999999575,7.699999999999929
2023-12-31,region_3,0.972,0.893,7.1,38.9,48.8,0,12,365,0,8.399999999999958,13.499999999999929
2024-01-01,region_3,0.972,0.893,1.3,39.8,46.5,0,1,1,0,8.499999999999957,13.699999999999928
2024-01-02,region_3,0.972,0.893,0.5,36.3,46.8,0,1,2,0,8.899999999999958,14.199999999999928
2024-01-03,region_3,0.972,0.893,0.7,34.8,45.3,0,1,3,0,2.4999999999999583,11.299999999999928
2024-01-04,region_3,0.972,0.893,1.9,34.7,42.4,0,1,4,0,3.099999999999958,12.799999999999928
2024-01-05,region_3,0.972,0.893,0.1,36.0,42.4,0,1,5,0,2.699999999999958,11.699999999999928
2024-01-06,region_3,0.972,0.893,0.4,34.4,43.4,0,1,6,0,2.399999999999958,11.999999999999929
2024-01-07,region_3,0.972,0.893,0.8,35.0,40.2,0,1,7,0,1.2999999999999583,5.699999999999929
2024-01-08,region_3,0.972,0.893,0.3,31.0,42.7,0,1,8,0,1.4999999999999583,4.699999999999929
2024-01-09,region_3,0.972,0.893,0.2,29.5,41.0,0,1,9,0,1.2999999999999583,4.399999999999929
2024-01-10,region_3,0.972,0.893,0.2,26.8,39.8,0,1,10,0,0.6999999999999582,3.899999999999929
2024-01-11,region_3,0.972,0.893,0.1,28.3,36.7,0,1,11,0,0.49999999999995826,2.099999999999929
2024-01-12,region_3,0.972,0.893,5.4,27.8,38.5,0,1,12,0,5.699999999999958,7.399999999999929
2024-01-13,region_3,0.972,0.893,0.1,27.1,37.8,0,1,13,0,5.599999999999958,7.099999999999929
2024-01-14,region_3,0.972,0.893,0.2,26.5,37.0,0,1,14,0,5.699999999999958,6.499999999999929
2024-01-15,region_3,0.972,0.893,0.3,26.0,36.2,0,1,15,0,0.5999999999999582,6.499999999999929
2024-01-16,region_3,0.972,0.893,0.3,23.2,36.2,0,1,16,0,0.7999999999999583,6.5999999999999295
2024-01-17,region_3,0.972,0.893,0.0,20.6,33.0,0,1,17,0,0.5999999999999581,6.399999999999929
2024-01-18,region_3,0.972,0.893,0.5,22.3,32.8,0,1,18,0,0.7999999999999582,6.79999999999993
2024-01-19,region_3,0.972,0.893,6.5,22.2,31.4,0,1,19,0,6.999999999999958,7.899999999999929
2024-01-20,region_3,0.972,0.893,1.2,23.3,32.6,0,1,20,0,8.199999999999958,8.999999999999929
2024-01-21,region_3,0.972,0.893,0.9,24.3,31.0,0,1,21,0,8.599999999999959,9.699999999999928
2024-01-22,region_3,0.972,0.893,0.4,26.8,29.2,0,1,22,0,2.4999999999999583,9.79999999999993
2024-01-23,region_3,0.972,0.893,0.0,24.4,30.0,0,1,23,0,1.2999999999999583,9.499999999999929
2024-01-24,region_3,0.972,0.893,0.3,22.3,27.2,0,1,24,0,0.6999999999999582,9.79999999999993
2024-01-25,region_3,0.972,0.893,0.6,19.8,28.7,0,1,25,0,0.8999999999999583,9.89999999999993
2024-01-26,region_3,0.972,0.893,19.7,20.9,28.1,0,1,26,0,20.59999999999996,23.09999999999993
2024-01-27,region_3,0.972,0.893,0.2,31.0,27.5,0,1,27,0,20.499999999999957,22.099999999999927
2024-01-28,region_3,0.972,0.893,0.9,31.7,28.3,0,1,28,0,20.79999999999996,22.099999999999927
2024-01-29,region_3,0.972,0.893,0.1,30.1,25.0,0,1,29,0,1.199999999999961,21.799999999999926
2024-01-30,region_3,0.972,0.893,1.1,30.5,26.3,0,1,30,0,2.0999999999999615,22.899999999999928
2024-01-31,region_3,0.972,0.893,14.0,25.3,25.9,0,1,31,0,15.199999999999962,36.59999999999992
2024-02-01,region_3,0.972,0.893,0.2,41.3,26.0,0,2,32,0,15.299999999999962,36.199999999999925
2024-02-02,region_3,0.972,0.893,0.1,35.0,26.7,0,2,33,0,14.299999999999962,16.59999999999993
2024-02-03,region_3,0.972,0.893,0.4,36.3,24.3,0,2,34,0,0.699999999999961,16.79999999999993
2024-02-04,region_3,0.972,0.893,0.2,33.5,24.3,0,2,35,0,0.699999999999961,16.09999999999993
2024-02-05,region_3,0.972,0.893,2.5,31.3,24.0,0,2,36,0,3.099999999999961,18.49999999999993
2024-02-06,region_3,0.972,0.893,1.1,31.5,23.1,0,2,37,0,3.799999999999961,18.49999999999993
2024-02-07,region_3,0.972,0.893,0.7,30.6,21.5,0,2,38,0,4.299999999999961,5.199999999999929
2024-02-08,region_3,0.972,0.893,0.5,28.7,24.2,0,2,39,0,2.2999999999999607,5.499999999999929
2024-02-09,region_3,0.972,0.893,2.7,28.9,21.4,0,2,40,0,3.899999999999961,8.09999999999993
2024-02-10,region_3,0.972,0.893,79.5,28.8,21.1,0,2,41,0,82.69999999999996,87.19999999999993
2024-02-11,region_3,0.972,0.893,0.3,95.7,25.3,0,2,42,0,82.49999999999996,87.29999999999993
2024-02-12,region_3,0.972,0.893,0.0,90.7,27.2,0,2,43,0,79.79999999999995,84.79999999999993
2024-02-13,region_3,0.972,0.893,1.7,84.8,26.7,0,2,44,0,1.9999999999999574,85.39999999999993
2024-02-14,region_3,0.972,0.893,0.4,81.6,28.2,0,2,45,0,2.0999999999999575,85.09999999999994
2024-02-15,region_3,0.972,0.893,1.1,78.8,26.2,0,2,46,0,3.1999999999999575,85.69999999999993
2024-02-16,region_3,0.972,0.893,1.0,75.6,26.7,0,2,47,0,2.4999999999999574,83.99999999999993
2024-02-17,region_3,0.972,0.893,0.3,70.9,27.4,0,2,48,0,2.3999999999999577,4.799999999999929
2024-02-18,region_3,0.972,0.893,3.5,66.6,27.3,0,2,49,0,4.799999999999958,7.999999999999929
2024-02-19,region_3,0.972,0.893,0.3,67.3,27.0,0,2,50,0,4.099999999999958,8.29999999999993
2024-02-20,region_3,0.972,0.893,1.3,64.1,25.8,0,2,51,0,5.099999999999958,7.899999999999929
2024-02-21,region_3,0.972,0.893,0.1,61.6,27.2,0,2,52,0,1.699999999999958,7.599999999999929
2024-02-22,region_3,0.972,0.893,7.1,58.1,26.7,0,2,53,0,8.499999999999957,13.599999999999929
2024-02-23,region_3,0.972,0.893,0.1,62.5,25.3,0,2,54,0,7.299999999999957,12.699999999999928
2024-02-24,region_3,0.972,0.893,1.3,56.7,26.8,0,2,55,0,8.499999999999957,13.699999999999928
2024-02-25,region_3,0.972,0.893,1.3,54.9,27.3,0,2,56,0,2.6999999999999575,11.499999999999929
2024-02-26,region_3,0.972,0.893,0.8,53.4,26.8,0,2,57,0,3.3999999999999577,11.999999999999929
2024-02-27,region_3,0.972,0.893,0.8,51.8,25.4,0,2,58,0,2.8999999999999577,11.499999999999929
2024-02-28,region_3,0.972,0.893,0.5,49.0,24.8,0,2,59,0,2.0999999999999575,11.89999999999993
2024-02-29,region_3,0.972,0.893,8.4,46.7,26.2,0,2,60,0,9.699999999999958,13.19999999999993
2024-03-01,region_3,0.972,0.893,0.2,52.5,25.8,0,3,61,0,9.099999999999957,13.29999999999993
2024-03-02,region_3,0.972,0.893,0.9,48.5,24.9,0,3,62,0,9.499999999999957,12.89999999999993
2024-03-03,region_3,0.972,0.893,0.0,48.0,24.5,0,3,63,0,1.0999999999999575,11.59999999999993
2024-03-04,region_3,0.972,0.893,2.1,44.4,24.1,0,3,64,0,2.9999999999999574,12.899999999999931
2024-03-05,region_3,0.972,0.893,0.2,42.2,23.7,0,3,65,0,2.2999999999999576,12.29999999999993
2024-03-06,region_3,0.972,0.893,13.4,42.8,24.6,0,3,66,0,15.699999999999958,25.199999999999932
2024-03-07,region_3,0.972,0.893,0.5,49.2,24.7,0,3,67,0,14.099999999999959,17.299999999999933
2024-03-08,region_3,0.972,0.893,0.1,48.0,24.2,0,3,68,0,13.999999999999957,17.19999999999993
2024-03-09,region_3,0.972,0.893,9.4,46.2,23.1,0,3,69,0,9.999999999999957,25.699999999999932
2024-03-10,region_3,0.972,0.893,10.8,50.0,24.9,0,3,70,0,20.299999999999958,36.49999999999993
2024-03-11,region_3,0.972,0.893,19.6,54.2,24.9,0,3,71,0,39.799999999999955,53.99999999999993
2024-03-12,region_3,0.972,0.893,0.2,66.0,29.1,0,3,72,0,30.59999999999996,53.999999999999936
2024-03-13,region_3,0.972,0.893,0.6,64.0,26.7,0,3,73,0,20.39999999999996,41.199999999999925
2024-03-14,region_3,0.972,0.893,0.7,59.9,27.7,0,3,74,0,1.4999999999999574,41.39999999999993
2024-03-15,region_3,0.972,0.893,0.8,57.9,27.0,0,3,75,0,2.0999999999999575,42.09999999999992
2024-03-16,region_3,0.972,0.893,0.2,55.4,27.1,0,3,76,0,1.6999999999999573,32.89999999999993
2024-03-17,region_3,0.972,0.893,0.9,52.2,26.1,0,3,77,0,1.8999999999999575,22.99999999999993
2024-03-18,region_3,0.972,0.893,22.6,51.3,26.7,0,3,78,0,23.69999999999996,25.99999999999993
2024-03-19,region_3,0.972,0.893,17.8,66.1,29.6,0,3,79,0,41.29999999999996,43.59999999999993
2024-03-20,region_3,0.972,0.893,2.2,74.2,34.9,0,3,80,0,42.599999999999966,45.19999999999993
2024-03-21,region_3,0.972,0.893,0.6,68.2,35.8,0,3,81,0,20.59999999999996,45.09999999999992
2024-03-22,region_3,0.972,0.893,2.0,68.0,32.6,0,3,82,0,4.799999999999958,46.299999999999926
2024-03-23,region_3,0.972,0.893,17.5,69.2,34.3,0,3,83,0,20.09999999999996,63.59999999999992
2024-03-24,region_3,0.972,0.893,8.5,74.5,39.1,0,3,84,0,27.999999999999957,71.19999999999993
2024-03-25,region_3,0.972,0.893,17.9,76.8,42.4,0,3,85,0,43.899999999999956,66.49999999999993
2024-03-26,region_3,0.972,0.893,8.8,88.4,49.2,0,3,86,0,35.19999999999996,57.49999999999993
2024-03-27,region_3,0.972,0.893,0.9,88.8,55.7,0,3,87,0,27.599999999999955,56.199999999999925
2024-03-28,region_3,0.972,0.893,1.9,86.6,53.6,0,3,88,0,11.599999999999959,57.49999999999993
2024-03-29,region_3,0.972,0.893,3.2,81.8,53.9,0,3,89,0,5.999999999999957,58.69999999999993
2024-03-30,region_3,0.972,0.893,0.2,80.6,54.2,0,3,90,0,5.299999999999957,41.399999999999935
2024-03-31,region_3,0.972,0.893,0.0,75.0,52.3,0,3,91,0,3.3999999999999577,32.899999999999935
2024-04-01,region_3,0.972,0.893,1.6,73.5,53.0,0,4,92,0,1.7999999999999574,16.59999999999993
2024-04-02,region_3,0.972,0.893,79.9,69.5,51.1,0,4,93,0,81.49999999999996,87.69999999999993
2024-04-03,region_3,0.972,0.893,1.1,100.0,85.3,0,4,94,0,82.59999999999995,87.89999999999992
2024-04-04,region_3,0.972,0.893,20.3,97.1,83.6,0,4,95,0,101.29999999999997,106.29999999999994
2024-04-05,region_3,0.972,0.893,1.5,100.0,95.5,0,4,96,0,22.89999999999996,104.59999999999994
2024-04-06,region_3,0.972,0.893,2.2,95.4,95.8,0,4,97,0,23.999999999999957,106.59999999999994
2024-04-07,region_3,0.972,0.893,20.1,90.6,92.7,0,4,98,0,23.799999999999958,126.69999999999993
2024-04-08,region_3,0.972,0.893,0.2,99.8,97.7,0,4,99,0,22.499999999999957,125.29999999999994
2024-04-09,region_3,0.972,0.893,11.5,94.3,97.2,0,4,100,0,31.799999999999958,56.899999999999935
2024-04-10,region_3,0.972,0.893,2.5,99.8,99.9,0,4,101,0,14.199999999999957,58.299999999999926
2024-04-11,region_3,0.972,0.893,4.2,96.0,99.8,0,4,102,0,18.199999999999957,42.19999999999993
2024-04-12,region_3,0.972,0.893,1.1,95.9,99.2,0,4,103,0,7.799999999999958,41.79999999999993
2024-04-13,region_3,0.972,0.893,2.0,90.6,100.0,0,4,104,0,7.299999999999958,41.59999999999993
2024-04-14,region_3,0.972,0.893,3.1,86.0,98.9,0,4,105,0,6.1999999999999575,24.59999999999993
2024-04-15,region_3,0.972,0.893,4.0,85.7,95.3,0,4,106,0,9.099999999999957,28.399999999999928
2024-04-16,region_3,0.972,0.893,13.4,85.0,97.9,0,4,107,0,20.499999999999957,30.29999999999993
2024-04-17,region_3,0.972,0.893,2.2,86.3,100.0,0,4,108,0,19.599999999999955,29.99999999999993
2024-04-18,region_3,0.972,0.893,1.9,83.7,99.7,0,4,109,0,17.499999999999957,27.699999999999932
2024-04-19,region_3,0.972,0.893,0.2,80.1,97.5,0,4,110,0,4.299999999999957,26.79999999999993
2024-04-20,region_3,0.972,0.893,0.7,77.5,97.5,0,4,111,0,2.799999999999957,25.49999999999993
2024-04-21,region_3,0.972,0.893,1.3,76.7,93.6,0,4,112,0,2.1999999999999575,23.69999999999993
2024-04-22,region_3,0.972,0.893,6.8,72.6,92.9,0,4,113,0,8.799999999999958,26.49999999999993
2024-04-23,region_3,0.972,0.893,19.2,71.0,93.6,0,4,114,0,27.299999999999958,32.299999999999926
2024-04-24,region_3,0.972,0.893,1.5,82.2,100.0,0,4,115,0,27.499999999999957,31.59999999999993
2024-04-25,region_3,0.972,0.893,1.2,79.9,98.2,0,4,116,0,21.899999999999956,30.899999999999928
2024-04-26,region_3,0.972,0.893,2.4,72.4,97.6,0,4,117,0,5.099999999999957,33.09999999999993
2024-04-27,region_3,0.972,0.893,1.2,71.0,95.0,0,4,118,0,4.799999999999957,33.59999999999993
2024-04-28,region_3,0.972,0.893,9.5,71.0,94.4,0,4,119,0,13.099999999999957,41.799999999999926
2024-04-29,region_3,0.972,0.893,2.8,69.9,96.0,0,4,120,0,13.499999999999957,37.79999999999993
2024-04-30,region_3,0.972,0.893,18.8,70.9,97.3,0,4,121,0,31.09999999999996,37.39999999999993
2024-05-01,region_3,0.972,0.893,1.2,84.7,99.8,0,5,122,0,22.799999999999958,37.09999999999993
2024-05-02,region_3,0.972,0.893,0.7,80.6,98.6,0,5,123,0,20.699999999999957,36.59999999999992
2024-05-03,region_3,0.972,0.893,0.1,76.2,97.7,0,5,124,0,1.9999999999999574,34.299999999999926
2024-05-04,region_3,0.972,0.893,3.1,74.5,94.7,0,5,125,0,3.8999999999999577,36.19999999999993
2024-05-05,region_3,0.972,0.893,4.0,71.7,94.6,0,5,126,0,7.199999999999957,30.699999999999932
2024-05-06,region_3,0.972,0.893,2.3,73.2,92.3,0,5,127,0,9.399999999999958,30.19999999999993
2024-05-07,region_3,0.972,0.893,5.0,66.5,93.1,0,5,128,0,11.299999999999958,16.399999999999928
2024-05-08,region_3,0.972,0.893,27.1,67.3,92.4,0,5,129,0,34.39999999999996,42.299999999999926
2024-05-09,region_3,0.972,0.893,12.5,84.1,100.0,0,5,130,0,44.599999999999966,54.09999999999992
2024-05-10,region_3,0.972,0.893,0.7,91.2,100.0,0,5,131,0,40.29999999999996,54.69999999999993
2024-05-11,region_3,0.972,0.893,1.1,86.1,98.7,0,5,132,0,14.299999999999958,52.69999999999993
2024-05-12,region_3,0.972,0.893,0.1,80.6,97.3,0,5,133,0,1.8999999999999575,48.79999999999993
2024-05-13,region_3,0.972,0.893,27.7,75.6,95.5,0,5,134,0,28.899999999999956,74.19999999999993
2024-05-14,region_3,0.972,0.893,2.9,96.2,97.9,0,5,135,1,30.699999999999953,72.09999999999992
2024-05-15,region_3,0.972,0.893,1.4,97.1,99.2,0,5,136,1,31.999999999999957,46.39999999999993
2024-05-16,region_3,0.972,0.893,8.2,90.5,98.9,0,5,137,1,12.499999999999957,42.09999999999992
2024-05-17,region_3,0.972,0.893,1.3,91.9,98.8,0,5,138,1,10.899999999999958,42.699999999999925
2024-05-18,region_3,0.972,0.893,0.2,86.2,98.5,0,5,139,1,9.699999999999957,41.799999999999926
2024-05-19,region_3,0.972,0.893,1.9,83.3,96.9,0,5,140,1,3.3999999999999573,43.59999999999992
2024-05-20,region_3,0.972,0.893,3.5,79.2,97.3,0,5,141,1,5.599999999999957,19.399999999999928
2024-05-21,region_3,0.972,0.893,57.6,79.4,96.2,0,5,142,1,62.99999999999996,74.09999999999994
2024-05-22,region_3,0.972,0.893,48.3,99.5,100.0,0,5,143,1,109.39999999999995,120.99999999999991
2024-05-23,region_3,0.972,0.893,23.2,98.9,100.0,0,5,144,1,129.09999999999997,135.99999999999994
2024-05-24,region_3,0.972,0.893,83.2,100.0,98.3,1,5,145,1,154.69999999999996,217.89999999999992
2024-05-25,region_3,0.972,0.893,6.1,100.0,99.3,0,5,146,1,112.49999999999994,223.79999999999993
2024-05-26,region_3,0.972,0.893,4.6,99.9,98.4,0,5,147,1,93.89999999999996,226.49999999999991
2024-05-27,region_3,0.972,0.893,0.8,94.4,100.0,0,5,148,1,11.499999999999957,223.79999999999993
2024-05-28,region_3,0.972,0.893,3.7,91.0,98.4,0,5,149,1,9.099999999999957,169.89999999999992
2024-05-29,region_3,0.972,0.893,83.5,88.6,99.7,0,5,150,1,87.99999999999996,205.0999999999999
2024-05-30,region_3,0.972,0.893,24.1,100.0,100.0,0,5,151,1,111.29999999999995,205.99999999999994
2024-05-31,region_3,0.972,0.893,1.5,100.0,99.5,0,5,152,1,109.09999999999997,124.29999999999993
2024-06-01,region_3,0.972,0.893,94.5,97.9,97.8,0,6,153,1,120.09999999999997,212.69999999999993
2024-06-02,region_3,0.972,0.893,69.1,98.9,99.6,0,6,154,1,165.09999999999997,277.19999999999993
2024-06-03,region_3,0.972,0.893,1.7,97.7,100.0,0,6,155,1,165.29999999999995,278.0999999999999
2024-06-04,region_3,0.972,0.893,1.4,97.5,97.5,0,6,156,1,72.19999999999996,275.79999999999995
2024-06-05,region_3,0.972,0.893,24.1,88.8,98.3,0,6,157,1,27.199999999999974,216.39999999999992
2024-06-06,region_3,0.972,0.893,52.7,100.0,98.8,1,6,158,1,78.19999999999997,244.99999999999991
2024-06-07,region_3,0.972,0.893,3.1,100.0,100.0,0,6,159,1,79.89999999999996,246.5999999999999
2024-06-08,region_3,0.972,0.893,12.9,95.9,98.7,0,6,160,1,68.69999999999997,164.99999999999991
2024-06-09,region_3,0.972,0.893,43.2,100.0,100.0,0,6,161,1,59.199999999999974,139.0999999999999
2024-06-10,region_3,0.972,0.893,13.8,99.6,98.6,0,6,162,1,69.89999999999998,151.19999999999993
2024-06-11,region_3,0.972,0.893,3.0,100.0,99.1,0,6,163,1,59.99999999999997,152.79999999999993
2024-06-12,region_3,0.972,0.893,0.4,97.5,100.0,0,6,164,1,17.19999999999997,129.09999999999994
2024-06-13,region_3,0.972,0.893,2.4,92.1,98.0,0,6,165,1,5.799999999999971,78.79999999999991
2024-06-14,region_3,0.972,0.893,13.3,87.7,95.6,0,6,166,1,16.099999999999973,88.99999999999993
2024-06-15,region_3,0.972,0.893,0.5,91.8,100.0,0,6,167,1,16.199999999999974,76.59999999999992
2024-06-16,region_3,0.972,0.893,3.8,89.2,96.1,0,6,168,1,17.599999999999973,37.19999999999992
2024-06-17,region_3,0.972,0.893,88.9,87.4,98.2,0,6,169,1,93.19999999999997,112.29999999999993
2024-06-18,region_3,0.972,0.893,5.9,100.0,100.0,0,6,170,1,98.59999999999998,115.19999999999993
2024-06-19,region_3,0.972,0.893,192.5,99.6,100.0,1,6,171,1,287.29999999999995,307.29999999999995
2024-06-20,region_3,0.972,0.893,56.1,100.0,99.7,0,6,172,1,254.49999999999997,360.99999999999994
2024-06-21,region_3,0.972,0.893,16.9,98.7,99.9,0,6,173,1,265.5,364.5999999999999
2024-06-22,region_3,0.972,0.893,7.6,100.0,98.9,0,6,174,1,80.59999999999997,371.69999999999993
2024-06-23,region_3,0.972,0.893,0.3,98.5,100.0,0,6,175,1,24.79999999999997,368.19999999999993
2024-06-24,region_3,0.972,0.893,85.9,95.6,100.0,0,6,176,1,93.79999999999998,365.19999999999993
2024-06-25,region_3,0.972,0.893,49.9,100.0,99.6,0,6,177,1,136.1,409.19999999999993
2024-06-26,region_3,0.972,0.893,2.4,100.0,99.2,0,6,178,1,138.2,219.09999999999994
2024-06-27,region_3,0.972,0.893,20.9,94.3,100.0,0,6,179,1,73.19999999999996,183.89999999999992
2024-06-28,region_3,0.972,0.893,42.4,97.7,100.0,1,6,180,1,65.69999999999996,209.39999999999992
2024-06-29,region_3,0.972,0.893,2.3,98.6,100.0,0,6,181,1,65.59999999999997,204.09999999999994
2024-06-30,region_3,0.972,0.893,5.1,95.2,99.3,0,6,182,1,49.79999999999997,208.89999999999992
2024-07-01,region_3,0.972,0.893,2.2,99.3,100.0,0,7,183,1,9.599999999999971,125.1999999999999
2024-07-02,region_3,0.972,0.893,3.5,93.0,98.3,0,7,184,1,10.799999999999972,78.7999999999999
2024-07-03,region_3,0.972,0.893,8.6,88.5,99.5,0,7,185,1,14.29999999999997,84.99999999999991
2024-07-04,region_3,0.972,0.893,36.1,90.0,97.7,0,7,186,1,48.199999999999974,100.1999999999999
2024-07-05,region_3,0.972,0.893,33.6,100.0,99.9,0,7,187,1,78.29999999999997,91.39999999999992
2024-07-06,region_3,0.972,0.893,23.3,100.0,99.8,0,7,188,1,92.99999999999997,112.39999999999992
2024-07-07,region_3,0.972,0.893,55.3,98.0,100.0,0,7,189,1,112.19999999999996,162.5999999999999
2024-07-08,region_3,0.972,0.893,62.0,100.0,99.1,0,7,190,1,140.59999999999997,222.39999999999992
2024-07-09,region_3,0.972,0.893,10.7,99.5,100.0,0,7,191,1,127.99999999999996,229.5999999999999
2024-07-10,region_3,0.972,0.893,61.9,99.7,99.8,0,7,192,1,134.59999999999997,282.8999999999999
2024-07-11,region_3,0.972,0.893,57.5,98.0,100.0,0,7,193,1,130.09999999999997,304.2999999999999
2024-07-12,region_3,0.972,0.893,75.0,99.4,100.0,0,7,194,1,194.39999999999995,345.69999999999993
2024-07-13,region_3,0.972,0.893,3.0,98.4,100.0,0,7,195,1,135.49999999999994,325.3999999999999
2024-07-14,region_3,0.972,0.893,1.1,98.6,100.0,0,7,196,1,79.09999999999995,271.19999999999993
2024-07-15,region_3,0.972,0.893,9.8,91.0,97.9,0,7,197,1,13.899999999999958,218.99999999999991
2024-07-16,region_3,0.972,0.893,16.0,96.6,100.0,0,7,198,1,26.899999999999956,224.29999999999993
2024-07-17,region_3,0.972,0.893,0.9,99.4,100.0,0,7,199,1,26.699999999999957,163.29999999999993
2024-07-18,region_3,0.972,0.893,8.3,92.5,97.0,0,7,200,1,25.199999999999957,114.09999999999991
2024-07-19,region_3,0.972,0.893,49.3,96.9,100.0,1,7,201,1,58.49999999999996,88.39999999999992
2024-07-20,region_3,0.972,0.893,7.6,98.1,99.7,0,7,202,1,65.19999999999996,92.99999999999991
2024-07-21,region_3,0.972,0.893,51.8,100.0,100.0,0,7,203,1,108.69999999999996,143.69999999999993
2024-07-22,region_3,0.972,0.893,4.4,98.2,98.4,0,7,204,1,63.799999999999955,138.2999999999999
2024-07-23,region_3,0.972,0.893,34.2,96.9,98.9,0,7,205,1,90.39999999999995,156.49999999999991
2024-07-24,region_3,0.972,0.893,120.9,100.0,100.0,0,7,206,1,159.49999999999994,276.4999999999999
2024-07-25,region_3,0.972,0.893,1.2,98.1,100.0,0,7,207,1,156.29999999999995,269.3999999999999
2024-07-26,region_3,0.972,0.893,91.3,97.8,97.0,0,7,208,1,213.39999999999998,311.3999999999999
2024-07-27,region_3,0.972,0.893,67.6,100.0,100.0,1,7,209,1,160.09999999999997,371.4
2024-07-28,region_3,0.972,0.893,53.5,100.0,99.3,1,7,210,1,212.39999999999998,373.0999999999999
2024-07-29,region_3,0.972,0.893,31.8,97.6,100.0,0,7,211,1,152.89999999999995,400.4999999999999
2024-07-30,region_3,0.972,0.893,0.8,99.1,99.9,0,7,212,1,86.09999999999995,367.0999999999999
2024-07-31,region_3,0.972,0.893,0.4,94.8,98.8,0,7,213,1,32.99999999999996,246.5999999999999
2024-08-01,region_3,0.972,0.893,1.3,88.7,96.9,0,8,214,1,2.4999999999999574,246.69999999999993
2024-08-02,region_3,0.972,0.893,9.8,88.1,96.3,0,8,215,1,11.499999999999957,165.1999999999999
2024-08-03,region_3,0.972,0.893,128.1,88.8,98.7,0,8,216,1,139.19999999999996,225.6999999999999
2024-08-04,region_3,0.972,0.893,2.3,98.6,100.0,0,8,217,1,140.19999999999996,174.49999999999991
2024-08-05,region_3,0.972,0.893,24.0,95.7,100.0,0,8,218,1,154.39999999999998,166.6999999999999
2024-08-06,region_3,0.972,0.893,26.6,99.9,99.7,0,8,219,1,52.89999999999998,192.49999999999991
2024-08-07,region_3,0.972,0.893,52.3,100.0,100.0,1,8,220,1,102.89999999999998,244.39999999999992
2024-08-08,region_3,0.972,0.893,8.5,100.0,100.0,0,8,221,1,87.39999999999998,251.5999999999999
2024-08-09,region_3,0.972,0.893,6.2,98.6,99.6,0,8,222,1,66.99999999999997,247.99999999999991
2024-08-10,region_3,0.972,0.893,4.1,98.8,99.7,0,8,223,1,18.799999999999972,123.99999999999991
2024-08-11,region_3,0.972,0.893,14.9,97.5,100.0,0,8,224,1,25.19999999999997,136.5999999999999
2024-08-12,region_3,0.972,0.893,0.0,100.0,100.0,0,8,225,1,18.99999999999997,112.59999999999992
2024-08-13,region_3,0.972,0.893,11.5,95.2,97.3,0,8,226,1,26.39999999999997,97.49999999999991
2024-08-14,region_3,0.972,0.893,45.4,99.3,100.0,1,8,227,1,56.89999999999997,90.59999999999991
2024-08-15,region_3,0.972,0.893,9.6,99.7,99.0,0,8,228,1,66.49999999999997,91.6999999999999
2024-08-16,region_3,0.972,0.893,11.2,97.5,100.0,0,8,229,1,66.19999999999997,96.6999999999999
2024-08-17,region_3,0.972,0.893,92.3,100.0,100.0,0,8,230,1,113.09999999999997,184.89999999999992
2024-08-18,region_3,0.972,0.893,2.1,98.7,99.9,0,8,231,1,105.59999999999998,172.0999999999999
2024-08-19,region_3,0.972,0.893,24.1,97.0,100.0,0,8,232,1,118.49999999999999,196.1999999999999
2024-08-20,region_3,0.972,0.893,37.1,98.0,100.0,0,8,233,1,63.29999999999999,221.7999999999999
2024-08-21,region_3,0.972,0.893,13.3,99.8,99.5,0,8,234,1,74.49999999999999,189.69999999999993
2024-08-22,region_3,0.972,0.893,15.8,100.0,100.0,0,8,235,1,66.19999999999999,195.89999999999992
2024-08-23,region_3,0.972,0.893,35.9,100.0,100.0,0,8,236,1,64.99999999999999,220.5999999999999
2024-08-24,region_3,0.972,0.893,8.0,99.0,98.8,0,8,237,1,59.69999999999999,136.2999999999999
2024-08-25,region_3,0.972,0.893,35.2,100.0,100.0,0,8,238,1,79.1,169.39999999999992
2024-08-26,region_3,0.972,0.893,37.7,100.0,100.0,0,8,239,1,80.89999999999999,182.99999999999991
2024-08-27,region_3,0.972,0.893,57.6,99.3,98.4,1,8,240,1,130.5,203.49999999999994
2024-08-28,region_3,0.972,0.893,12.9,99.9,100.0,0,8,241,1,108.19999999999999,203.0999999999999
2024-08-29,region_3,0.972,0.893,62.6,99.0,98.8,0,8,242,1,133.1,249.89999999999992
2024-08-30,region_3,0.972,0.893,4.1,98.8,98.6,0,8,243,1,79.6,218.09999999999994
2024-08-31,region_3,0.972,0.893,7.6,95.5,99.6,0,8,244,1,74.29999999999998,217.69999999999993
2024-09-01,region_3,0.972,0.893,5.2,97.4,100.0,0,9,245,1,16.899999999999984,187.6999999999999
2024-09-02,region_3,0.972,0.893,12.2,93.3,100.0,0,9,246,1,24.999999999999986,162.19999999999993
2024-09-03,region_3,0.972,0.893,7.2,100.0,99.9,0,9,247,1,24.599999999999984,111.79999999999991
2024-09-04,region_3,0.972,0.893,49.7,100.0,98.9,0,9,248,1,69.1,148.5999999999999
2024-09-05,region_3,0.972,0.893,6.0,100.0,99.9,0,9,249,1,62.899999999999984,91.99999999999991
2024-09-06,region_3,0.972,0.893,36.2,99.1,98.2,0,9,250,1,91.89999999999999,124.09999999999992
2024-09-07,region_3,0.972,0.893,2.4,99.0,100.0,0,9,251,1,44.59999999999999,118.89999999999992
2024-09-08,region_3,0.972,0.893,2.6,99.2,99.4,0,9,252,1,41.19999999999999,116.29999999999991
2024-09-09,region_3,0.972,0.893,94.1,94.7,100.0,0,9,253,1,99.09999999999998,198.19999999999993
2024-09-10,region_3,0.972,0.893,0.5,98.0,99.0,0,9,254,1,97.19999999999997,191.4999999999999
2024-09-11,region_3,0.972,0.893,1.1,98.3,98.7,0,9,255,1,95.69999999999997,142.89999999999992
2024-09-12,region_3,0.972,0.893,13.2,93.2,95.2,0,9,256,1,14.799999999999985,150.0999999999999
2024-09-13,region_3,0.972,0.893,0.0,94.8,100.0,0,9,257,1,14.299999999999985,113.8999999999999
2024-09-14,region_3,0.972,0.893,2.7,92.5,98.2,0,9,258,1,15.899999999999984,114.1999999999999
2024-09-15,region_3,0.972,0.893,1.8,88.0,97.0,0,9,259,1,4.499999999999986,113.3999999999999
2024-09-16,region_3,0.972,0.893,3.0,81.8,95.9,0,9,260,1,7.499999999999986,22.299999999999912
2024-09-17,region_3,0.972,0.893,6.1,81.2,95.9,0,9,261,1,10.899999999999984,27.899999999999913
2024-09-18,region_3,0.972,0.893,2.6,84.8,98.4,0,9,262,1,11.699999999999985,29.399999999999913
2024-09-19,region_3,0.972,0.893,5.5,81.9,96.1,0,9,263,1,14.199999999999985,21.699999999999918
2024-09-20,region_3,0.972,0.893,6.6,85.7,98.9,0,9,264,1,14.699999999999987,28.299999999999915
2024-09-21,region_3,0.972,0.893,6.3,82.5,99.7,0,9,265,1,18.399999999999984,31.899999999999913
2024-09-22,region_3,0.972,0.893,0.2,79.2,100.0,0,9,266,0,13.099999999999985,30.299999999999912
2024-09-23,region_3,0.972,0.893,88.1,76.3,97.3,0,9,267,0,94.59999999999998,115.3999999999999
2024-09-24,region_3,0.972,0.893,3.3,99.3,99.0,0,9,268,0,91.59999999999998,112.59999999999991
2024-09-25,region_3,0.972,0.893,4.5,96.3,99.9,0,9,269,0,95.89999999999998,114.4999999999999
2024-09-26,region_3,0.972,0.893,2.0,95.0,100.0,0,9,270,0,9.799999999999986,110.9999999999999
2024-09-27,region_3,0.972,0.893,11.4,92.3,99.7,0,9,271,0,17.899999999999984,115.79999999999991
2024-09-28,region_3,0.972,0.893,5.6,99.1,100.0,0,9,272,0,18.999999999999986,115.09999999999991
2024-09-29,region_3,0.972,0.893,0.3,95.9,100.0,0,9,273,0,17.299999999999983,115.1999999999999
2024-09-30,region_3,0.972,0.893,3.6,87.6,97.8,0,9,274,0,9.499999999999984,30.699999999999914
2024-10-01,region_3,0.972,0.893,22.8,88.9,97.4,0,10,275,0,26.699999999999985,50.19999999999992
2024-10-02,region_3,0.972,0.893,63.6,97.2,99.2,1,10,276,0,89.99999999999999,109.29999999999991
2024-10-03,region_3,0.972,0.893,1.2,98.9,100.0,0,10,277,0,87.6,108.49999999999991
2024-10-04,region_3,0.972,0.893,0.4,98.1,99.3,0,10,278,0,65.19999999999997,97.4999999999999
2024-10-05,region_3,0.972,0.893,1.8,87.8,97.1,0,10,279,0,3.3999999999999857,93.69999999999992
2024-10-06,region_3,0.972,0.893,0.4,90.5,94.4,0,10,280,0,2.599999999999986,93.79999999999991
2024-10-07,region_3,0.972,0.893,2.1,84.1,95.4,0,10,281,0,4.299999999999986,92.29999999999993
2024-10-08,region_3,0.972,0.893,8.9,80.8,92.3,0,10,282,0,11.399999999999986,78.3999999999999
2024-10-09,region_3,0.972,0.893,46.5,81.4,94.5,0,10,283,0,57.499999999999986,61.29999999999991
2024-10-10,region_3,0.972,0.893,2.0,100.0,99.0,0,10,284,0,57.399999999999984,62.09999999999991
2024-10-11,region_3,0.972,0.893,22.8,95.5,98.6,0,10,285,0,71.29999999999998,84.49999999999991
2024-10-12,region_3,0.972,0.893,2.3,98.6,99.9,0,10,286,0,27.099999999999987,84.99999999999991
2024-10-13,region_3,0.972,0.893,5.4,95.9,100.0,0,10,287,0,30.499999999999986,89.99999999999991
2024-10-14,region_3,0.972,0.893,1.9,98.3,100.0,0,10,288,0,9.599999999999985,89.79999999999991
2024-10-15,region_3,0.972,0.893,17.9,92.5,97.8,0,10,289,0,25.199999999999985,98.79999999999991
2024-10-16,region_3,0.972,0.893,2.4,99.5,98.2,0,10,290,0,22.19999999999998,54.69999999999991
2024-10-17,region_3,0.972,0.893,4.6,96.9,100.0,0,10,291,0,24.899999999999984,57.29999999999991
2024-10-18,region_3,0.972,0.893,0.9,94.5,99.8,0,10,292,0,7.899999999999986,35.39999999999991
2024-10-19,region_3,0.972,0.893,1.5,91.9,97.5,0,10,293,0,6.999999999999986,34.59999999999991
2024-10-20,region_3,0.972,0.893,0.4,85.5,98.2,0,10,294,0,2.7999999999999856,29.59999999999991
2024-10-21,region_3,0.972,0.893,1.8,84.3,96.9,0,10,295,0,3.699999999999986,29.499999999999908
2024-10-22,region_3,0.972,0.893,0.9,77.9,95.0,0,10,296,0,3.099999999999986,12.499999999999908
2024-10-23,region_3,0.972,0.893,0.6,76.3,92.3,0,10,297,0,3.299999999999986,10.699999999999907
2024-10-24,region_3,0.972,0.893,1.9,74.8,89.1,0,10,298,0,3.3999999999999857,7.999999999999908
2024-10-25,region_3,0.972,0.893,1.3,73.6,90.5,0,10,299,0,3.7999999999999856,8.399999999999908
2024-10-26,region_3,0.972,0.893,4.8,64.7,88.5,0,10,300,0,7.999999999999986,11.699999999999907
2024-10-27,region_3,0.972,0.893,12.8,66.1,87.6,0,10,301,0,18.899999999999984,24.09999999999991
2024-10-28,region_3,0.972,0.893,0.4,74.1,89.0,0,10,302,0,17.999999999999986,22.699999999999907
2024-10-29,region_3,0.972,0.893,0.7,71.7,89.0,0,10,303,0,13.899999999999986,22.499999999999908
2024-10-30,region_3,0.972,0.893,1.3,66.6,86.7,0,10,304,0,2.3999999999999857,23.199999999999907
2024-10-31,region_3,0.972,0.893,2.4,64.9,86.1,0,10,305,0,4.399999999999986,23.699999999999907
2024-11-01,region_3,0.972,0.893,1.1,63.5,85.6,0,11,306,0,4.799999999999986,23.499999999999908
2024-11-02,region_3,0.972,0.893,1.9,60.8,82.6,0,11,307,0,5.399999999999986,20.59999999999991
2024-11-03,region_3,0.972,0.893,2.2,59.1,84.0,0,11,308,0,5.199999999999986,9.999999999999908
2024-11-04,region_3,0.972,0.893,0.5,57.6,80.6,0,11,309,0,4.599999999999985,10.099999999999907
2024-11-05,region_3,0.972,0.893,0.1,57.4,79.8,0,11,310,0,2.799999999999986,9.499999999999908
2024-11-06,region_3,0.972,0.893,6.1,51.9,76.8,0,11,311,0,6.699999999999985,14.299999999999907
2024-11-07,region_3,0.972,0.893,0.6,55.5,77.9,0,11,312,0,6.799999999999985,12.499999999999906
2024-11-08,region_3,0.972,0.893,15.2,51.2,74.8,0,11,313,0,21.899999999999984,26.599999999999905
2024-11-09,region_3,0.972,0.893,1.1,59.3,78.6,0,11,314,0,16.899999999999984,25.79999999999991
2024-11-10,region_3,0.972,0.893,0.3,57.8,79.1,0,11,315,0,16.599999999999984,23.899999999999906
2024-11-11,region_3,0.972,0.893,10.3,52.8,73.9,0,11,316,0,11.699999999999987,33.69999999999991
2024-11-12,region_3,0.972,0.893,1.6,58.3,73.8,0,11,317,0,12.199999999999987,35.19999999999991
2024-11-13,region_3,0.972,0.893,1.0,56.6,74.2,0,11,318,0,12.899999999999986,30.099999999999905
2024-11-14,region_3,0.972,0.893,0.3,55.7,73.7,0,11,319,0,2.8999999999999857,29.79999999999991
2024-11-15,region_3,0.972,0.893,1.2,55.2,71.9,0,11,320,0,2.499999999999986,15.799999999999908
2024-11-16,region_3,0.972,0.893,0.0,50.3,70.1,0,11,321,0,1.4999999999999858,14.699999999999909
2024-11-17,region_3,0.972,0.893,0.2,46.6,70.0,0,11,322,0,1.3999999999999857,14.599999999999909
2024-11-18,region_3,0.972,0.893,0.2,47.1,67.0,0,11,323,0,0.3999999999999858,4.499999999999908
2024-11-19,region_3,0.972,0.893,1.8,43.9,66.9,0,11,324,0,2.199999999999986,4.699999999999908
2024-11-20,region_3,0.972,0.893,1.7,44.2,64.4,0,11,325,0,3.699999999999986,5.399999999999908
2024-11-21,region_3,0.972,0.893,9.8,43.1,62.7,0,11,326,0,13.299999999999986,14.89999999999991
2024-11-22,region_3,0.972,0.893,0.2,47.2,64.0,0,11,327,0,11.699999999999985,13.89999999999991
2024-11-23,region_3,0.972,0.893,0.2,44.7,62.7,0,11,328,0,10.199999999999987,14.09999999999991
2024-11-24,region_3,0.972,0.893,0.2,43.4,63.0,0,11,329,0,0.6000000000000001,14.099999999999909
2024-11-25,region_3,0.972,0.893,0.2,41.3,60.2,0,11,330,0,0.6000000000000001,14.09999999999991
2024-11-26,region_3,0.972,0.893,0.7,39.4,58.8,0,11,331,0,1.0999999999999859,12.99999999999991
2024-11-27,region_3,0.972,0.893,23.3,37.8,57.4,0,11,332,0,24.199999999999985,34.59999999999991
2024-11-28,region_3,0.972,0.893,0.5,54.3,57.5,0,11,333,0,24.499999999999986,25.299999999999912
2024-11-29,region_3,0.972,0.893,0.5,50.6,56.7,0,11,334,0,24.299999999999986,25.599999999999913
2024-11-30,region_3,0.972,0.893,2.4,49.4,55.2,0,11,335,0,3.3999999999999857,27.799999999999912
2024-12-01,region_3,0.972,0.893,57.8,47.7,55.1,0,12,336,0,60.69999999999998,85.3999999999999
2024-12-02,region_3,0.972,0.893,2.8,83.1,63.5,0,12,337,0,62.99999999999998,87.9999999999999
2024-12-03,region_3,0.972,0.893,0.4,84.8,63.4,0,12,338,0,60.999999999999986,87.6999999999999
2024-12-04,region_3,0.972,0.893,2.7,78.4,63.2,0,12,339,0,5.899999999999986,67.09999999999991
2024-12-05,region_3,0.972,0.893,6.4,74.4,63.3,0,12,340,0,9.499999999999986,72.9999999999999
2024-12-06,region_3,0.972,0.893,0.1,78.6,66.3,0,12,341,0,9.199999999999987,72.59999999999991
2024-12-07,region_3,0.972,0.893,0.6,72.8,64.0,0,12,342,0,7.099999999999987,70.79999999999991
2024-12-08,region_3,0.972,0.893,1.4,70.9,63.9,0,12,343,0,2.0999999999999863,14.399999999999908
2024-12-09,region_3,0.972,0.893,7.4,66.4,62.1,0,12,344,0,9.399999999999986,18.999999999999908
2024-12-10,region_3,0.972,0.893,0.1,68.8,65.8,0,12,345,0,8.899999999999986,18.699999999999907
2024-12-11,region_3,0.972,0.893,0.1,65.4,62.0,0,12,346,0,7.599999999999986,16.09999999999991
2024-12-12,region_3,0.972,0.893,1.0,61.3,61.3,0,12,347,0,1.1999999999999857,10.699999999999907
2024-12-13,region_3,0.972,0.893,0.0,57.8,59.2,0,12,348,0,1.0999999999999857,10.599999999999907
2024-12-14,region_3,0.972,0.893,6.7,56.3,58.1,0,12,349,0,7.699999999999986,16.69999999999991
2024-12-15,region_3,0.972,0.893,1.0,59.3,59.4,0,12,350,0,7.699999999999986,16.29999999999991
2024-12-16,region_3,0.972,0.893,0.1,54.1,57.9,0,12,351,0,7.799999999999986,8.999999999999908
2024-12-17,region_3,0.972,0.893,0.0,56.7,57.4,0,12,352,0,1.0999999999999859,8.899999999999908
2024-12-18,region_3,0.972,0.893,0.1,52.7,56.4,0,12,353,0,0.1999999999999858,8.899999999999908
2024-12-19,region_3,0.972,0.893,4.4,47.9,56.2,0,12,354,0,4.499999999999986,12.299999999999908
2024-12-20,region_3,0.972,0.893,0.7,49.7,54.4,0,12,355,0,5.199999999999986,12.999999999999908
2024-12-21,region_3,0.972,0.893,1.9,46.3,52.7,0,12,356,0,6.999999999999986,8.199999999999909
2024-12-22,region_3,0.972,0.893,0.4,44.6,51.4,0,12,357,0,2.999999999999986,7.599999999999908
2024-12-23,region_3,0.972,0.893,0.1,44.8,50.0,0,12,358,0,2.3999999999999857,7.599999999999908
2024-12-24,region_3,0.972,0.893,0.2,40.0,49.2,0,12,359,0,0.6999999999999859,7.799999999999908
2024-12-25,region_3,0.972,0.893,0.5,39.8,48.8,0,12,360,0,0.7999999999999858,8.199999999999909
2024-12-26,region_3,0.972,0.893,0.6,36.5,48.7,0,12,361,0,1.2999999999999858,4.399999999999908
2024-12-27,region_3,0.972,0.893,0.3,34.7,46.9,0,12,362,0,1.399999999999986,3.999999999999907
2024-12-28,region_3,0.972,0.893,0.4,34.5,45.2,0,12,363,0,1.2999999999999858,2.4999999999999076
2024-12-29,region_3,0.972,0.893,0.9,34.3,43.3,0,12,364,0,1.5999999999999859,2.9999999999999076
2020-01-01,region_4,0.832,0.154,0.2,37.6,37.4,0,1,1,0,0.2,0.2
2020-01-02,region_4,0.832,0.154,1.9,34.5,34.3,0,1,2,0,2.1,2.1
2020-01-03,region_4,0.832,0.154,1.1,38.2,38.3,0,1,3,0,3.2,3.2
2020-01-04,region_4,0.832,0.154,1.0,35.7,34.7,0,1,4,0,4.0,4.2
2020-01-05,region_4,0.832,0.154,0.0,36.1,37.2,0,1,5,0,2.1000000000000005,4.2
2020-01-06,region_4,0.832,0.154,0.5,32.9,34.5,0,1,6,0,1.5,4.7
2020-01-07,region_4,0.832,0.154,0.1,28.4,35.2,0,1,7,0,0.6,4.8
2020-01-08,region_4,0.832,0.154,16.6,27.8,34.8,0,1,8,0,17.200000000000003,21.200000000000003
2020-01-09,region_4,0.832,0.154,0.7,40.8,34.5,0,1,9,0,17.400000000000002,20.000000000000004
2020-01-10,region_4,0.832,0.154,1.4,37.8,33.2,0,1,10,0,18.700000000000003,20.300000000000004
2020-01-11,region_4,0.832,0.154,0.5,38.5,32.6,0,1,11,0,2.5999999999999996,19.800000000000004
2020-01-12,region_4,0.832,0.154,0.1,35.7,32.0,0,1,12,0,2.0,19.900000000000002
2020-01-13,region_4,0.832,0.154,0.0,35.5,29.9,0,1,13,0,0.6,19.400000000000002
2020-01-14,region_4,0.832,0.154,0.6,35.6,29.9,0,1,14,0,0.7,19.900000000000002
2020-01-15,region_4,0.832,0.154,0.2,29.4,28.1,0,1,15,0,0.8,3.5
2020-01-16,region_4,0.832,0.154,0.3,27.6,29.1,0,1,16,0,1.1,3.0999999999999996
2020-01-17,region_4,0.832,0.154,0.2,28.4,27.5,0,1,17,0,0.7,1.9
2020-01-18,region_4,0.832,0.154,0.0,27.4,29.0,0,1,18,0,0.5,1.4
2020-01-19,region_4,0.832,0.154,0.5,25.4,25.6,0,1,19,0,0.7,1.7999999999999998
2020-01-20,region_4,0.832,0.154,0.1,25.9,27.0,0,1,20,0,0.6,1.9
2020-01-21,region_4,0.832,0.154,0.1,23.6,27.0,0,1,21,0,0.7,1.4
2020-01-22,region_4,0.832,0.154,38.3,21.8,26.5,0,1,22,0,38.5,39.5
2020-01-23,region_4,0.832,0.154,0.9,49.2,25.6,0,1,23,0,39.3,40.1
2020-01-24,region_4,0.832,0.154,0.3,48.2,28.1,0,1,24,0,39.5,40.2
2020-01-25,region_4,0.832,0.154,0.3,45.2,26.3,0,1,25,0,1.5,40.5
2020-01-26,region_4,0.832,0.154,0.1,45.8,25.3,0,1,26,0,0.7,40.1
2020-01-27,region_4,0.832,0.154,1.2,40.4,24.2,0,1,27,0,1.5999999999999999,41.199999999999996
2020-01-28,region_4,0.832,0.154,0.2,38.4,24.8,0,1,28,0,1.4999999999999998,41.3
2020-01-29,region_4,0.832,0.154,0.0,38.4,22.9,0,1,29,0,1.4,3.0
2020-01-30,region_4,0.832,0.154,0.4,33.4,24.1,0,1,30,0,0.6000000000000001,2.5
2020-01-31,region_4,0.832,0.154,0.0,37.5,21.8,0,1,31,0,0.4,2.1999999999999997
2020-02-01,region_4,0.832,0.154,1.2,35.3,22.6,0,2,32,0,1.6,3.1
2020-02-02,region_4,0.832,0.154,0.7,33.9,22.4,0,2,33,0,1.9,3.7
2020-02-03,region_4,0.832,0.154,0.0,27.4,21.6,0,2,34,0,1.9,2.5
2020-02-04,region_4,0.832,0.154,0.0,28.8,21.3,0,2,35,0,0.6999999999999997,2.3
2020-02-05,region_4,0.832,0.154,1.1,27.9,20.9,0,2,36,0,1.0999999999999999,3.4000000000000004
2020-02-06,region_4,0.832,0.154,1.6,27.5,21.1,0,2,37,0,2.7,4.6000000000000005
2020-02-07,region_4,0.832,0.154,1.3,28.4,21.8,0,2,38,0,4.0,5.9
2020-02-08,region_4,0.832,0.154,0.6,28.7,21.9,0,2,39,0,3.5,5.3
2020-02-09,region_4,0.832,0.154,0.1,28.5,21.1,0,2,40,0,1.9999999999999998,4.7
2020-02-10,region_4,0.832,0.154,41.3,26.0,21.1,0,2,41,0,42.0,46.0
2020-02-11,region_4,0.832,0.154,0.2,61.2,21.9,0,2,42,0,41.6,46.2
2020-02-12,region_4,0.832,0.154,0.8,58.4,20.4,0,2,43,0,42.3,45.9
2020-02-13,region_4,0.832,0.154,4.0,57.2,19.9,0,2,44,0,5.0,48.3
2020-02-14,region_4,0.832,0.154,0.6,55.1,22.2,0,2,45,0,5.3999999999999995,47.6
2020-02-15,region_4,0.832,0.154,0.4,54.3,20.1,0,2,46,0,5.0,47.4
2020-02-16,region_4,0.832,0.154,0.2,54.7,18.7,0,2,47,0,1.2,47.5
2020-02-17,region_4,0.832,0.154,0.3,50.7,20.0,0,2,48,0,0.9,6.5
2020-02-18,region_4,0.832,0.154,10.5,49.2,20.8,0,2,49,0,11.0,16.8
2020-02-19,region_4,0.832,0.154,0.2,54.3,21.1,0,2,50,0,11.0,16.2
2020-02-20,region_4,0.832,0.154,3.9,52.8,19.7,0,2,51,0,14.6,16.1
2020-02-21,region_4,0.832,0.154,0.5,52.1,21.2,0,2,52,0,4.6,16.0
2020-02-22,region_4,0.832,0.154,2.3,51.9,18.6,0,2,53,0,6.699999999999999,17.900000000000002
2020-02-23,region_4,0.832,0.154,0.8,48.0,20.1,0,2,54,0,3.5999999999999996,18.500000000000004
2020-02-24,region_4,0.832,0.154,0.4,45.7,19.1,0,2,55,0,3.5,18.6
2020-02-25,region_4,0.832,0.154,0.3,42.2,18.4,0,2,56,0,1.5,8.400000000000002
2020-02-26,region_4,0.832,0.154,9.8,42.8,18.0,0,2,57,0,10.5,18.000000000000004
2020-02-27,region_4,0.832,0.154,0.3,50.7,19.7,0,2,58,0,10.4,14.400000000000004
2020-02-28,region_4,0.832,0.154,0.4,49.0,19.1,0,2,59,0,10.5,14.300000000000002
2020-02-29,region_4,0.832,0.154,0.5,45.1,19.8,0,2,60,0,1.2,12.500000000000002
2020-03-01,region_4,0.832,0.154,0.0,45.3,17.5,0,3,61,0,0.8999999999999999,11.700000000000003
2020-03-02,region_4,0.832,0.154,3.1,41.6,21.0,0,3,62,0,3.6,14.400000000000002
2020-03-03,region_4,0.832,0.154,10.5,39.8,18.3,0,3,63,0,13.6,24.6
2020-03-04,region_4,0.832,0.154,0.8,49.8,19.4,0,3,64,0,14.4,15.600000000000001
2020-03-05,region_4,0.832,0.154,1.2,45.8,19.5,0,3,65,0,12.5,16.5
2020-03-06,region_4,0.832,0.154,0.5,44.7,17.0,0,3,66,0,2.5,16.6
2020-03-07,region_4,0.832,0.154,0.5,45.5,20.3,0,3,67,0,2.2,16.6
2020-03-08,region_4,0.832,0.154,0.0,43.7,17.2,0,3,68,0,1.0,16.6
2020-03-09,region_4,0.832,0.154,5.2,40.3,18.5,0,3,69,0,5.7,18.7
2020-03-10,region_4,0.832,0.154,0.0,40.4,18.3,0,3,70,0,5.2,8.2
2020-03-11,region_4,0.832,0.154,3.6,37.9,17.1,0,3,71,0,8.8,11.0
2020-03-12,region_4,0.832,0.154,0.7,40.8,18.3,0,3,72,0,4.3,10.500000000000002
2020-03-13,region_4,0.832,0.154,1.5,38.9,17.1,0,3,73,0,5.8,11.5
2020-03-14,region_4,0.832,0.154,9.9,37.1,17.4,0,3,74,0,12.1,20.9
2020-03-15,region_4,0.832,0.154,0.6,43.2,18.4,0,3,75,0,12.0,21.5
2020-03-16,region_4,0.832,0.154,0.2,41.0,17.5,0,3,76,0,10.700000000000001,16.5
2020-03-17,region_4,0.832,0.154,29.3,38.2,17.4,0,3,77,0,30.1,45.8
2020-03-18,region_4,0.832,0.154,0.3,61.5,18.5,0,3,78,0,29.8,42.5
2020-03-19,region_4,0.832,0.154,0.3,60.1,17.8,0,3,79,0,29.900000000000002,42.1
2020-03-20,region_4,0.832,0.154,15.0,56.9,19.3,0,3,80,0,15.6,55.6
2020-03-21,region_4,0.832,0.154,0.0,66.0,19.6,0,3,81,0,15.299999999999999,45.699999999999996
2020-03-22,region_4,0.832,0.154,1.3,63.1,21.6,0,3,82,0,16.3,46.4
2020-03-23,region_4,0.832,0.154,1.6,61.0,19.0,0,3,83,0,2.9000000000000004,47.8
2020-03-24,region_4,0.832,0.154,2.5,58.3,20.0,0,3,84,0,5.4,21.0
2020-03-25,region_4,0.832,0.154,5.1,59.2,20.9,0,3,85,0,9.2,25.799999999999997
2020-03-26,region_4,0.832,0.154,1.0,59.2,21.8,0,3,86,0,8.6,26.5
2020-03-27,region_4,0.832,0.154,2.0,57.8,20.6,0,3,87,0,8.1,13.5
2020-03-28,region_4,0.832,0.154,1.0,54.7,22.4,0,3,88,0,4.0,14.5
2020-03-29,region_4,0.832,0.154,2.7,53.1,18.5,0,3,89,0,5.7,15.899999999999999
2020-03-30,region_4,0.832,0.154,17.1,54.3,18.0,0,3,90,0,20.8,31.4
2020-03-31,region_4,0.832,0.154,0.1,63.5,21.8,0,3,91,0,19.900000000000002,29.0
2020-04-01,region_4,0.832,0.154,1.0,64.3,21.4,0,4,92,0,18.200000000000003,24.9
2020-04-02,region_4,0.832,0.154,1.0,60.9,21.4,0,4,93,0,2.1,24.9
2020-04-03,region_4,0.832,0.154,0.7,58.1,21.9,0,4,94,0,2.6999999999999997,23.599999999999998
2020-04-04,region_4,0.832,0.154,1.5,56.3,21.6,0,4,95,0,3.1999999999999997,24.1
2020-04-05,region_4,0.832,0.154,1.6,52.2,21.5,0,4,96,0,3.8,22.999999999999996
2020-04-06,region_4,0.832,0.154,0.1,52.9,20.6,0,4,97,0,3.2,5.9999999999999964
2020-04-07,region_4,0.832,0.154,1.8,47.3,21.4,0,4,98,0,3.5,7.699999999999997
2020-04-08,region_4,0.832,0.154,3.2,49.9,22.0,0,4,99,0,5.1,9.899999999999995
2020-04-09,region_4,0.832,0.154,0.1,47.0,20.8,0,4,100,0,5.1000000000000005,8.999999999999996
2020-04-10,region_4,0.832,0.154,3.4,47.2,20.6,0,4,101,0,6.699999999999999,11.699999999999996
2020-04-11,region_4,0.832,0.154,7.8,44.3,21.9,0,4,102,0,11.3,17.999999999999996
2020-04-12,region_4,0.832,0.154,9.3,50.4,22.2,0,4,103,0,20.5,25.699999999999996
2020-04-13,region_4,0.832,0.154,12.8,56.0,22.3,0,4,104,0,29.900000000000006,38.4
2020-04-14,region_4,0.832,0.154,3.2,64.1,26.1,0,4,105,0,25.300000000000004,39.8
2020-04-15,region_4,0.832,0.154,0.4,64.1,24.8,0,4,106,0,16.400000000000002,37.0
2020-04-16,region_4,0.832,0.154,1.8,58.7,25.3,0,4,107,0,5.400000000000002,38.699999999999996
2020-04-17,region_4,0.832,0.154,2.3,56.1,23.5,0,4,108,0,4.500000000000002,37.6
2020-04-18,region_4,0.832,0.154,4.7,56.7,23.9,0,4,109,0,8.8,34.5
2020-04-19,region_4,0.832,0.154,0.2,60.6,23.9,0,4,110,0,7.200000000000002,25.4
2020-04-20,region_4,0.832,0.154,0.5,55.6,24.6,0,4,111,0,5.400000000000002,13.099999999999996
2020-04-21,region_4,0.832,0.154,6.9,52.9,23.8,0,4,112,0,7.600000000000002,16.799999999999997
2020-04-22,region_4,0.832,0.154,3.1,59.1,23.9,0,4,113,0,10.500000000000002,19.499999999999996
2020-04-23,region_4,0.832,0.154,1.2,54.6,25.1,0,4,114,0,11.200000000000003,18.9
2020-04-24,region_4,0.832,0.154,3.5,55.9,25.6,0,4,115,0,7.800000000000002,20.099999999999994
2020-04-25,region_4,0.832,0.154,0.4,53.3,24.8,0,4,116,0,5.100000000000001,15.799999999999997
2020-04-26,region_4,0.832,0.154,1.4,50.9,24.7,0,4,117,0,5.300000000000002,16.999999999999996
2020-04-27,region_4,0.832,0.154,0.4,52.2,24.2,0,4,118,0,2.2000000000000015,16.9
2020-04-28,region_4,0.832,0.154,2.9,49.6,22.9,0,4,119,0,4.700000000000001,12.899999999999995
2020-04-29,region_4,0.832,0.154,45.5,47.4,23.4,0,4,120,0,48.800000000000004,55.3
2020-04-30,region_4,0.832,0.154,2.4,75.8,30.5,0,4,121,0,50.800000000000004,56.49999999999999
2020-05-01,region_4,0.832,0.154,2.7,76.8,29.0,0,5,122,0,50.60000000000001,55.7
2020-05-02,region_4,0.832,0.154,9.3,75.2,31.4,0,5,123,0,14.400000000000007,64.6
2020-05-03,region_4,0.832,0.154,1.0,81.8,32.1,0,5,124,0,13.000000000000007,64.2
2020-05-04,region_4,0.832,0.154,33.6,73.9,31.6,0,5,125,0,43.900000000000006,97.4
2020-05-05,region_4,0.832,0.154,1.6,99.5,44.5,0,5,126,0,36.20000000000002,96.1
2020-05-06,region_4,0.832,0.154,18.0,96.0,43.9,0,5,127,0,53.20000000000002,68.6
2020-05-07,region_4,0.832,0.154,0.2,99.9,52.8,0,5,128,0,19.800000000000008,66.39999999999999
2020-05-08,region_4,0.832,0.154,3.2,94.3,52.3,0,5,129,0,21.400000000000006,66.9
2020-05-09,region_4,0.832,0.154,2.1,91.6,50.6,0,5,130,0,5.500000000000007,59.7
2020-05-10,region_4,0.832,0.154,28.8,89.2,53.7,0,5,131,0,34.10000000000001,87.5
2020-05-11,region_4,0.832,0.154,0.2,100.0,63.5,0,5,132,0,31.10000000000001,54.1
2020-05-12,region_4,0.832,0.154,73.3,96.6,62.8,0,5,133,0,102.30000000000001,125.8
2020-05-13,region_4,0.832,0.154,40.9,100.0,98.8,0,5,134,0,114.4,148.7
2020-05-14,region_4,0.832,0.154,22.7,99.2,100.0,0,5,135,1,136.9,171.20000000000002
2020-05-15,region_4,0.832,0.154,27.4,100.0,99.3,0,5,136,1,91.0,195.39999999999998
2020-05-16,region_4,0.832,0.154,0.4,100.0,100.0,0,5,137,1,50.5,193.7
2020-05-17,region_4,0.832,0.154,58.3,95.7,98.2,0,5,138,1,86.1,223.2
2020-05-18,region_4,0.832,0.154,35.3,98.8,100.0,0,5,139,1,94.0,258.3
2020-05-19,region_4,0.832,0.154,20.8,100.0,100.0,0,5,140,1,114.39999999999999,205.79999999999998
2020-05-20,region_4,0.832,0.154,5.9,100.0,100.0,0,5,141,1,62.0,170.8
2020-05-21,region_4,0.832,0.154,40.6,100.0,99.8,0,5,142,1,67.30000000000001,188.7
2020-05-22,region_4,0.832,0.154,32.6,99.4,98.9,0,5,143,1,79.10000000000001,193.9
2020-05-23,region_4,0.832,0.154,5.9,98.9,98.3,0,5,144,1,79.10000000000001,199.4
2020-05-24,region_4,0.832,0.154,4.9,97.7,98.7,0,5,145,1,43.400000000000006,146.0
2020-05-25,region_4,0.832,0.154,42.2,99.5,100.0,0,5,146,1,53.00000000000001,152.90000000000003
2020-05-26,region_4,0.832,0.154,43.3,98.5,100.0,1,5,147,1,90.4,175.4
2020-05-27,region_4,0.832,0.154,64.1,98.5,100.0,0,5,148,1,149.6,233.6
2020-05-28,region_4,0.832,0.154,9.2,100.0,100.0,0,5,149,1,116.6,202.2
2020-05-29,region_4,0.832,0.154,23.0,100.0,100.0,0,5,150,1,96.3,192.6
2020-05-30,region_4,0.832,0.154,39.2,98.7,99.5,0,5,151,1,71.4,225.9
2020-05-31,region_4,0.832,0.154,0.7,95.9,99.6,0,5,152,1,62.900000000000006,221.7
2020-06-01,region_4,0.832,0.154,4.6,93.7,99.1,0,6,153,1,44.5,184.10000000000002
2020-06-02,region_4,0.832,0.154,25.2,98.0,99.0,0,6,154,1,30.5,166.0
2020-06-03,region_4,0.832,0.154,13.1,100.0,100.0,0,6,155,1,42.9,115.0
2020-06-04,region_4,0.832,0.154,2.5,98.9,100.0,0,6,156,1,40.8,108.3
2020-06-05,region_4,0.832,0.154,0.2,97.9,99.2,0,6,157,1,15.799999999999999,85.5
2020-06-06,region_4,0.832,0.154,35.5,91.0,97.3,0,6,158,1,38.2,81.8
2020-06-07,region_4,0.832,0.154,0.1,98.5,100.0,0,6,159,1,35.800000000000004,81.19999999999999
2020-06-08,region_4,0.832,0.154,0.1,95.4,98.6,0,6,160,1,35.7,76.7
2020-06-09,region_4,0.832,0.154,10.0,90.6,96.6,0,6,161,1,10.2,61.5
2020-06-10,region_4,0.832,0.154,2.1,91.4,100.0,0,6,162,1,12.2,50.49999999999999
2020-06-11,region_4,0.832,0.154,2.3,89.7,98.7,0,6,163,1,14.4,50.3
2020-06-12,region_4,0.832,0.154,11.4,85.7,99.7,0,6,164,1,15.8,61.5
2020-06-13,region_4,0.832,0.154,1.1,90.9,100.0,0,6,165,1,14.8,27.1
2020-06-14,region_4,0.832,0.154,56.2,86.4,98.1,0,6,166,1,68.7,83.2
2020-06-15,region_4,0.832,0.154,1.3,100.0,100.0,0,6,167,1,58.6,84.4
2020-06-16,region_4,0.832,0.154,25.8,94.3,98.6,0,6,168,1,83.30000000000001,100.20000000000002
2020-06-17,region_4,0.832,0.154,0.2,100.0,100.0,0,6,169,1,27.3,98.3
2020-06-18,region_4,0.832,0.154,54.3,94.3,98.6,0,6,170,1,80.3,150.3
2020-06-19,region_4,0.832,0.154,4.5,100.0,99.0,0,6,171,1,59.0,143.4
2020-06-20,region_4,0.832,0.154,2.1,94.8,99.9,0,6,172,1,60.9,144.4
2020-06-21,region_4,0.832,0.154,23.6,96.8,100.0,0,6,173,1,30.200000000000003,111.80000000000001
2020-06-22,region_4,0.832,0.154,1.3,100.0,99.7,0,6,174,1,27.000000000000004,111.80000000000001
2020-06-23,region_4,0.832,0.154,1.1,96.2,99.9,0,6,175,1,26.0,87.1
2020-06-24,region_4,0.832,0.154,25.0,94.3,99.1,0,6,176,1,27.4,111.9
2020-06-25,region_4,0.832,0.154,66.0,99.3,100.0,0,6,177,1,92.1,123.6
2020-06-26,region_4,0.832,0.154,63.1,100.0,100.0,0,6,178,1,154.1,182.2
2020-06-27,region_4,0.832,0.154,25.8,100.0,98.9,0,6,179,1,154.9,205.9
2020-06-28,region_4,0.832,0.154,0.1,99.7,100.0,0,6,180,1,89.0,182.4
2020-06-29,region_4,0.832,0.154,12.8,97.5,98.6,0,6,181,1,38.7,193.9
2020-06-30,region_4,0.832,0.154,2.0,100.0,99.5,0,6,182,1,14.9,194.8
2020-07-01,region_4,0.832,0.154,51.8,96.0,99.0,1,7,183,1,66.6,221.6
2020-07-02,region_4,0.832,0.154,0.6,100.0,100.0,0,7,184,1,54.4,156.2
2020-07-03,region_4,0.832,0.154,6.6,94.9,98.6,0,7,185,1,58.999999999999986,99.7
2020-07-04,region_4,0.832,0.154,91.5,94.8,100.0,1,7,186,1,98.69999999999999,165.39999999999998
2020-07-05,region_4,0.832,0.154,20.9,100.0,100.0,0,7,187,1,119.0,186.2
2020-07-06,region_4,0.832,0.154,57.0,100.0,99.8,0,7,188,1,169.39999999999998,230.39999999999998
2020-07-07,region_4,0.832,0.154,33.0,100.0,98.7,0,7,189,1,110.89999999999998,261.4
2020-07-08,region_4,0.832,0.154,32.8,99.9,99.2,0,7,190,1,122.79999999999998,242.4
2020-07-09,region_4,0.832,0.154,3.7,99.2,99.9,0,7,191,1,69.49999999999997,245.5
2020-07-10,region_4,0.832,0.154,2.3,96.6,98.6,0,7,192,1,38.79999999999998,241.2
2020-07-11,region_4,0.832,0.154,12.1,96.0,99.7,0,7,193,1,18.099999999999987,161.79999999999998
2020-07-12,region_4,0.832,0.154,4.2,98.0,100.0,0,7,194,1,18.599999999999987,145.1
2020-07-13,region_4,0.832,0.154,0.7,96.7,100.0,0,7,195,1,16.999999999999986,88.8
2020-07-14,region_4,0.832,0.154,19.5,90.3,98.4,0,7,196,1,24.399999999999984,75.3
2020-07-15,region_4,0.832,0.154,110.0,100.0,100.0,0,7,197,1,130.2,152.5
2020-07-16,region_4,0.832,0.154,0.0,99.0,100.0,0,7,198,1,129.5,148.8
2020-07-17,region_4,0.832,0.154,16.5,94.3,100.0,0,7,199,1,126.49999999999999,163.0
2020-07-18,region_4,0.832,0.154,9.8,100.0,100.0,0,7,200,1,26.299999999999986,160.70000000000002
2020-07-19,region_4,0.832,0.154,23.8,98.9,99.1,0,7,201,1,50.09999999999999,180.29999999999998
2020-07-20,region_4,0.832,0.154,97.5,100.0,99.7,0,7,202,1,131.1,277.1
2020-07-21,region_4,0.832,0.154,9.4,100.0,99.2,0,7,203,1,130.7,267.0
2020-07-22,region_4,0.832,0.154,0.1,100.0,100.0,0,7,204,1,106.99999999999999,157.1
2020-07-23,region_4,0.832,0.154,27.3,95.4,98.9,0,7,205,1,36.79999999999998,184.4
2020-07-24,region_4,0.832,0.154,64.8,100.0,100.0,0,7,206,1,92.19999999999999,232.7
2020-07-25,region_4,0.832,0.154,40.0,100.0,99.2,0,7,207,1,132.09999999999997,262.9
2020-07-26,region_4,0.832,0.154,1.2,100.0,99.4,0,7,208,1,105.99999999999997,240.29999999999998
2020-07-27,region_4,0.832,0.154,8.7,98.2,99.6,0,7,209,1,49.89999999999997,151.5
2020-07-28,region_4,0.832,0.154,98.0,98.1,99.5,0,7,210,1,107.89999999999998,240.1
2020-07-29,region_4,0.832,0.154,54.6,100.0,100.0,0,7,211,1,161.29999999999998,294.6
2020-07-30,region_4,0.832,0.154,51.9,100.0,99.0,0,7,212,1,204.5,319.2
2020-07-31,region_4,0.832,0.154,2.3,98.9,99.0,0,7,213,1,108.79999999999998,256.7
2020-08-01,region_4,0.832,0.154,2.4,96.2,98.8,0,8,214,1,56.59999999999999,219.1
2020-08-02,region_4,0.832,0.154,4.3,93.7,100.0,0,8,215,1,8.999999999999986,222.20000000000002
2020-08-03,region_4,0.832,0.154,54.1,95.5,98.8,1,8,216,1,60.79999999999999,267.6
2020-08-04,region_4,0.832,0.154,57.8,100.0,99.6,0,8,217,1,116.19999999999999,227.4
2020-08-05,region_4,0.832,0.154,7.3,100.0,100.0,0,8,218,1,119.19999999999999,180.1
2020-08-06,region_4,0.832,0.154,36.3,99.6,97.4,0,8,219,1,101.39999999999998,164.5
2020-08-07,region_4,0.832,0.154,3.7,98.7,100.0,0,8,220,1,47.29999999999998,165.89999999999998
2020-08-08,region_4,0.832,0.154,1.6,96.5,99.7,0,8,221,1,41.59999999999998,165.1
2020-08-09,region_4,0.832,0.154,0.8,93.9,100.0,0,8,222,1,6.099999999999986,161.6
2020-08-10,region_4,0.832,0.154,1.1,91.8,96.8,0,8,223,1,3.499999999999986,108.6
2020-08-11,region_4,0.832,0.154,96.5,86.4,95.1,0,8,224,1,98.39999999999999,147.29999999999998
2020-08-12,region_4,0.832,0.154,55.0,100.0,100.0,0,8,225,1,152.6,194.99999999999997
2020-08-13,region_4,0.832,0.154,41.4,97.0,100.0,0,8,226,1,192.9,200.1
2020-08-14,region_4,0.832,0.154,3.3,99.5,100.0,0,8,227,1,99.69999999999999,199.7
2020-08-15,region_4,0.832,0.154,1.5,96.7,99.2,0,8,228,1,46.19999999999998,199.59999999999997
2020-08-16,region_4,0.832,0.154,6.4,94.5,97.8,0,8,229,1,11.199999999999985,205.2
2020-08-17,region_4,0.832,0.154,0.9,96.5,99.1,0,8,230,1,8.799999999999986,205.0
2020-08-18,region_4,0.832,0.154,2.8,91.6,98.7,0,8,231,1,10.099999999999985,111.29999999999998
2020-08-19,region_4,0.832,0.154,1.0,86.7,98.2,0,8,232,1,4.699999999999985,57.29999999999998
2020-08-20,region_4,0.832,0.154,86.6,81.7,96.8,0,8,233,1,90.39999999999998,102.49999999999997
2020-08-21,region_4,0.832,0.154,4.4,100.0,100.0,0,8,234,1,91.99999999999999,103.59999999999998
2020-08-22,region_4,0.832,0.154,3.5,99.1,100.0,0,8,235,1,94.49999999999999,105.59999999999998
2020-08-23,region_4,0.832,0.154,0.7,96.6,99.7,0,8,236,1,8.599999999999985,99.89999999999996
2020-08-24,region_4,0.832,0.154,4.5,91.2,97.6,0,8,237,1,8.699999999999985,103.49999999999997
2020-08-25,region_4,0.832,0.154,5.7,91.4,99.5,0,8,238,1,10.899999999999986,106.39999999999996
2020-08-26,region_4,0.832,0.154,14.6,89.2,99.7,0,8,239,1,24.799999999999986,119.99999999999997
2020-08-27,region_4,0.832,0.154,0.8,94.0,100.0,0,8,240,1,21.099999999999987,34.199999999999974
2020-08-28,region_4,0.832,0.154,26.2,93.7,99.2,0,8,241,1,41.59999999999999,55.99999999999997
2020-08-29,region_4,0.832,0.154,52.1,100.0,99.0,0,8,242,1,79.09999999999998,104.59999999999997
2020-08-30,region_4,0.832,0.154,7.9,100.0,100.0,0,8,243,1,86.19999999999999,111.79999999999997
2020-08-31,region_4,0.832,0.154,3.8,100.0,99.5,0,8,244,1,63.79999999999998,111.09999999999997
2020-09-01,region_4,0.832,0.154,6.4,99.5,99.9,0,9,245,1,18.099999999999987,111.79999999999997
2020-09-02,region_4,0.832,0.154,110.3,100.0,100.0,1,9,246,1,120.49999999999999,207.49999999999997
2020-09-03,region_4,0.832,0.154,0.3,100.0,100.0,0,9,247,1,116.99999999999999,206.99999999999997
2020-09-04,region_4,0.832,0.154,8.5,93.3,96.2,0,9,248,1,119.09999999999998,189.29999999999998
2020-09-05,region_4,0.832,0.154,33.1,95.0,100.0,0,9,249,1,41.89999999999999,170.29999999999998
2020-09-06,region_4,0.832,0.154,3.0,99.6,100.0,0,9,250,1,44.599999999999994,165.39999999999998
2020-09-07,region_4,0.832,0.154,28.3,95.4,99.2,0,9,251,1,64.39999999999999,189.89999999999998
2020-09-08,region_4,0.832,0.154,0.5,98.2,99.6,0,9,252,1,31.799999999999986,184.0
2020-09-09,region_4,0.832,0.154,77.5,97.4,98.6,0,9,253,1,106.29999999999998,151.2
2020-09-10,region_4,0.832,0.154,0.4,100.0,99.6,0,9,254,1,78.39999999999999,151.29999999999995
2020-09-11,region_4,0.832,0.154,19.0,96.7,97.1,0,9,255,1,96.89999999999998,161.79999999999995
2020-09-12,region_4,0.832,0.154,21.0,99.0,99.1,0,9,256,1,40.399999999999984,149.69999999999996
2020-09-13,region_4,0.832,0.154,29.1,98.7,100.0,0,9,257,1,69.1,175.79999999999995
2020-09-14,region_4,0.832,0.154,63.8,99.6,99.0,1,9,258,1,113.89999999999998,211.29999999999995
2020-09-15,region_4,0.832,0.154,9.2,100.0,100.0,0,9,259,1,102.09999999999998,219.99999999999994
2020-09-16,region_4,0.832,0.154,4.2,99.7,100.0,0,9,260,1,77.19999999999997,146.69999999999996
2020-09-17,region_4,0.832,0.154,8.7,99.3,100.0,0,9,261,1,22.099999999999984,154.99999999999997
2020-09-18,region_4,0.832,0.154,5.9,100.0,99.7,0,9,262,1,18.799999999999983,141.89999999999998
2020-09-19,region_4,0.832,0.154,2.7,98.6,99.4,0,9,263,1,17.299999999999986,123.59999999999998
2020-09-20,region_4,0.832,0.154,3.9,94.3,98.4,0,9,264,1,12.499999999999986,98.39999999999996
2020-09-21,region_4,0.832,0.154,4.4,96.8,100.0,0,9,265,1,10.999999999999986,38.99999999999997
2020-09-22,region_4,0.832,0.154,0.3,93.0,99.1,0,9,266,0,8.599999999999987,30.09999999999997
2020-09-23,region_4,0.832,0.154,28.6,86.6,100.0,0,9,267,0,33.29999999999999,54.49999999999997
2020-09-24,region_4,0.832,0.154,3.6,98.9,99.8,0,9,268,0,32.49999999999999,49.39999999999997
2020-09-25,region_4,0.832,0.154,1.6,99.7,100.0,0,9,269,0,33.79999999999999,45.09999999999997
2020-09-26,region_4,0.832,0.154,8.5,94.1,98.3,0,9,270,0,13.699999999999989,50.89999999999998
2020-09-27,region_4,0.832,0.154,2.1,94.8,100.0,0,9,271,0,12.199999999999989,49.099999999999966
2020-09-28,region_4,0.832,0.154,3.3,91.7,97.2,0,9,272,0,13.899999999999988,47.99999999999997
2020-09-29,region_4,0.832,0.154,0.5,93.0,99.4,0,9,273,0,5.899999999999988,48.199999999999974
2020-09-30,region_4,0.832,0.154,1.2,88.6,97.0,0,9,274,0,4.999999999999988,20.799999999999972
2020-10-01,region_4,0.832,0.154,0.8,86.6,98.8,0,10,275,0,2.4999999999999876,17.999999999999968
2020-10-02,region_4,0.832,0.154,2.9,76.7,94.6,0,10,276,0,4.899999999999988,19.299999999999972
2020-10-03,region_4,0.832,0.154,0.2,78.6,93.4,0,10,277,0,3.8999999999999875,10.999999999999972
2020-10-04,region_4,0.832,0.154,0.5,73.5,93.3,0,10,278,0,3.5999999999999877,9.399999999999972
2020-10-05,region_4,0.832,0.154,9.1,69.2,90.9,0,10,279,0,9.799999999999986,15.19999999999997
2020-10-06,region_4,0.832,0.154,0.4,74.3,90.6,0,10,280,0,9.99999999999999,15.099999999999971
2020-10-07,region_4,0.832,0.154,3.2,71.6,92.0,0,10,281,0,12.699999999999989,17.099999999999973
2020-10-08,region_4,0.832,0.154,1.3,71.1,88.4,0,10,282,0,4.89999999999999,17.59999999999997
2020-10-09,region_4,0.832,0.154,0.2,69.5,87.9,0,10,283,0,4.6999999999999895,14.899999999999972
2020-10-10,region_4,0.832,0.154,0.7,62.2,87.0,0,10,284,0,2.1999999999999895,15.399999999999972
2020-10-11,region_4,0.832,0.154,2.7,61.4,85.3,0,10,285,0,3.59999999999999,17.599999999999973
2020-10-12,region_4,0.832,0.154,45.6,59.2,85.1,0,10,286,0,48.99999999999999,54.09999999999997
2020-10-13,region_4,0.832,0.154,2.3,90.3,88.7,0,10,287,0,50.59999999999999,55.99999999999997
2020-10-14,region_4,0.832,0.154,1.2,91.0,89.0,0,10,288,0,49.099999999999994,53.99999999999997
2020-10-15,region_4,0.832,0.154,0.6,87.5,87.3,0,10,289,0,4.0999999999999925,53.299999999999976
2020-10-16,region_4,0.832,0.154,25.3,82.7,87.3,0,10,290,0,27.099999999999994,78.39999999999998
2020-10-17,region_4,0.832,0.154,3.6,100.0,94.7,0,10,291,0,29.499999999999996,81.29999999999997
2020-10-18,region_4,0.832,0.154,1.1,97.7,93.9,0,10,292,0,29.999999999999993,79.69999999999997
2020-10-19,region_4,0.832,0.154,36.0,94.6,92.9,0,10,293,0,40.69999999999999,70.09999999999997
2020-10-20,region_4,0.832,0.154,2.1,100.0,99.5,0,10,294,0,39.19999999999999,69.89999999999998
2020-10-21,region_4,0.832,0.154,24.2,96.2,98.5,0,10,295,0,62.29999999999998,92.89999999999998
2020-10-22,region_4,0.832,0.154,90.6,100.0,100.0,0,10,296,0,116.89999999999998,182.89999999999998
2020-10-23,region_4,0.832,0.154,1.2,99.1,99.0,0,10,297,0,115.99999999999999,158.79999999999995
2020-10-24,region_4,0.832,0.154,0.8,97.6,98.8,0,10,298,0,92.59999999999998,155.99999999999997
2020-10-25,region_4,0.832,0.154,1.4,93.9,98.0,0,10,299,0,3.3999999999999857,156.29999999999998
2020-10-26,region_4,0.832,0.154,11.0,89.3,94.8,0,10,300,0,13.199999999999985,131.29999999999998
2020-10-27,region_4,0.832,0.154,9.6,92.0,98.4,0,10,301,0,21.999999999999986,138.79999999999998
2020-10-28,region_4,0.832,0.154,1.3,95.0,98.9,0,10,302,0,21.899999999999984,115.89999999999996
2020-10-29,region_4,0.832,0.154,0.4,91.1,99.1,0,10,303,0,11.299999999999985,25.69999999999997
2020-10-30,region_4,0.832,0.154,8.6,88.1,97.0,0,10,304,0,10.299999999999985,33.09999999999997
2020-10-31,region_4,0.832,0.154,0.8,87.6,98.2,0,10,305,0,9.799999999999985,33.099999999999966
2020-11-01,region_4,0.832,0.154,0.9,83.5,97.7,0,11,306,0,10.299999999999985,32.59999999999997
2020-11-02,region_4,0.832,0.154,0.3,80.2,96.3,0,11,307,0,1.9999999999999858,21.899999999999974
2020-11-03,region_4,0.832,0.154,0.3,77.2,92.8,0,11,308,0,1.4999999999999858,12.599999999999971
2020-11-04,region_4,0.832,0.154,0.4,72.8,92.4,0,11,309,0,0.9999999999999858,11.699999999999969
2020-11-05,region_4,0.832,0.154,1.9,69.1,89.9,0,11,310,0,2.5999999999999854,13.19999999999997
2020-11-06,region_4,0.832,0.154,2.6,68.0,90.1,0,11,311,0,4.899999999999986,7.199999999999972
2020-11-07,region_4,0.832,0.154,0.4,67.4,86.1,0,11,312,0,4.899999999999986,6.799999999999972
2020-11-08,region_4,0.832,0.154,0.6,64.1,87.1,0,11,313,0,3.5999999999999863,6.499999999999972
2020-11-09,region_4,0.832,0.154,0.1,62.1,83.9,0,11,314,0,1.0999999999999859,6.299999999999971
2020-11-10,region_4,0.832,0.154,1.8,60.3,83.1,0,11,315,0,2.499999999999986,7.799999999999972
2020-11-11,region_4,0.832,0.154,1.6,57.7,83.6,0,11,316,0,3.499999999999986,8.999999999999972
2020-11-12,region_4,0.832,0.154,0.0,54.0,79.4,0,11,317,0,3.399999999999986,7.099999999999971
2020-11-13,region_4,0.832,0.154,15.0,54.4,79.5,0,11,318,0,16.599999999999987,19.49999999999997
2020-11-14,region_4,0.832,0.154,0.3,62.4,79.5,0,11,319,0,15.299999999999988,19.399999999999974
2020-11-15,region_4,0.832,0.154,3.6,60.1,80.3,0,11,320,0,18.899999999999988,22.39999999999997
2020-11-16,region_4,0.832,0.154,0.0,60.0,78.4,0,11,321,0,3.8999999999999875,22.29999999999997
2020-11-17,region_4,0.832,0.154,0.8,56.8,79.2,0,11,322,0,4.399999999999988,21.299999999999972
2020-11-18,region_4,0.832,0.154,0.8,56.9,75.4,0,11,323,0,1.5999999999999877,20.49999999999997
2020-11-19,region_4,0.832,0.154,1.1,52.0,74.8,0,11,324,0,2.6999999999999877,21.599999999999973
2020-11-20,region_4,0.832,0.154,0.4,51.8,72.6,0,11,325,0,2.299999999999988,6.999999999999972
2020-11-21,region_4,0.832,0.154,13.6,48.1,73.3,0,11,326,0,15.099999999999987,20.299999999999972
2020-11-22,region_4,0.832,0.154,0.6,55.4,72.1,0,11,327,0,14.599999999999987,17.29999999999997
2020-11-23,region_4,0.832,0.154,0.5,52.6,72.0,0,11,328,0,14.699999999999987,17.79999999999997
2020-11-24,region_4,0.832,0.154,4.8,48.6,67.7,0,11,329,0,5.899999999999987,21.799999999999972
2020-11-25,region_4,0.832,0.154,40.2,53.0,68.8,0,11,330,0,45.49999999999999,61.199999999999974
2020-11-26,region_4,0.832,0.154,8.9,79.8,72.1,0,11,331,0,53.89999999999999,68.99999999999997
2020-11-27,region_4,0.832,0.154,0.7,76.8,75.2,0,11,332,0,49.8,69.29999999999997
2020-11-28,region_4,0.832,0.154,0.6,77.3,74.5,0,11,333,0,10.199999999999994,56.299999999999976
2020-11-29,region_4,0.832,0.154,0.3,74.3,74.0,0,11,334,0,1.5999999999999928,55.99999999999997
2020-11-30,region_4,0.832,0.154,0.1,70.7,69.6,0,11,335,0,0.9999999999999929,55.59999999999997
2020-12-01,region_4,0.832,0.154,1.1,67.9,70.6,0,12,336,0,1.499999999999993,51.89999999999998
2020-12-02,region_4,0.832,0.154,0.8,64.1,68.1,0,12,337,0,1.999999999999993,12.499999999999972
2020-12-03,region_4,0.832,0.154,0.3,62.4,68.6,0,12,338,0,2.199999999999993,3.8999999999999715
2020-12-04,region_4,0.832,0.154,0.6,61.9,66.1,0,12,339,0,1.6999999999999929,3.799999999999972
2020-12-05,region_4,0.832,0.154,0.8,54.3,66.5,0,12,340,0,1.6999999999999929,3.9999999999999716
2020-12-06,region_4,0.832,0.154,38.0,55.5,63.2,0,12,341,0,39.39999999999999,41.699999999999974
2020-12-07,region_4,0.832,0.154,0.2,86.2,69.8,0,12,342,0,38.99999999999999,41.799999999999976
2020-12-08,region_4,0.832,0.154,1.5,81.8,66.4,0,12,343,0,39.699999999999996,42.199999999999974
2020-12-09,region_4,0.832,0.154,0.6,81.6,65.8,0,12,344,0,2.2999999999999927,41.99999999999997
2020-12-10,region_4,0.832,0.154,3.5,76.3,64.7,0,12,345,0,5.5999999999999925,45.199999999999974
2020-12-11,region_4,0.832,0.154,1.5,75.3,65.8,0,12,346,0,5.5999999999999925,46.09999999999997
2020-12-12,region_4,0.832,0.154,0.7,73.1,65.1,0,12,347,0,5.699999999999993,45.99999999999997
2020-12-13,region_4,0.832,0.154,0.2,68.2,64.6,0,12,348,0,2.399999999999993,8.19999999999997
2020-12-14,region_4,0.832,0.154,0.9,68.4,63.3,0,12,349,0,1.799999999999993,8.899999999999972
2020-12-15,region_4,0.832,0.154,0.0,64.6,61.8,0,12,350,0,1.099999999999993,7.399999999999971
2020-12-16,region_4,0.832,0.154,0.4,59.7,61.2,0,12,351,0,1.2999999999999932,7.199999999999972
2020-12-17,region_4,0.832,0.154,0.1,57.2,59.4,0,12,352,0,0.4999999999999929,3.799999999999972
2020-12-18,region_4,0.832,0.154,0.4,55.2,59.2,0,12,353,0,0.8999999999999929,2.6999999999999718
2020-12-19,region_4,0.832,0.154,0.7,54.0,56.6,0,12,354,0,1.1999999999999929,2.6999999999999718
2020-12-20,region_4,0.832,0.154,0.2,49.2,57.0,0,12,355,0,1.2999999999999927,2.6999999999999713
2020-12-21,region_4,0.832,0.154,0.9,46.9,53.8,0,12,356,0,1.799999999999993,2.6999999999999718
2020-12-22,region_4,0.832,0.154,12.4,47.3,56.0,0,12,357,0,13.499999999999993,15.099999999999973
2020-12-23,region_4,0.832,0.154,0.8,51.2,53.9,0,12,358,0,14.099999999999994,15.499999999999972
2020-12-24,region_4,0.832,0.154,0.5,49.5,52.9,0,12,359,0,13.699999999999994,15.899999999999972
2020-12-25,region_4,0.832,0.154,0.3,48.3,54.5,0,12,360,0,1.599999999999993,15.79999999999997
2020-12-26,region_4,0.832,0.154,0.7,43.3,51.5,0,12,361,0,1.499999999999993,15.799999999999972
2020-12-27,region_4,0.832,0.154,12.2,45.1,52.5,0,12,362,0,13.199999999999992,27.79999999999997
2020-12-28,region_4,0.832,0.154,0.5,48.4,51.5,0,12,363,0,13.399999999999991,27.39999999999997
2020-12-29,region_4,0.832,0.154,0.8,50.2,48.9,0,12,364,0,13.499999999999993,15.799999999999972
2020-12-30,region_4,0.832,0.154,0.2,48.3,49.4,0,12,365,0,1.499999999999993,15.19999999999997
2020-12-31,region_4,0.832,0.154,0.7,45.5,46.4,0,12,366,0,1.6999999999999929,15.39999999999997
2021-01-01,region_4,0.832,0.154,0.5,40.6,48.3,0,1,1,0,1.3999999999999928,15.599999999999971
2021-01-02,region_4,0.832,0.154,0.2,38.4,47.9,0,1,2,0,1.3999999999999928,15.099999999999971
2021-01-03,region_4,0.832,0.154,0.1,37.8,46.7,0,1,3,0,0.7999999999999929,2.9999999999999716
2021-01-04,region_4,0.832,0.154,0.6,37.6,44.5,0,1,4,0,0.8999999999999929,3.0999999999999717
2021-01-05,region_4,0.832,0.154,0.1,36.3,44.6,0,1,5,0,0.7999999999999928,2.3999999999999715
2021-01-06,region_4,0.832,0.154,0.4,33.1,42.2,0,1,6,0,1.099999999999993,2.5999999999999717
2021-01-07,region_4,0.832,0.154,0.4,28.4,43.2,0,1,7,0,0.8999999999999929,2.2999999999999714
2021-01-08,region_4,0.832,0.154,0.2,30.9,42.5,0,1,8,0,0.9999999999999929,1.9999999999999716
2021-01-09,region_4,0.832,0.154,4.6,27.0,40.5,0,1,9,0,5.199999999999992,6.399999999999971
2021-01-10,region_4,0.832,0.154,1.0,31.3,39.7,0,1,10,0,5.799999999999992,7.299999999999971
2021-01-11,region_4,0.832,0.154,2.4,29.9,38.7,0,1,11,0,7.999999999999993,9.099999999999971
2021-01-12,region_4,0.832,0.154,0.1,28.4,40.7,0,1,12,0,3.499999999999993,9.099999999999971
2021-01-13,region_4,0.832,0.154,0.2,31.3,37.6,0,1,13,0,2.6999999999999926,8.89999999999997
2021-01-14,region_4,0.832,0.154,0.0,27.4,38.8,0,1,14,0,0.29999999999999294,8.49999999999997
2021-01-15,region_4,0.832,0.154,0.9,27.0,36.7,0,1,15,0,1.099999999999993,9.19999999999997
2021-01-16,region_4,0.832,0.154,0.0,26.9,34.8,0,1,16,0,0.899999999999993,4.599999999999971
2021-01-17,region_4,0.832,0.154,0.3,23.0,34.8,0,1,17,0,1.199999999999993,3.8999999999999715
2021-01-18,region_4,0.832,0.154,0.0,23.5,34.6,0,1,18,0,0.2999999999999929,1.4999999999999716
2021-01-19,region_4,0.832,0.154,0.2,19.8,33.5,0,1,19,0,0.4999999999999929,1.5999999999999717
2021-01-20,region_4,0.832,0.154,0.1,20.9,34.2,0,1,20,0,0.29999999999999294,1.4999999999999716
2021-01-21,region_4,0.832,0.154,0.4,19.1,32.4,0,1,21,0,0.699999999999993,1.8999999999999715
2021-01-22,region_4,0.832,0.154,0.6,19.2,32.3,0,1,22,0,1.099999999999993,1.5999999999999717
2021-01-23,region_4,0.832,0.154,1.9,18.7,31.3,0,1,23,0,2.899999999999993,3.4999999999999716
2021-01-24,region_4,0.832,0.154,0.6,18.1,30.7,0,1,24,0,3.099999999999993,3.799999999999972
2021-01-25,region_4,0.832,0.154,0.3,20.2,29.9,0,1,25,0,2.7999999999999927,4.099999999999972
2021-01-26,region_4,0.832,0.154,0.7,18.9,29.5,0,1,26,0,1.5999999999999928,4.599999999999971
2021-01-27,region_4,0.832,0.154,0.6,17.6,30.6,0,1,27,0,1.5999999999999928,5.099999999999972
2021-01-28,region_4,0.832,0.154,0.4,21.1,28.6,0,1,28,0,1.6999999999999926,5.099999999999971
2021-01-29,region_4,0.832,0.154,0.4,15.0,28.7,0,1,29,0,1.3999999999999928,4.899999999999972
2021-01-30,region_4,0.832,0.154,13.4,14.4,28.3,0,1,30,0,14.199999999999994,16.39999999999997
2021-01-31,region_4,0.832,0.154,1.4,26.3,26.3,0,1,31,0,15.199999999999994,17.19999999999997
2021-02-01,region_4,0.832,0.154,0.2,25.4,25.7,0,2,32,0,14.999999999999993,17.099999999999973
2021-02-02,region_4,0.832,0.154,0.0,24.7,24.9,0,2,33,0,1.5999999999999928,16.399999999999974
2021-02-03,region_4,0.832,0.154,0.0,24.0,25.0,0,2,34,0,0.1999999999999929,15.799999999999972
2021-02-04,region_4,0.832,0.154,3.7,22.8,26.0,0,2,35,0,3.699999999999993,19.099999999999973
2021-02-05,region_4,0.832,0.154,0.3,21.7,23.2,0,2,36,0,3.999999999999993,18.999999999999975
2021-02-06,region_4,0.832,0.154,1.5,21.8,24.9,0,2,37,0,5.499999999999993,7.099999999999972
2021-02-07,region_4,0.832,0.154,0.2,23.2,23.1,0,2,38,0,1.999999999999993,5.899999999999973
2021-02-08,region_4,0.832,0.154,0.0,19.2,24.1,0,2,39,0,1.6999999999999929,5.699999999999973
2021-02-09,region_4,0.832,0.154,1.9,19.1,22.5,0,2,40,0,2.0999999999999925,7.599999999999972
2021-02-10,region_4,0.832,0.154,0.4,23.4,23.2,0,2,41,0,2.2999999999999927,7.9999999999999725
2021-02-11,region_4,0.832,0.154,0.3,18.2,22.9,0,2,42,0,2.599999999999993,4.599999999999972
2021-02-12,region_4,0.832,0.154,0.2,20.0,21.0,0,2,43,0,0.8999999999999929,4.499999999999972
2021-02-13,region_4,0.832,0.154,0.0,18.5,21.0,0,2,44,0,0.4999999999999929,2.999999999999971
2021-02-14,region_4,0.832,0.154,20.3,18.2,20.4,0,2,45,0,20.499999999999993,23.099999999999973
2021-02-15,region_4,0.832,0.154,1.5,28.7,20.8,0,2,46,0,21.799999999999994,24.599999999999973
2021-02-16,region_4,0.832,0.154,1.7,30.9,20.5,0,2,47,0,23.499999999999993,24.399999999999974
2021-02-17,region_4,0.832,0.154,4.0,27.6,20.8,0,2,48,0,7.199999999999993,27.99999999999997
2021-02-18,region_4,0.832,0.154,1.0,30.8,22.4,0,2,49,0,6.699999999999993,28.69999999999997
2021-02-19,region_4,0.832,0.154,0.0,30.3,21.1,0,2,50,0,4.999999999999993,28.49999999999997
2021-02-20,region_4,0.832,0.154,3.0,29.4,18.0,0,2,51,0,3.999999999999993,31.49999999999997
2021-02-21,region_4,0.832,0.154,0.7,31.7,18.1,0,2,52,0,3.699999999999993,11.899999999999972
2021-02-22,region_4,0.832,0.154,0.4,27.6,19.4,0,2,53,0,4.0999999999999925,10.799999999999972
2021-02-23,region_4,0.832,0.154,11.7,29.2,17.7,0,2,54,0,12.799999999999992,20.799999999999972
2021-02-24,region_4,0.832,0.154,1.2,38.3,18.0,0,2,55,0,13.299999999999992,17.99999999999997
2021-02-25,region_4,0.832,0.154,0.7,34.1,17.3,0,2,56,0,13.599999999999993,17.69999999999997
2021-02-26,region_4,0.832,0.154,6.8,31.4,18.0,0,2,57,0,8.699999999999992,24.49999999999997
2021-02-27,region_4,0.832,0.154,14.5,37.4,17.0,0,2,58,0,21.999999999999993,35.99999999999997
2021-02-28,region_4,0.832,0.154,0.0,49.8,20.1,0,2,59,0,21.299999999999994,35.29999999999997
2021-03-01,region_4,0.832,0.154,0.4,47.6,19.4,0,3,60,0,14.899999999999993,35.29999999999997
2021-03-02,region_4,0.832,0.154,15.4,42.7,16.6,0,3,61,0,15.799999999999994,38.99999999999997
2021-03-03,region_4,0.832,0.154,13.3,53.3,20.8,0,3,62,0,29.099999999999994,51.099999999999966
2021-03-04,region_4,0.832,0.154,0.4,62.2,23.1,0,3,63,0,29.099999999999994,50.799999999999976
2021-03-05,region_4,0.832,0.154,1.2,59.9,22.6,0,3,64,0,14.899999999999993,45.19999999999997
2021-03-06,region_4,0.832,0.154,8.6,57.3,22.2,0,3,65,0,10.199999999999992,39.29999999999997
2021-03-07,region_4,0.832,0.154,15.8,61.8,22.8,0,3,66,0,25.599999999999994,55.09999999999997
2021-03-08,region_4,0.832,0.154,0.8,68.1,26.4,0,3,67,0,25.199999999999992,55.49999999999997
2021-03-09,region_4,0.832,0.154,0.2,64.3,24.7,0,3,68,0,16.799999999999997,40.29999999999997
2021-03-10,region_4,0.832,0.154,0.1,61.8,24.8,0,3,69,0,1.099999999999993,27.099999999999973
2021-03-11,region_4,0.832,0.154,0.5,58.8,26.3,0,3,70,0,0.7999999999999929,27.199999999999974
2021-03-12,region_4,0.832,0.154,0.3,56.8,24.5,0,3,71,0,0.899999999999993,26.29999999999997
2021-03-13,region_4,0.832,0.154,1.0,51.2,24.3,0,3,72,0,1.799999999999993,18.69999999999997
2021-03-14,region_4,0.832,0.154,8.8,50.6,25.4,0,3,73,0,10.099999999999994,11.699999999999973
2021-03-15,region_4,0.832,0.154,0.0,56.3,25.4,0,3,74,0,9.799999999999994,10.899999999999972
2021-03-16,region_4,0.832,0.154,2.0,54.3,26.3,0,3,75,0,10.799999999999994,12.699999999999973
2021-03-17,region_4,0.832,0.154,23.1,53.2,23.8,0,3,76,0,25.099999999999994,35.699999999999974
2021-03-18,region_4,0.832,0.154,29.0,61.3,26.5,0,3,77,0,54.099999999999994,64.19999999999997
2021-03-19,region_4,0.832,0.154,0.3,91.0,35.4,0,3,78,0,52.39999999999999,64.19999999999997
2021-03-20,region_4,0.832,0.154,0.3,85.2,35.5,0,3,79,0,29.599999999999994,63.49999999999998
2021-03-21,region_4,0.832,0.154,0.8,78.7,35.4,0,3,80,0,1.3999999999999928,55.49999999999997
2021-03-22,region_4,0.832,0.154,3.0,76.5,34.5,0,3,81,0,4.0999999999999925,58.49999999999997
2021-03-23,region_4,0.832,0.154,0.1,73.7,35.3,0,3,82,0,3.899999999999993,56.59999999999997
2021-03-24,region_4,0.832,0.154,11.1,72.9,33.0,0,3,83,0,14.199999999999992,44.59999999999997
2021-03-25,region_4,0.832,0.154,0.6,75.7,36.5,0,3,84,0,11.799999999999992,16.19999999999997
2021-03-26,region_4,0.832,0.154,1.7,72.2,37.2,0,3,85,0,13.399999999999991,17.59999999999997
2021-03-27,region_4,0.832,0.154,0.1,74.0,35.7,0,3,86,0,2.399999999999993,17.39999999999997
2021-03-28,region_4,0.832,0.154,3.6,68.0,33.9,0,3,87,0,5.399999999999993,20.199999999999974
2021-03-29,region_4,0.832,0.154,0.7,68.7,36.8,0,3,88,0,4.399999999999993,17.899999999999974
2021-03-30,region_4,0.832,0.154,0.8,64.0,34.2,0,3,89,0,5.099999999999993,18.599999999999973
2021-03-31,region_4,0.832,0.154,0.2,61.7,34.5,0,3,90,0,1.6999999999999929,7.699999999999972
2021-04-01,region_4,0.832,0.154,0.6,58.7,34.1,0,4,91,0,1.599999999999993,7.699999999999972
2021-04-02,region_4,0.832,0.154,0.6,57.8,31.7,0,4,92,0,1.3999999999999928,6.599999999999972
2021-04-03,region_4,0.832,0.154,0.2,55.3,31.9,0,4,93,0,1.399999999999993,6.699999999999972
2021-04-04,region_4,0.832,0.154,1.9,51.6,31.9,0,4,94,0,2.699999999999993,4.999999999999972
2021-04-05,region_4,0.832,0.154,24.3,48.7,32.9,0,4,95,0,26.399999999999995,28.599999999999973
2021-04-06,region_4,0.832,0.154,1.9,65.0,36.0,0,4,96,0,28.099999999999994,29.69999999999997
2021-04-07,region_4,0.832,0.154,1.7,61.3,38.1,0,4,97,0,27.899999999999995,31.199999999999974
2021-04-08,region_4,0.832,0.154,19.9,56.5,37.2,0,4,98,0,23.499999999999993,50.49999999999997
2021-04-09,region_4,0.832,0.154,37.2,75.9,37.8,0,4,99,0,58.8,87.09999999999997
2021-04-10,region_4,0.832,0.154,0.6,100.0,47.1,0,4,100,0,57.699999999999996,87.49999999999997
2021-04-11,region_4,0.832,0.154,1.1,95.7,45.5,0,4,101,0,38.9,86.69999999999997
2021-04-12,region_4,0.832,0.154,4.7,89.0,45.2,0,4,102,0,6.399999999999993,67.09999999999998
2021-04-13,region_4,0.832,0.154,0.1,92.2,46.9,0,4,103,0,5.899999999999993,65.29999999999997
2021-04-14,region_4,0.832,0.154,6.1,84.4,45.2,0,4,104,0,10.899999999999991,69.69999999999997
2021-04-15,region_4,0.832,0.154,0.3,90.3,47.8,0,4,105,0,6.499999999999992,50.09999999999997
2021-04-16,region_4,0.832,0.154,0.4,80.2,49.6,0,4,106,0,6.799999999999993,13.29999999999997
2021-04-17,region_4,0.832,0.154,0.7,80.9,47.9,0,4,107,0,1.3999999999999928,13.399999999999972
2021-04-18,region_4,0.832,0.154,43.6,78.5,44.7,0,4,108,0,44.699999999999996,55.89999999999998
2021-04-19,region_4,0.832,0.154,3.7,100.0,60.0,0,4,109,0,48.0,54.89999999999997
2021-04-20,region_4,0.832,0.154,0.5,97.6,62.1,0,4,110,0,47.8,55.29999999999997
2021-04-21,region_4,0.832,0.154,19.4,93.4,59.8,0,4,111,0,23.59999999999999,68.59999999999997
2021-04-22,region_4,0.832,0.154,7.3,97.4,67.6,0,4,112,0,27.199999999999992,75.59999999999997
2021-04-23,region_4,0.832,0.154,3.8,98.7,66.9,0,4,113,0,30.499999999999993,78.99999999999997
2021-04-24,region_4,0.832,0.154,0.6,97.9,68.4,0,4,114,0,11.699999999999992,78.89999999999996
2021-04-25,region_4,0.832,0.154,0.5,94.4,68.5,0,4,115,0,4.899999999999992,35.79999999999997
2021-04-26,region_4,0.832,0.154,12.2,90.2,68.0,0,4,116,0,13.299999999999992,44.29999999999997
2021-04-27,region_4,0.832,0.154,4.3,93.5,73.1,0,4,117,0,16.999999999999993,48.099999999999966
2021-04-28,region_4,0.832,0.154,9.3,94.3,72.4,0,4,118,0,25.799999999999994,37.99999999999997
2021-04-29,region_4,0.832,0.154,1.8,97.7,77.7,0,4,119,0,15.399999999999995,32.49999999999997
2021-04-30,region_4,0.832,0.154,25.6,90.1,78.2,0,4,120,0,36.699999999999996,54.299999999999976
2021-05-01,region_4,0.832,0.154,2.6,97.7,89.5,0,5,121,0,29.999999999999996,56.299999999999976
2021-05-02,region_4,0.832,0.154,2.2,98.8,90.9,0,5,122,0,30.399999999999995,57.99999999999997
2021-05-03,region_4,0.832,0.154,16.9,94.0,90.6,0,5,123,0,21.699999999999992,62.699999999999974
2021-05-04,region_4,0.832,0.154,38.0,100.0,98.0,0,5,124,0,57.099999999999994,96.39999999999998
2021-05-05,region_4,0.832,0.154,2.3,100.0,100.0,0,5,125,0,57.199999999999996,89.39999999999998
2021-05-06,region_4,0.832,0.154,5.2,98.6,99.3,0,5,126,0,45.5,92.79999999999998
2021-05-07,region_4,0.832,0.154,1.0,95.0,99.6,0,5,127,0,8.5,68.19999999999997
2021-05-08,region_4,0.832,0.154,2.1,91.0,98.6,0,5,128,0,8.3,67.69999999999997
2021-05-09,region_4,0.832,0.154,2.1,88.7,99.6,0,5,129,0,5.2,67.59999999999998
2021-05-10,region_4,0.832,0.154,4.2,87.2,95.9,0,5,130,0,8.4,54.89999999999997
2021-05-11,region_4,0.832,0.154,33.6,86.9,96.5,0,5,131,0,39.900000000000006,50.49999999999997
2021-05-12,region_4,0.832,0.154,0.3,97.5,100.0,0,5,132,0,38.099999999999994,48.49999999999997
2021-05-13,region_4,0.832,0.154,5.0,95.5,96.9,0,5,133,0,38.89999999999999,48.29999999999997
2021-05-14,region_4,0.832,0.154,33.2,95.5,97.1,0,5,134,0,38.5,80.49999999999997
2021-05-15,region_4,0.832,0.154,1.6,100.0,100.0,0,5,135,1,39.800000000000004,79.99999999999997
2021-05-16,region_4,0.832,0.154,0.5,98.0,98.9,0,5,136,1,35.300000000000004,78.39999999999996
2021-05-17,region_4,0.832,0.154,4.3,89.1,97.5,0,5,137,1,6.4,78.49999999999997
2021-05-18,region_4,0.832,0.154,59.6,87.2,97.4,0,5,138,1,64.4,104.49999999999997
2021-05-19,region_4,0.832,0.154,1.7,100.0,100.0,0,5,139,1,65.6,105.89999999999998
2021-05-20,region_4,0.832,0.154,2.0,98.8,99.1,0,5,140,1,63.300000000000004,102.89999999999998
2021-05-21,region_4,0.832,0.154,2.7,93.3,97.4,0,5,141,1,6.399999999999993,72.39999999999998
2021-05-22,region_4,0.832,0.154,0.1,90.3,98.4,0,5,142,1,4.799999999999993,70.89999999999998
2021-05-23,region_4,0.832,0.154,28.5,84.1,95.4,0,5,143,1,31.299999999999994,98.89999999999998
2021-05-24,region_4,0.832,0.154,2.3,99.0,99.6,0,5,144,1,30.899999999999995,96.89999999999996
2021-05-25,region_4,0.832,0.154,0.7,95.5,98.8,0,5,145,1,31.499999999999993,37.99999999999997
2021-05-26,region_4,0.832,0.154,0.3,92.4,96.3,0,5,146,1,3.2999999999999927,36.599999999999966
2021-05-27,region_4,0.832,0.154,0.7,87.5,96.8,0,5,147,1,1.6999999999999929,35.29999999999997
2021-05-28,region_4,0.832,0.154,36.2,85.5,93.2,0,5,148,1,37.199999999999996,68.79999999999998
2021-05-29,region_4,0.832,0.154,0.6,100.0,100.0,0,5,149,1,37.5,69.29999999999997
2021-05-30,region_4,0.832,0.154,1.9,95.2,96.0,0,5,150,1,38.699999999999996,42.699999999999974
2021-05-31,region_4,0.832,0.154,3.4,91.7,98.7,0,5,151,1,5.899999999999993,43.799999999999976
2021-06-01,region_4,0.832,0.154,0.3,89.0,97.3,0,6,152,1,5.599999999999993,43.39999999999998
2021-06-02,region_4,0.832,0.154,41.1,88.3,95.2,0,6,153,1,44.8,84.19999999999999
2021-06-03,region_4,0.832,0.154,9.8,98.4,99.9,0,6,154,1,51.2,93.29999999999998
2021-06-04,region_4,0.832,0.154,2.8,100.0,100.0,0,6,155,1,53.699999999999996,59.89999999999998
2021-06-05,region_4,0.832,0.154,15.0,95.8,100.0,0,6,156,1,27.599999999999994,74.29999999999998
2021-06-06,region_4,0.832,0.154,35.0,97.2,100.0,0,6,157,1,52.8,107.39999999999998
2021-06-07,region_4,0.832,0.154,8.8,99.4,100.0,0,6,158,1,58.8,112.79999999999998
2021-06-08,region_4,0.832,0.154,4.9,100.0,100.0,0,6,159,1,48.7,117.39999999999998
2021-06-09,region_4,0.832,0.154,4.0,97.0,100.0,0,6,160,1,17.700000000000003,80.29999999999997
2021-06-10,region_4,0.832,0.154,66.4,95.1,99.3,0,6,161,1,75.30000000000001,136.89999999999998
2021-06-11,region_4,0.832,0.154,41.3,98.2,100.0,0,6,162,1,111.7,175.39999999999998
2021-06-12,region_4,0.832,0.154,2.8,99.6,97.7,0,6,163,1,110.5,163.19999999999996
2021-06-13,region_4,0.832,0.154,10.1,96.6,98.4,0,6,164,1,54.199999999999996,138.29999999999995
2021-06-14,region_4,0.832,0.154,6.2,100.0,100.0,0,6,165,1,19.099999999999998,135.7
2021-06-15,region_4,0.832,0.154,11.3,100.0,99.5,0,6,166,1,27.599999999999998,142.09999999999997
2021-06-16,region_4,0.832,0.154,5.4,99.9,100.0,0,6,167,1,22.9,143.49999999999997
2021-06-17,region_4,0.832,0.154,3.9,96.4,99.8,0,6,168,1,20.6,80.99999999999997
2021-06-18,region_4,0.832,0.154,1.8,95.1,100.0,0,6,169,1,11.1,41.49999999999997
2021-06-19,region_4,0.832,0.154,1.2,94.1,98.6,0,6,170,1,6.9,39.89999999999997
2021-06-20,region_4,0.832,0.154,15.2,93.0,98.2,0,6,171,1,18.2,44.99999999999997
2021-06-21,region_4,0.832,0.154,20.3,94.8,99.4,0,6,172,1,36.7,59.099999999999966
2021-06-22,region_4,0.832,0.154,30.6,97.4,98.7,0,6,173,1,66.1,78.39999999999998
2021-06-23,region_4,0.832,0.154,1.0,100.0,100.0,0,6,174,1,51.900000000000006,73.99999999999997
2021-06-24,region_4,0.832,0.154,19.2,97.5,99.2,0,6,175,1,50.8,89.29999999999998
2021-06-25,region_4,0.832,0.154,5.4,100.0,100.0,0,6,176,1,25.6,92.89999999999998
2021-06-26,region_4,0.832,0.154,70.6,99.5,100.0,0,6,177,1,95.19999999999999,162.29999999999995
2021-06-27,region_4,0.832,0.154,35.0,98.9,98.9,0,6,178,1,110.99999999999999,182.09999999999997
2021-06-28,region_4,0.832,0.154,107.5,98.6,100.0,1,6,179,1,213.1,269.29999999999995
2021-06-29,region_4,0.832,0.154,11.3,100.0,100.0,0,6,180,1,153.8,249.99999999999997
2021-06-30,region_4,0.832,0.154,25.6,98.6,98.4,0,6,181,1,144.4,274.59999999999997
2021-07-01,region_4,0.832,0.154,24.6,100.0,100.0,0,7,182,1,61.5,279.99999999999994
2021-07-02,region_4,0.832,0.154,2.7,98.8,100.0,0,7,183,1,52.900000000000006,277.3
2021-07-03,region_4,0.832,0.154,2.6,98.4,98.9,0,7,184,1,29.900000000000002,209.29999999999995
2021-07-04,region_4,0.832,0.154,30.7,93.4,99.2,0,7,185,1,36.0,204.99999999999997
2021-07-05,region_4,0.832,0.154,0.3,99.8,99.6,0,7,186,1,33.599999999999994,97.79999999999997
2021-07-06,region_4,0.832,0.154,44.9,95.9,97.2,0,7,187,1,75.89999999999999,131.39999999999998
2021-07-07,region_4,0.832,0.154,25.4,100.0,100.0,0,7,188,1,70.6,131.19999999999996
2021-07-08,region_4,0.832,0.154,5.3,100.0,100.0,0,7,189,1,75.6,111.89999999999998
2021-07-09,region_4,0.832,0.154,10.1,98.9,99.5,0,7,190,1,40.8,119.29999999999997
2021-07-10,region_4,0.832,0.154,72.4,100.0,99.8,0,7,191,1,87.80000000000001,189.09999999999997
2021-07-11,region_4,0.832,0.154,1.7,98.3,100.0,0,7,192,1,84.20000000000002,160.09999999999997
2021-07-12,region_4,0.832,0.154,6.0,95.9,100.0,0,7,193,1,80.10000000000002,165.79999999999998
2021-07-13,region_4,0.832,0.154,3.6,97.4,98.5,0,7,194,1,11.300000000000015,124.49999999999997
2021-07-14,region_4,0.832,0.154,18.9,93.2,100.0,0,7,195,1,28.500000000000014,117.99999999999997
2021-07-15,region_4,0.832,0.154,14.7,98.9,99.3,0,7,196,1,37.20000000000002,127.39999999999998
2021-07-16,region_4,0.832,0.154,68.2,100.0,100.0,0,7,197,1,101.80000000000001,185.49999999999997
2021-07-17,region_4,0.832,0.154,3.9,100.0,99.8,0,7,198,1,86.80000000000003,116.99999999999997
2021-07-18,region_4,0.832,0.154,10.9,94.8,100.0,0,7,199,1,83.00000000000003,126.19999999999996
2021-07-19,region_4,0.832,0.154,4.5,98.7,100.0,0,7,200,1,19.30000000000003,124.69999999999996
2021-07-20,region_4,0.832,0.154,42.2,96.8,99.5,0,7,201,1,57.60000000000003,163.29999999999995
2021-07-21,region_4,0.832,0.154,0.9,98.4,99.7,0,7,202,1,47.60000000000003,145.29999999999995
2021-07-22,region_4,0.832,0.154,22.4,94.6,99.2,0,7,203,1,65.50000000000003,152.99999999999997
2021-07-23,region_4,0.832,0.154,41.2,100.0,99.0,0,7,204,1,64.50000000000003,125.99999999999996
2021-07-24,region_4,0.832,0.154,80.4,98.6,100.0,0,7,205,1,144.00000000000003,202.49999999999994
2021-07-25,region_4,0.832,0.154,3.7,98.0,98.3,0,7,206,1,125.30000000000003,195.29999999999995
2021-07-26,region_4,0.832,0.154,4.3,99.1,100.0,0,7,207,1,88.40000000000002,195.09999999999997
2021-07-27,region_4,0.832,0.154,26.9,96.1,100.0,0,7,208,1,34.90000000000001,179.79999999999995
2021-07-28,region_4,0.832,0.154,7.3,100.0,100.0,0,7,209,1,38.500000000000014,186.19999999999996
2021-07-29,region_4,0.832,0.154,8.6,100.0,100.0,0,7,210,1,42.80000000000001,172.39999999999995
2021-07-30,region_4,0.832,0.154,65.1,100.0,99.6,0,7,211,1,81.0,196.29999999999995
2021-07-31,region_4,0.832,0.154,1.0,99.8,99.8,0,7,212,1,74.7,116.89999999999995
2021-08-01,region_4,0.832,0.154,24.6,94.5,99.0,0,8,213,1,90.69999999999999,137.79999999999995
2021-08-02,region_4,0.832,0.154,2.0,100.0,99.8,0,8,214,1,27.6,135.49999999999994
2021-08-03,region_4,0.832,0.154,30.5,96.2,98.8,0,8,215,1,57.1,139.09999999999997
2021-08-04,region_4,0.832,0.154,4.5,100.0,100.0,0,8,216,1,37.0,136.29999999999995
2021-08-05,region_4,0.832,0.154,9.9,98.7,99.7,0,8,217,1,44.9,137.59999999999997
2021-08-06,region_4,0.832,0.154,0.5,100.0,100.0,0,8,218,1,14.9,72.99999999999996
2021-08-07,region_4,0.832,0.154,5.9,97.4,98.3,0,8,219,1,16.3,77.89999999999996
2021-08-08,region_4,0.832,0.154,15.1,94.1,100.0,0,8,220,1,21.5,68.39999999999996
2021-08-09,region_4,0.832,0.154,11.7,100.0,100.0,0,8,221,1,32.7,78.09999999999995
2021-08-10,region_4,0.832,0.154,88.3,100.0,98.8,1,8,222,1,115.1,135.89999999999995
2021-08-11,region_4,0.832,0.154,39.5,100.0,97.7,0,8,223,1,139.5,170.89999999999995
2021-08-12,region_4,0.832,0.154,0.9,97.9,99.6,0,8,224,1,128.70000000000002,161.89999999999995
2021-08-13,region_4,0.832,0.154,2.2,96.4,99.3,0,8,225,1,42.600000000000016,163.59999999999994
2021-08-14,region_4,0.832,0.154,40.3,91.3,98.9,0,8,226,1,43.40000000000001,197.99999999999994
2021-08-15,region_4,0.832,0.154,17.4,99.2,100.0,0,8,227,1,59.90000000000001,200.29999999999995
2021-08-16,region_4,0.832,0.154,5.1,100.0,99.0,0,8,228,1,62.80000000000001,193.69999999999996
2021-08-17,region_4,0.832,0.154,0.4,97.9,98.3,0,8,229,1,22.900000000000013,105.79999999999995
2021-08-18,region_4,0.832,0.154,0.1,94.3,98.7,0,8,230,1,5.600000000000014,66.39999999999995
2021-08-19,region_4,0.832,0.154,32.2,90.9,97.6,0,8,231,1,32.70000000000002,97.69999999999996
2021-08-20,region_4,0.832,0.154,44.0,100.0,100.0,0,8,232,1,76.30000000000001,139.49999999999997
2021-08-21,region_4,0.832,0.154,0.6,99.3,100.0,0,8,233,1,76.80000000000001,99.79999999999995
2021-08-22,region_4,0.832,0.154,1.9,95.7,99.0,0,8,234,1,46.500000000000014,84.29999999999995
2021-08-23,region_4,0.832,0.154,111.4,92.7,97.2,1,8,235,1,113.90000000000002,190.59999999999997
2021-08-24,region_4,0.832,0.154,82.0,100.0,98.8,0,8,236,1,195.3,272.19999999999993
2021-08-25,region_4,0.832,0.154,11.5,98.6,99.4,0,8,237,1,204.90000000000003,283.5999999999999
2021-08-26,region_4,0.832,0.154,35.3,99.6,97.7,0,8,238,1,128.8,286.69999999999993
2021-08-27,region_4,0.832,0.154,9.8,100.0,100.0,0,8,239,1,56.60000000000001,252.49999999999994
2021-08-28,region_4,0.832,0.154,14.9,100.0,100.0,0,8,240,1,60.000000000000014,266.79999999999995
2021-08-29,region_4,0.832,0.154,1.4,98.8,100.0,0,8,241,1,26.100000000000016,266.29999999999995
2021-08-30,region_4,0.832,0.154,3.5,96.6,98.6,0,8,242,1,19.800000000000015,158.39999999999995
2021-08-31,region_4,0.832,0.154,55.1,93.7,98.3,0,8,243,1,60.000000000000014,131.49999999999994
2021-09-01,region_4,0.832,0.154,9.9,98.5,100.0,0,9,244,1,68.50000000000001,129.89999999999995
2021-09-02,region_4,0.832,0.154,17.6,100.0,99.6,0,9,245,1,82.60000000000002,112.19999999999995
2021-09-03,region_4,0.832,0.154,13.4,99.1,100.0,0,9,246,1,40.90000000000001,115.79999999999995
2021-09-04,region_4,0.832,0.154,21.9,100.0,100.0,0,9,247,1,52.90000000000001,122.79999999999994
2021-09-05,region_4,0.832,0.154,0.6,98.8,99.4,0,9,248,1,35.90000000000001,121.99999999999994
2021-09-06,region_4,0.832,0.154,44.2,95.4,99.8,0,9,249,1,66.70000000000002,162.69999999999996
2021-09-07,region_4,0.832,0.154,3.3,100.0,100.0,0,9,250,1,48.100000000000016,110.89999999999995
2021-09-08,region_4,0.832,0.154,19.5,97.5,99.6,0,9,251,1,67.00000000000001,120.49999999999994
2021-09-09,region_4,0.832,0.154,27.1,97.9,100.0,0,9,252,1,49.90000000000002,129.99999999999994
2021-09-10,region_4,0.832,0.154,50.9,98.0,99.6,0,9,253,1,97.50000000000001,167.49999999999994
2021-09-11,region_4,0.832,0.154,53.5,100.0,99.7,0,9,254,1,131.5,199.09999999999997
2021-09-12,region_4,0.832,0.154,79.6,100.0,99.1,0,9,255,1,184.0,278.0999999999999
2021-09-13,region_4,0.832,0.154,4.4,98.1,99.0,0,9,256,1,137.50000000000003,238.29999999999995
2021-09-14,region_4,0.832,0.154,11.5,95.2,100.0,0,9,257,1,95.50000000000001,246.49999999999994
2021-09-15,region_4,0.832,0.154,0.9,100.0,99.1,0,9,258,1,16.800000000000015,227.89999999999995
2021-09-16,region_4,0.832,0.154,41.2,96.6,97.8,0,9,259,1,53.600000000000016,241.99999999999994
2021-09-17,region_4,0.832,0.154,2.4,100.0,100.0,0,9,260,1,44.500000000000014,193.49999999999994
2021-09-18,region_4,0.832,0.154,3.4,97.7,100.0,0,9,261,1,47.000000000000014,143.39999999999995
2021-09-19,region_4,0.832,0.154,4.7,95.7,99.6,0,9,262,1,10.500000000000014,68.49999999999994
2021-09-20,region_4,0.832,0.154,0.2,96.5,99.5,0,9,263,1,8.300000000000013,64.29999999999994
2021-09-21,region_4,0.832,0.154,21.4,88.1,99.5,0,9,264,1,26.30000000000001,74.19999999999995
2021-09-22,region_4,0.832,0.154,0.2,100.0,98.8,0,9,265,1,21.80000000000001,73.49999999999994
2021-09-23,region_4,0.832,0.154,11.8,97.9,98.4,0,9,266,0,33.40000000000001,44.09999999999994
2021-09-24,region_4,0.832,0.154,6.7,98.2,98.5,0,9,267,0,18.700000000000014,48.39999999999994
2021-09-25,region_4,0.832,0.154,0.9,97.1,99.3,0,9,268,0,19.400000000000016,45.89999999999994
2021-09-26,region_4,0.832,0.154,3.7,92.3,97.9,0,9,269,0,11.300000000000015,44.89999999999994
2021-09-27,region_4,0.832,0.154,33.8,89.3,99.7,0,9,270,0,38.40000000000001,78.49999999999994
2021-09-28,region_4,0.832,0.154,6.2,95.4,99.3,0,9,271,0,43.70000000000002,63.29999999999995
2021-09-29,region_4,0.832,0.154,5.8,100.0,99.7,0,9,272,0,45.80000000000001,68.89999999999995
2021-09-30,region_4,0.832,0.154,0.0,98.7,99.5,0,9,273,0,12.000000000000014,57.099999999999945
2021-10-01,region_4,0.832,0.154,37.9,94.2,97.9,0,10,274,0,43.70000000000001,88.29999999999994
2021-10-02,region_4,0.832,0.154,5.1,98.5,100.0,0,10,275,0,43.000000000000014,92.49999999999993
2021-10-03,region_4,0.832,0.154,3.7,99.1,99.7,0,10,276,0,46.70000000000001,92.49999999999994
2021-10-04,region_4,0.832,0.154,2.7,98.6,100.0,0,10,277,0,11.500000000000014,61.39999999999994
2021-10-05,region_4,0.832,0.154,1.0,93.5,100.0,0,10,278,0,7.400000000000015,56.19999999999994
2021-10-06,region_4,0.832,0.154,0.8,93.4,99.1,0,10,279,0,4.500000000000014,51.19999999999994
2021-10-07,region_4,0.832,0.154,2.8,86.4,98.3,0,10,280,0,4.600000000000014,53.99999999999994
2021-10-08,region_4,0.832,0.154,0.3,85.0,95.4,0,10,281,0,3.9000000000000137,16.39999999999994
2021-10-09,region_4,0.832,0.154,3.4,82.3,94.7,0,10,282,0,6.500000000000014,14.699999999999942
2021-10-10,region_4,0.832,0.154,50.3,80.7,93.9,0,10,283,0,54.000000000000014,61.29999999999994
2021-10-11,region_4,0.832,0.154,0.0,100.0,100.0,0,10,284,0,53.70000000000002,58.59999999999994
2021-10-12,region_4,0.832,0.154,21.0,98.9,98.7,0,10,285,0,71.30000000000001,78.59999999999994
2021-10-13,region_4,0.832,0.154,40.2,100.0,100.0,0,10,286,0,61.20000000000002,117.99999999999994
2021-10-14,region_4,0.832,0.154,16.8,100.0,100.0,0,10,287,0,78.00000000000001,131.99999999999994
2021-10-15,region_4,0.832,0.154,14.5,100.0,99.8,0,10,288,0,71.50000000000001,146.19999999999993
2021-10-16,region_4,0.832,0.154,41.8,98.8,100.0,0,10,289,0,73.10000000000001,184.5999999999999
2021-10-17,region_4,0.832,0.154,1.3,100.0,98.8,0,10,290,0,57.60000000000001,135.59999999999994
2021-10-18,region_4,0.832,0.154,2.9,99.5,98.9,0,10,291,0,46.000000000000014,138.49999999999994
2021-10-19,region_4,0.832,0.154,0.5,93.4,100.0,0,10,292,0,4.700000000000014,117.99999999999994
2021-10-20,region_4,0.832,0.154,17.0,90.9,96.7,0,10,293,0,20.400000000000013,94.79999999999994
2021-10-21,region_4,0.832,0.154,1.1,96.9,99.7,0,10,294,0,18.600000000000016,79.09999999999994
2021-10-22,region_4,0.832,0.154,3.4,92.5,99.7,0,10,295,0,21.500000000000014,67.99999999999994
2021-10-23,region_4,0.832,0.154,1.0,90.7,98.5,0,10,296,0,5.500000000000014,27.199999999999942
2021-10-24,region_4,0.832,0.154,7.5,90.3,96.2,0,10,297,0,11.900000000000015,33.39999999999994
2021-10-25,region_4,0.832,0.154,0.8,89.8,100.0,0,10,298,0,9.300000000000015,31.299999999999944
2021-10-26,region_4,0.832,0.154,4.2,84.9,97.4,0,10,299,0,12.500000000000014,34.99999999999994
2021-10-27,region_4,0.832,0.154,1.5,83.5,96.6,0,10,300,0,6.500000000000014,19.499999999999943
2021-10-28,region_4,0.832,0.154,0.3,80.6,97.1,0,10,301,0,6.000000000000014,18.699999999999942
2021-10-29,region_4,0.832,0.154,1.1,77.3,93.2,0,10,302,0,2.9000000000000146,16.39999999999994
2021-10-30,region_4,0.832,0.154,1.4,72.8,91.3,0,10,303,0,2.800000000000014,16.799999999999944
2021-10-31,region_4,0.832,0.154,0.3,72.1,91.2,0,10,304,0,2.8000000000000145,9.599999999999943
2021-11-01,region_4,0.832,0.154,1.9,69.6,89.9,0,11,305,0,3.600000000000014,10.699999999999942
2021-11-02,region_4,0.832,0.154,1.1,66.1,86.8,0,11,306,0,3.300000000000014,7.599999999999943
2021-11-03,region_4,0.832,0.154,3.1,61.9,86.4,0,11,307,0,6.100000000000015,9.199999999999942
2021-11-04,region_4,0.832,0.154,26.2,63.6,86.0,0,11,308,0,30.400000000000013,35.09999999999994
2021-11-05,region_4,0.832,0.154,38.1,79.7,91.0,0,11,309,0,67.4,72.09999999999994
2021-11-06,region_4,0.832,0.154,2.1,97.8,99.2,0,11,310,0,66.40000000000002,72.79999999999995
2021-11-07,region_4,0.832,0.154,0.4,97.6,98.7,0,11,311,0,40.600000000000016,72.89999999999995
2021-11-08,region_4,0.832,0.154,25.2,88.5,97.7,0,11,312,0,27.700000000000014,96.19999999999995
2021-11-09,region_4,0.832,0.154,0.1,100.0,100.0,0,11,313,0,25.700000000000014,95.19999999999995
2021-11-10,region_4,0.832,0.154,2.2,96.4,97.9,0,11,314,0,27.500000000000014,94.29999999999994
2021-11-11,region_4,0.832,0.154,1.1,95.4,96.0,0,11,315,0,3.4000000000000146,69.19999999999995
2021-11-12,region_4,0.832,0.154,4.3,85.9,95.5,0,11,316,0,7.600000000000014,35.39999999999995
2021-11-13,region_4,0.832,0.154,0.1,86.6,97.4,0,11,317,0,5.500000000000014,33.39999999999995
2021-11-14,region_4,0.832,0.154,0.1,81.7,94.9,0,11,318,0,4.500000000000015,33.09999999999995
2021-11-15,region_4,0.832,0.154,0.8,79.6,91.5,0,11,319,0,1.0000000000000142,8.69999999999995
2021-11-16,region_4,0.832,0.154,1.7,74.0,93.7,0,11,320,0,2.6000000000000143,10.299999999999951
2021-11-17,region_4,0.832,0.154,2.4,76.2,91.2,0,11,321,0,4.900000000000014,10.49999999999995
2021-11-18,region_4,0.832,0.154,0.2,69.3,90.2,0,11,322,0,4.300000000000014,9.59999999999995
2021-11-19,region_4,0.832,0.154,1.1,67.6,87.3,0,11,323,0,3.7000000000000135,6.39999999999995
2021-11-20,region_4,0.832,0.154,0.4,65.9,86.5,0,11,324,0,1.700000000000014,6.69999999999995
2021-11-21,region_4,0.832,0.154,0.6,62.9,84.3,0,11,325,0,2.100000000000014,7.1999999999999496
2021-11-22,region_4,0.832,0.154,0.5,59.1,83.8,0,11,326,0,1.5000000000000138,6.89999999999995
2021-11-23,region_4,0.832,0.154,5.0,54.5,82.2,0,11,327,0,6.100000000000014,10.19999999999995
2021-11-24,region_4,0.832,0.154,0.2,57.0,79.0,0,11,328,0,5.700000000000014,7.99999999999995
2021-11-25,region_4,0.832,0.154,0.1,52.4,80.6,0,11,329,0,5.300000000000013,7.89999999999995
2021-11-26,region_4,0.832,0.154,0.5,52.0,78.6,0,11,330,0,0.8000000000000134,7.29999999999995
2021-11-27,region_4,0.832,0.154,0.9,50.4,77.1,0,11,331,0,1.5000000000000133,7.79999999999995
2021-11-28,region_4,0.832,0.154,10.7,47.5,74.4,0,11,332,0,12.100000000000012,17.89999999999995
2021-11-29,region_4,0.832,0.154,0.5,53.5,75.1,0,11,333,0,12.100000000000012,17.89999999999995
2021-11-30,region_4,0.832,0.154,0.2,50.2,71.6,0,11,334,0,11.400000000000011,13.099999999999948
2021-12-01,region_4,0.832,0.154,0.2,53.4,72.6,0,12,335,0,0.9000000000000125,13.09999999999995
2021-12-02,region_4,0.832,0.154,1.1,48.0,70.5,0,12,336,0,1.5000000000000124,14.099999999999948
2021-12-03,region_4,0.832,0.154,41.9,43.9,70.1,0,12,337,0,43.20000000000001,55.49999999999994
2021-12-04,region_4,0.832,0.154,1.2,73.3,72.6,0,12,338,0,44.20000000000001,55.799999999999955
2021-12-05,region_4,0.832,0.154,0.1,72.7,72.2,0,12,339,0,43.20000000000001,45.199999999999946
2021-12-06,region_4,0.832,0.154,19.1,65.6,71.2,0,12,340,0,20.400000000000016,63.799999999999955
2021-12-07,region_4,0.832,0.154,9.8,79.3,75.2,0,12,341,0,29.000000000000018,73.39999999999995
2021-12-08,region_4,0.832,0.154,0.3,85.2,76.8,0,12,342,0,29.200000000000017,73.49999999999996
2021-12-09,region_4,0.832,0.154,1.3,81.5,76.6,0,12,343,0,11.400000000000015,73.69999999999996
2021-12-10,region_4,0.832,0.154,0.6,77.6,73.8,0,12,344,0,2.2000000000000144,32.399999999999956
2021-12-11,region_4,0.832,0.154,1.0,73.8,72.3,0,12,345,0,2.900000000000014,32.19999999999995
2021-12-12,region_4,0.832,0.154,0.5,73.2,73.2,0,12,346,0,2.1000000000000143,32.59999999999995
2021-12-13,region_4,0.832,0.154,0.6,66.1,70.0,0,12,347,0,2.100000000000014,14.099999999999952
2021-12-14,region_4,0.832,0.154,0.1,63.8,70.1,0,12,348,0,1.2000000000000142,4.399999999999951
2021-12-15,region_4,0.832,0.154,1.9,64.3,67.1,0,12,349,0,2.6000000000000143,5.99999999999995
2021-12-16,region_4,0.832,0.154,0.3,59.9,66.3,0,12,350,0,2.300000000000014,4.999999999999949
2021-12-17,region_4,0.832,0.154,22.2,58.0,67.5,0,12,351,0,24.400000000000013,26.599999999999948
2021-12-18,region_4,0.832,0.154,0.9,73.3,69.8,0,12,352,0,23.400000000000013,26.499999999999947
2021-12-19,region_4,0.832,0.154,0.0,74.6,68.4,0,12,353,0,23.100000000000012,25.999999999999947
2021-12-20,region_4,0.832,0.154,1.0,66.1,67.7,0,12,354,0,1.9000000000000141,26.399999999999945
2021-12-21,region_4,0.832,0.154,1.3,65.9,65.8,0,12,355,0,2.300000000000014,27.599999999999948
2021-12-22,region_4,0.832,0.154,0.0,59.5,64.3,0,12,356,0,2.300000000000014,25.699999999999946
2021-12-23,region_4,0.832,0.154,6.8,59.5,62.9,0,12,357,0,8.100000000000014,32.199999999999946
2021-12-24,region_4,0.832,0.154,0.0,63.4,64.0,0,12,358,0,6.800000000000014,9.99999999999995
2021-12-25,region_4,0.832,0.154,0.2,60.0,62.2,0,12,359,0,7.000000000000014,9.29999999999995
2021-12-26,region_4,0.832,0.154,0.1,56.7,60.8,0,12,360,0,0.30000000000001426,9.39999999999995
2021-12-27,region_4,0.832,0.154,0.3,54.3,61.7,0,12,361,0,0.6000000000000142,8.69999999999995
2021-12-28,region_4,0.832,0.154,0.2,49.7,59.5,0,12,362,0,0.6000000000000142,7.59999999999995
2021-12-29,region_4,0.832,0.154,0.0,49.6,56.8,0,12,363,0,0.5000000000000142,7.59999999999995
2021-12-30,region_4,0.832,0.154,0.0,49.0,58.2,0,12,364,0,0.20000000000001417,0.7999999999999503
2021-12-31,region_4,0.832,0.154,3.9,42.8,54.8,0,12,365,0,3.900000000000014,4.69999999999995
2022-01-01,region_4,0.832,0.154,1.4,47.0,54.7,0,1,1,0,5.300000000000014,5.89999999999995
2022-01-02,region_4,0.832,0.154,19.9,43.5,53.9,0,1,2,0,25.200000000000014,25.69999999999995
2022-01-03,region_4,0.832,0.154,2.5,54.9,56.0,0,1,3,0,23.800000000000015,27.89999999999995
2022-01-04,region_4,0.832,0.154,0.1,50.0,55.4,0,1,4,0,22.500000000000014,27.79999999999995
2022-01-05,region_4,0.832,0.154,22.4,49.3,52.4,0,1,5,0,25.000000000000014,50.199999999999946
2022-01-06,region_4,0.832,0.154,0.0,66.7,56.3,0,1,6,0,22.500000000000014,50.199999999999946
2022-01-07,region_4,0.832,0.154,1.4,65.3,53.9,0,1,7,0,23.80000000000001,47.69999999999995
2022-01-08,region_4,0.832,0.154,1.4,60.5,54.2,0,1,8,0,2.800000000000014,47.69999999999995
2022-01-09,region_4,0.832,0.154,31.1,58.2,52.0,0,1,9,0,33.90000000000001,58.89999999999995
2022-01-10,region_4,0.832,0.154,0.1,82.7,59.3,0,1,10,0,32.600000000000016,56.49999999999995
2022-01-11,region_4,0.832,0.154,1.2,82.5,56.6,0,1,11,0,32.40000000000001,57.59999999999995
2022-01-12,region_4,0.832,0.154,2.9,78.0,57.3,0,1,12,0,4.200000000000014,38.09999999999995
2022-01-13,region_4,0.832,0.154,8.0,74.6,56.2,0,1,13,0,12.100000000000016,46.09999999999995
2022-01-14,region_4,0.832,0.154,8.5,77.6,59.3,0,1,14,0,19.400000000000013,53.19999999999995
2022-01-15,region_4,0.832,0.154,0.0,77.3,60.3,0,1,15,0,16.500000000000014,51.799999999999955
2022-01-16,region_4,0.832,0.154,1.0,75.2,59.4,0,1,16,0,9.500000000000016,21.69999999999995
2022-01-17,region_4,0.832,0.154,0.1,72.2,57.7,0,1,17,0,1.100000000000016,21.69999999999995
2022-01-18,region_4,0.832,0.154,0.1,69.8,57.4,0,1,18,0,1.200000000000016,20.599999999999948
2022-01-19,region_4,0.832,0.154,0.2,68.6,54.4,0,1,19,0,0.400000000000016,17.89999999999995
2022-01-20,region_4,0.832,0.154,0.3,63.1,55.9,0,1,20,0,0.6000000000000161,10.19999999999995
2022-01-21,region_4,0.832,0.154,0.7,58.9,56.3,0,1,21,0,1.200000000000016,2.39999999999995
2022-01-22,region_4,0.832,0.154,0.6,57.5,53.4,0,1,22,0,1.600000000000016,2.9999999999999503
2022-01-23,region_4,0.832,0.154,0.4,55.1,53.3,0,1,23,0,1.700000000000016,2.39999999999995
2022-01-24,region_4,0.832,0.154,0.3,52.9,50.6,0,1,24,0,1.300000000000016,2.59999999999995
2022-01-25,region_4,0.832,0.154,17.7,50.6,51.1,0,1,25,0,18.400000000000016,20.19999999999995
2022-01-26,region_4,0.832,0.154,0.3,62.0,53.3,0,1,26,0,18.30000000000002,20.29999999999995
2022-01-27,region_4,0.832,0.154,1.4,56.9,52.5,0,1,27,0,19.400000000000016,21.39999999999995
2022-01-28,region_4,0.832,0.154,0.3,58.6,51.6,0,1,28,0,2.0000000000000178,20.99999999999995
2022-01-29,region_4,0.832,0.154,0.4,52.6,50.3,0,1,29,0,2.100000000000018,20.799999999999947
2022-01-30,region_4,0.832,0.154,0.4,52.0,49.1,0,1,30,0,1.1000000000000179,20.79999999999995
2022-01-31,region_4,0.832,0.154,1.6,47.6,48.0,0,1,31,0,2.400000000000018,22.099999999999948
2022-02-01,region_4,0.832,0.154,14.9,46.4,49.3,0,2,32,0,16.90000000000002,19.29999999999995
2022-02-02,region_4,0.832,0.154,0.3,58.0,48.5,0,2,33,0,16.80000000000002,19.29999999999995
2022-02-03,region_4,0.832,0.154,1.3,55.0,47.2,0,2,34,0,16.500000000000018,19.199999999999953
2022-02-04,region_4,0.832,0.154,0.3,53.8,48.1,0,2,35,0,1.900000000000018,19.19999999999995
2022-02-05,region_4,0.832,0.154,0.8,51.3,46.5,0,2,36,0,2.400000000000018,19.59999999999995
2022-02-06,region_4,0.832,0.154,2.5,44.8,45.8,0,2,37,0,3.6000000000000183,21.69999999999995
2022-02-07,region_4,0.832,0.154,0.2,47.8,44.9,0,2,38,0,3.5000000000000187,20.29999999999995
2022-02-08,region_4,0.832,0.154,0.3,45.1,45.4,0,2,39,0,3.000000000000018,5.69999999999995
2022-02-09,region_4,0.832,0.154,0.0,41.3,42.6,0,2,40,0,0.5000000000000182,5.399999999999951
2022-02-10,region_4,0.832,0.154,0.1,39.6,41.6,0,2,41,0,0.40000000000001823,4.1999999999999496
2022-02-11,region_4,0.832,0.154,2.6,37.2,40.5,0,2,42,0,2.7000000000000184,6.49999999999995
2022-02-12,region_4,0.832,0.154,1.8,39.9,41.0,0,2,43,0,4.500000000000019,7.49999999999995
2022-02-13,region_4,0.832,0.154,1.6,40.4,40.7,0,2,44,0,6.000000000000019,6.59999999999995
2022-02-14,region_4,0.832,0.154,0.2,38.1,38.7,0,2,45,0,3.6000000000000183,6.599999999999951
2022-02-15,region_4,0.832,0.154,0.7,33.5,39.5,0,2,46,0,2.500000000000018,6.999999999999951
2022-02-16,region_4,0.832,0.154,0.6,34.7,38.4,0,2,47,0,1.5000000000000182,7.59999999999995
2022-02-17,region_4,0.832,0.154,0.3,31.3,38.8,0,2,48,0,1.600000000000018,7.79999999999995
2022-02-18,region_4,0.832,0.154,6.7,35.7,38.4,0,2,49,0,7.600000000000018,11.899999999999949
2022-02-19,region_4,0.832,0.154,6.4,37.3,35.8,0,2,50,0,13.40000000000002,16.49999999999995
2022-02-20,region_4,0.832,0.154,9.5,39.5,35.6,0,2,51,0,22.60000000000002,24.39999999999995
2022-02-21,region_4,0.832,0.154,1.3,41.2,35.0,0,2,52,0,17.20000000000002,25.49999999999995
2022-02-22,region_4,0.832,0.154,0.7,43.9,35.3,0,2,53,0,11.500000000000018,25.49999999999995
2022-02-23,region_4,0.832,0.154,0.4,41.3,32.9,0,2,54,0,2.4000000000000177,25.299999999999947
2022-02-24,region_4,0.832,0.154,0.1,38.9,33.2,0,2,55,0,1.2000000000000177,25.099999999999948
2022-02-25,region_4,0.832,0.154,7.6,38.0,34.5,0,2,56,0,8.100000000000017,25.99999999999995
2022-02-26,region_4,0.832,0.154,0.7,37.5,34.5,0,2,57,0,8.400000000000016,20.29999999999995
2022-02-27,region_4,0.832,0.154,0.0,39.5,34.0,0,2,58,0,8.300000000000017,10.79999999999995
2022-02-28,region_4,0.832,0.154,0.1,36.9,32.8,0,2,59,0,0.8000000000000177,9.59999999999995
2022-03-01,region_4,0.832,0.154,5.4,34.6,32.4,0,3,60,0,5.500000000000018,14.299999999999951
2022-03-02,region_4,0.832,0.154,0.0,36.6,32.8,0,3,61,0,5.500000000000018,13.899999999999949
2022-03-03,region_4,0.832,0.154,0.1,35.4,30.8,0,3,62,0,5.500000000000018,13.89999999999995
2022-03-04,region_4,0.832,0.154,10.9,33.9,31.2,0,3,63,0,11.000000000000018,17.199999999999953
2022-03-05,region_4,0.832,0.154,53.9,42.8,31.9,0,3,64,0,64.90000000000002,70.39999999999995
2022-03-06,region_4,0.832,0.154,19.1,77.1,34.9,0,3,65,0,83.90000000000002,89.49999999999996
2022-03-07,region_4,0.832,0.154,0.1,82.1,40.9,0,3,66,0,73.10000000000001,89.49999999999996
2022-03-08,region_4,0.832,0.154,0.2,81.4,41.3,0,3,67,0,19.400000000000016,84.29999999999995
2022-03-09,region_4,0.832,0.154,0.0,78.1,37.3,0,3,68,0,0.30000000000001426,84.29999999999995
2022-03-10,region_4,0.832,0.154,0.8,74.3,36.1,0,3,69,0,1.0000000000000142,84.99999999999996
2022-03-11,region_4,0.832,0.154,0.3,74.1,38.0,0,3,70,0,1.1000000000000143,74.39999999999996
2022-03-12,region_4,0.832,0.154,0.1,66.7,36.1,0,3,71,0,1.2000000000000144,20.59999999999996
2022-03-13,region_4,0.832,0.154,0.4,62.6,38.7,0,3,72,0,0.8000000000000144,1.8999999999999575
2022-03-14,region_4,0.832,0.154,1.9,63.2,38.2,0,3,73,0,2.4000000000000146,3.6999999999999575
2022-03-15,region_4,0.832,0.154,0.0,60.6,36.2,0,3,74,0,2.300000000000014,3.4999999999999574
2022-03-16,region_4,0.832,0.154,0.5,58.9,33.4,0,3,75,0,2.4000000000000146,3.9999999999999574
2022-03-17,region_4,0.832,0.154,0.3,51.6,33.5,0,3,76,0,0.8000000000000145,3.4999999999999574
2022-03-18,region_4,0.832,0.154,0.2,51.5,33.2,0,3,77,0,1.0000000000000144,3.3999999999999577
2022-03-19,region_4,0.832,0.154,14.3,50.9,33.3,0,3,78,0,14.800000000000015,17.59999999999996
2022-03-20,region_4,0.832,0.154,1.8,59.1,32.5,0,3,79,0,16.300000000000015,18.99999999999996
2022-03-21,region_4,0.832,0.154,1.3,60.8,35.8,0,3,80,0,17.400000000000016,18.39999999999996
2022-03-22,region_4,0.832,0.154,2.7,55.0,33.6,0,3,81,0,5.800000000000015,21.09999999999996
2022-03-23,region_4,0.832,0.154,0.0,59.1,33.2,0,3,82,0,4.000000000000014,20.59999999999996
2022-03-24,region_4,0.832,0.154,13.9,52.9,33.4,0,3,83,0,16.600000000000016,34.19999999999996
2022-03-25,region_4,0.832,0.154,0.5,60.4,35.1,0,3,84,0,14.400000000000015,34.499999999999964
2022-03-26,region_4,0.832,0.154,57.1,55.8,33.2,0,3,85,0,71.50000000000001,77.29999999999995
2022-03-27,region_4,0.832,0.154,2.9,94.5,44.0,0,3,86,0,60.500000000000014,78.39999999999996
2022-03-28,region_4,0.832,0.154,1.2,95.4,43.0,0,3,87,0,61.20000000000002,78.29999999999997
2022-03-29,region_4,0.832,0.154,1.6,88.2,43.1,0,3,88,0,5.700000000000014,77.19999999999996
2022-03-30,region_4,0.832,0.154,1.3,86.2,44.5,0,3,89,0,4.100000000000014,78.49999999999997
2022-03-31,region_4,0.832,0.154,0.0,85.0,41.5,0,3,90,0,2.900000000000014,64.59999999999997
2022-04-01,region_4,0.832,0.154,6.4,77.6,41.6,0,4,91,0,7.700000000000014,70.49999999999996
2022-04-02,region_4,0.832,0.154,0.4,82.1,45.5,0,4,92,0,6.800000000000015,13.799999999999958
2022-04-03,region_4,0.832,0.154,1.0,76.6,43.7,0,4,93,0,7.800000000000015,11.899999999999958
2022-04-04,region_4,0.832,0.154,0.9,71.5,42.1,0,4,94,0,2.300000000000014,11.599999999999959
2022-04-05,region_4,0.832,0.154,0.2,72.3,42.2,0,4,95,0,2.1000000000000143,10.199999999999958
2022-04-06,region_4,0.832,0.154,0.0,71.3,41.1,0,4,96,0,1.1000000000000143,8.899999999999958
2022-04-07,region_4,0.832,0.154,0.2,66.0,39.3,0,4,97,0,0.40000000000001434,9.099999999999957
2022-04-08,region_4,0.832,0.154,1.4,61.7,38.7,0,4,98,0,1.6000000000000143,4.099999999999957
2022-04-09,region_4,0.832,0.154,0.5,58.5,39.6,0,4,99,0,2.1000000000000143,4.1999999999999575
2022-04-10,region_4,0.832,0.154,1.3,57.2,37.1,0,4,100,0,3.2000000000000144,4.499999999999957
2022-04-11,region_4,0.832,0.154,2.9,56.2,37.7,0,4,101,0,4.700000000000014,6.499999999999957
2022-04-12,region_4,0.832,0.154,1.2,53.0,37.1,0,4,102,0,5.400000000000015,7.499999999999957
2022-04-13,region_4,0.832,0.154,1.8,49.5,37.6,0,4,103,0,5.900000000000015,9.299999999999958
2022-04-14,region_4,0.832,0.154,0.7,49.3,38.0,0,4,104,0,3.7000000000000144,9.799999999999958
2022-04-15,region_4,0.832,0.154,16.3,48.5,36.3,0,4,105,0,18.800000000000015,24.69999999999996
2022-04-16,region_4,0.832,0.154,11.9,56.6,38.1,0,4,106,0,28.900000000000013,36.09999999999996
2022-04-17,region_4,0.832,0.154,0.1,61.8,40.7,0,4,107,0,28.300000000000015,34.89999999999996
2022-04-18,region_4,0.832,0.154,0.3,59.3,37.9,0,4,108,0,12.300000000000015,32.299999999999955
2022-04-19,region_4,0.832,0.154,0.8,55.3,38.3,0,4,109,0,1.2000000000000144,31.89999999999996
2022-04-20,region_4,0.832,0.154,4.7,54.8,38.8,0,4,110,0,5.800000000000015,34.799999999999955
2022-04-21,region_4,0.832,0.154,0.3,54.7,39.6,0,4,111,0,5.800000000000014,34.399999999999956
2022-04-22,region_4,0.832,0.154,2.1,51.9,38.5,0,4,112,0,7.100000000000014,20.199999999999957
2022-04-23,region_4,0.832,0.154,0.3,51.5,36.1,0,4,113,0,2.700000000000014,8.599999999999957
2022-04-24,region_4,0.832,0.154,10.8,48.2,35.5,0,4,114,0,13.200000000000015,19.299999999999958
2022-04-25,region_4,0.832,0.154,4.1,56.6,37.6,0,4,115,0,15.200000000000015,23.09999999999996
2022-04-26,region_4,0.832,0.154,0.5,54.6,37.6,0,4,116,0,15.400000000000015,22.799999999999955
2022-04-27,region_4,0.832,0.154,0.6,52.8,36.9,0,4,117,0,5.2000000000000135,18.699999999999957
2022-04-28,region_4,0.832,0.154,8.8,53.1,33.4,0,4,118,0,9.900000000000015,27.199999999999957
2022-04-29,region_4,0.832,0.154,6.6,53.1,34.9,0,4,119,0,16.000000000000014,31.69999999999996
2022-04-30,region_4,0.832,0.154,1.1,57.9,38.3,0,4,120,0,16.500000000000014,32.49999999999996
2022-05-01,region_4,0.832,0.154,5.8,53.8,36.8,0,5,121,0,13.500000000000014,27.499999999999957
2022-05-02,region_4,0.832,0.154,2.5,59.9,37.3,0,5,122,0,9.400000000000015,25.899999999999956
2022-05-03,region_4,0.832,0.154,32.7,55.3,36.5,0,5,123,0,41.000000000000014,58.09999999999996
2022-05-04,region_4,0.832,0.154,1.7,74.9,40.5,0,5,124,0,36.90000000000002,59.19999999999996
2022-05-05,region_4,0.832,0.154,32.0,75.7,41.2,0,5,125,0,66.40000000000002,82.39999999999996
2022-05-06,region_4,0.832,0.154,8.4,92.8,49.9,0,5,126,0,42.100000000000016,84.19999999999996
2022-05-07,region_4,0.832,0.154,0.2,92.1,53.0,0,5,127,0,40.60000000000001,83.29999999999995
2022-05-08,region_4,0.832,0.154,0.3,86.3,54.6,0,5,128,0,8.900000000000015,77.79999999999995
2022-05-09,region_4,0.832,0.154,3.4,80.7,51.7,0,5,129,0,3.900000000000014,78.69999999999996
2022-05-10,region_4,0.832,0.154,5.6,81.2,51.1,0,5,130,0,9.300000000000013,51.59999999999996
2022-05-11,region_4,0.832,0.154,0.8,83.9,52.1,0,5,131,0,9.800000000000015,50.69999999999995
2022-05-12,region_4,0.832,0.154,61.2,78.9,51.9,0,5,132,0,67.60000000000002,79.89999999999996
2022-05-13,region_4,0.832,0.154,0.7,99.5,73.0,0,5,133,0,62.70000000000002,72.19999999999996
2022-05-14,region_4,0.832,0.154,41.5,94.9,74.5,0,5,134,0,103.40000000000002,113.49999999999997
2022-05-15,region_4,0.832,0.154,13.6,100.0,100.0,0,5,135,1,55.80000000000002,126.79999999999995
2022-05-16,region_4,0.832,0.154,11.0,98.5,100.0,0,5,136,1,66.10000000000001,134.39999999999998
2022-05-17,region_4,0.832,0.154,0.9,100.0,99.4,0,5,137,1,25.500000000000014,129.69999999999996
2022-05-18,region_4,0.832,0.154,0.2,97.2,97.9,0,5,138,1,12.100000000000014,129.09999999999997
2022-05-19,region_4,0.832,0.154,1.7,91.7,96.5,0,5,139,1,2.800000000000014,69.59999999999997
2022-05-20,region_4,0.832,0.154,4.4,87.9,95.6,0,5,140,1,6.300000000000015,73.29999999999995
2022-05-21,region_4,0.832,0.154,83.2,85.7,95.9,0,5,141,1,89.30000000000001,114.99999999999996
2022-05-22,region_4,0.832,0.154,2.4,100.0,100.0,0,5,142,1,90.00000000000001,103.79999999999997
2022-05-23,region_4,0.832,0.154,1.5,95.7,99.4,0,5,143,1,87.10000000000002,94.29999999999997
2022-05-24,region_4,0.832,0.154,21.3,94.6,99.7,0,5,144,1,25.200000000000014,114.69999999999996
2022-05-25,region_4,0.832,0.154,1.8,100.0,98.0,0,5,145,1,24.600000000000016,116.29999999999995
2022-05-26,region_4,0.832,0.154,73.4,94.2,97.9,1,5,146,1,96.50000000000003,187.99999999999994
2022-05-27,region_4,0.832,0.154,1.7,98.7,100.0,0,5,147,1,76.90000000000003,185.29999999999995
2022-05-28,region_4,0.832,0.154,4.6,96.2,98.6,0,5,148,1,79.70000000000003,106.69999999999996
2022-05-29,region_4,0.832,0.154,2.3,94.8,99.4,0,5,149,1,8.600000000000028,106.59999999999995
2022-05-30,region_4,0.832,0.154,22.0,92.0,98.1,0,5,150,1,28.900000000000027,127.09999999999997
2022-05-31,region_4,0.832,0.154,12.3,100.0,98.6,0,5,151,1,36.60000000000002,118.09999999999997
2022-06-01,region_4,0.832,0.154,24.2,100.0,100.0,0,6,152,1,58.50000000000003,140.49999999999997
2022-06-02,region_4,0.832,0.154,8.1,100.0,100.0,0,6,153,1,44.60000000000003,75.19999999999996
2022-06-03,region_4,0.832,0.154,0.9,100.0,100.0,0,6,154,1,33.200000000000024,74.39999999999995
2022-06-04,region_4,0.832,0.154,27.1,98.3,98.7,0,6,155,1,36.10000000000003,96.89999999999996
2022-06-05,region_4,0.832,0.154,11.5,99.7,100.0,0,6,156,1,39.50000000000003,106.09999999999997
2022-06-06,region_4,0.832,0.154,40.3,100.0,99.9,0,6,157,1,78.90000000000003,124.39999999999996
2022-06-07,region_4,0.832,0.154,13.5,96.6,100.0,0,6,158,1,65.30000000000003,125.59999999999995
2022-06-08,region_4,0.832,0.154,3.4,97.9,99.3,0,6,159,1,57.200000000000024,104.79999999999995
2022-06-09,region_4,0.832,0.154,23.8,98.8,98.8,0,6,160,1,40.70000000000003,120.49999999999996
2022-06-10,region_4,0.832,0.154,14.2,100.0,98.7,0,6,161,1,41.40000000000003,133.79999999999995
2022-06-11,region_4,0.832,0.154,31.3,100.0,99.3,0,6,162,1,69.30000000000003,137.99999999999994
2022-06-12,region_4,0.832,0.154,53.7,99.8,99.5,0,6,163,1,99.20000000000003,180.19999999999996
2022-06-13,region_4,0.832,0.154,28.5,96.9,98.9,0,6,164,1,113.50000000000003,168.39999999999998
2022-06-14,region_4,0.832,0.154,0.1,98.5,100.0,0,6,165,1,82.30000000000003,154.99999999999997
2022-06-15,region_4,0.832,0.154,36.6,95.0,95.0,0,6,166,1,65.20000000000003,188.2
2022-06-16,region_4,0.832,0.154,44.8,100.0,100.0,0,6,167,1,81.50000000000003,209.19999999999996
2022-06-17,region_4,0.832,0.154,131.6,100.0,99.7,0,6,168,1,213.00000000000003,326.59999999999997
2022-06-18,region_4,0.832,0.154,91.5,99.7,100.0,1,6,169,1,267.90000000000003,386.79999999999995
2022-06-19,region_4,0.832,0.154,5.9,99.9,99.8,0,6,170,1,229.00000000000003,338.99999999999994
2022-06-20,region_4,0.832,0.154,60.0,98.5,99.8,0,6,171,1,157.40000000000003,370.49999999999994
2022-06-21,region_4,0.832,0.154,6.3,100.0,100.0,0,6,172,1,72.20000000000003,376.69999999999993
2022-06-22,region_4,0.832,0.154,2.3,99.6,98.9,0,6,173,1,68.60000000000002,342.3999999999999
2022-06-23,region_4,0.832,0.154,2.3,99.3,99.7,0,6,174,1,10.900000000000027,299.9
2022-06-24,region_4,0.832,0.154,68.1,93.5,100.0,0,6,175,1,72.70000000000002,236.39999999999992
2022-06-25,region_4,0.832,0.154,1.4,99.9,100.0,0,6,176,1,71.80000000000003,146.29999999999993
2022-06-26,region_4,0.832,0.154,9.9,96.0,100.0,0,6,177,1,79.40000000000002,150.29999999999993
2022-06-27,region_4,0.832,0.154,5.2,100.0,99.4,0,6,178,1,16.50000000000003,95.49999999999993
2022-06-28,region_4,0.832,0.154,61.7,97.0,99.4,0,6,179,1,76.80000000000003,150.89999999999992
2022-06-29,region_4,0.832,0.154,53.2,100.0,100.0,0,6,180,1,120.10000000000002,201.79999999999995
2022-06-30,region_4,0.832,0.154,36.7,99.1,99.2,1,6,181,1,151.60000000000005,236.19999999999993
2022-07-01,region_4,0.832,0.154,0.5,99.9,99.3,0,7,182,1,90.40000000000003,168.59999999999997
2022-07-02,region_4,0.832,0.154,28.6,94.8,98.4,0,7,183,1,65.80000000000004,195.79999999999995
2022-07-03,region_4,0.832,0.154,33.9,97.4,100.0,0,7,184,1,63.00000000000003,219.79999999999995
2022-07-04,region_4,0.832,0.154,13.3,99.4,100.0,0,7,185,1,75.80000000000003,227.89999999999995
2022-07-05,region_4,0.832,0.154,3.4,100.0,100.0,0,7,186,1,50.60000000000003,169.59999999999994
2022-07-06,region_4,0.832,0.154,12.3,97.2,100.0,0,7,187,1,29.00000000000003,128.69999999999996
2022-07-07,region_4,0.832,0.154,43.5,99.2,100.0,0,7,188,1,59.20000000000003,135.49999999999994
2022-07-08,region_4,0.832,0.154,1.2,96.8,100.0,0,7,189,1,57.000000000000036,136.19999999999993
2022-07-09,region_4,0.832,0.154,79.5,95.4,98.3,0,7,190,1,124.20000000000003,187.09999999999997
2022-07-10,region_4,0.832,0.154,9.5,100.0,100.0,0,7,191,1,90.20000000000003,162.69999999999993
2022-07-11,region_4,0.832,0.154,127.7,100.0,100.0,0,7,192,1,216.70000000000005,277.0999999999999
2022-07-12,region_4,0.832,0.154,6.0,95.3,100.0,0,7,193,1,143.20000000000005,279.69999999999993
2022-07-13,region_4,0.832,0.154,17.5,100.0,99.8,0,7,194,1,151.20000000000005,284.9
2022-07-14,region_4,0.832,0.154,12.3,100.0,100.0,0,7,195,1,35.800000000000026,253.69999999999996
2022-07-15,region_4,0.832,0.154,24.4,99.8,100.0,0,7,196,1,54.20000000000003,276.9
2022-07-16,region_4,0.832,0.154,53.8,98.8,100.0,1,7,197,1,90.50000000000003,251.19999999999996
2022-07-17,region_4,0.832,0.154,0.3,100.0,99.6,0,7,198,1,78.50000000000003,241.99999999999994
2022-07-18,region_4,0.832,0.154,0.5,95.4,97.4,0,7,199,1,54.60000000000002,114.79999999999994
2022-07-19,region_4,0.832,0.154,1.9,88.7,97.7,0,7,200,1,2.7000000000000286,110.69999999999995
2022-07-20,region_4,0.832,0.154,29.2,89.0,94.7,0,7,201,1,31.60000000000003,122.39999999999995
2022-07-21,region_4,0.832,0.154,4.3,100.0,98.5,0,7,202,1,35.40000000000003,114.39999999999995
2022-07-22,region_4,0.832,0.154,74.0,100.0,100.0,0,7,203,1,107.50000000000003,163.99999999999994
2022-07-23,region_4,0.832,0.154,11.2,100.0,100.0,0,7,204,1,89.50000000000003,121.39999999999995
2022-07-24,region_4,0.832,0.154,52.4,100.0,98.6,0,7,205,1,137.60000000000002,173.49999999999994
2022-07-25,region_4,0.832,0.154,69.1,100.0,100.0,0,7,206,1,132.70000000000002,242.09999999999994
2022-07-26,region_4,0.832,0.154,6.9,99.4,99.3,0,7,207,1,128.4,247.09999999999994
2022-07-27,region_4,0.832,0.154,18.0,100.0,100.0,0,7,208,1,94.00000000000003,235.89999999999995
2022-07-28,region_4,0.832,0.154,7.9,98.6,100.0,0,7,209,1,32.800000000000026,239.49999999999994
2022-07-29,region_4,0.832,0.154,53.9,97.6,100.0,0,7,210,1,79.80000000000003,219.39999999999992
2022-07-30,region_4,0.832,0.154,16.0,99.3,100.0,0,7,211,1,77.80000000000003,224.19999999999993
2022-07-31,region_4,0.832,0.154,8.0,100.0,99.7,0,7,212,1,77.90000000000002,179.79999999999993
2022-08-01,region_4,0.832,0.154,4.2,100.0,100.0,0,8,213,1,28.200000000000028,114.89999999999993
2022-08-02,region_4,0.832,0.154,9.6,98.0,100.0,0,8,214,1,21.80000000000003,117.59999999999994
2022-08-03,region_4,0.832,0.154,4.8,100.0,99.8,0,8,215,1,18.60000000000003,104.39999999999993
2022-08-04,region_4,0.832,0.154,1.4,97.0,99.4,0,8,216,1,15.80000000000003,97.89999999999995
2022-08-05,region_4,0.832,0.154,1.3,94.2,98.3,0,8,217,1,7.500000000000028,45.29999999999994
2022-08-06,region_4,0.832,0.154,19.6,91.3,98.1,0,8,218,1,22.30000000000003,48.89999999999995
2022-08-07,region_4,0.832,0.154,21.5,100.0,98.9,0,8,219,1,42.400000000000034,62.39999999999995
2022-08-08,region_4,0.832,0.154,2.4,100.0,100.0,0,8,220,1,43.50000000000003,60.599999999999945
2022-08-09,region_4,0.832,0.154,62.0,94.3,99.6,0,8,221,1,85.90000000000003,112.99999999999994
2022-08-10,region_4,0.832,0.154,15.4,98.9,100.0,0,8,222,1,79.80000000000004,123.59999999999995
2022-08-11,region_4,0.832,0.154,1.6,99.6,100.0,0,8,223,1,79.00000000000003,123.79999999999994
2022-08-12,region_4,0.832,0.154,11.8,94.3,99.5,0,8,224,1,28.800000000000036,134.29999999999995
2022-08-13,region_4,0.832,0.154,28.9,98.3,99.1,0,8,225,1,42.30000000000003,143.59999999999994
2022-08-14,region_4,0.832,0.154,9.8,100.0,97.4,0,8,226,1,50.50000000000003,131.89999999999995
2022-08-15,region_4,0.832,0.154,23.9,97.6,100.0,0,8,227,1,62.60000000000004,153.39999999999995
2022-08-16,region_4,0.832,0.154,18.5,98.0,98.7,0,8,228,1,52.20000000000003,109.89999999999995
2022-08-17,region_4,0.832,0.154,0.9,99.0,100.0,0,8,229,1,43.30000000000004,95.39999999999993
2022-08-18,region_4,0.832,0.154,115.1,98.0,97.5,0,8,230,1,134.50000000000003,208.89999999999992
2022-08-19,region_4,0.832,0.154,0.5,100.0,100.0,0,8,231,1,116.50000000000003,197.5999999999999
2022-08-20,region_4,0.832,0.154,37.7,92.8,97.6,0,8,232,1,153.3,206.39999999999995
2022-08-21,region_4,0.832,0.154,36.8,99.3,99.3,0,8,233,1,75.00000000000003,233.39999999999992
2022-08-22,region_4,0.832,0.154,27.4,100.0,100.0,0,8,234,1,101.90000000000003,236.89999999999992
2022-08-23,region_4,0.832,0.154,0.7,100.0,100.0,0,8,235,1,64.90000000000002,219.09999999999994
2022-08-24,region_4,0.832,0.154,12.8,94.2,99.2,0,8,236,1,40.90000000000003,230.99999999999991
2022-08-25,region_4,0.832,0.154,1.0,99.9,99.0,0,8,237,1,14.500000000000028,116.89999999999995
2022-08-26,region_4,0.832,0.154,0.1,93.8,97.6,0,8,238,1,13.900000000000029,116.49999999999994
2022-08-27,region_4,0.832,0.154,40.1,92.0,97.5,0,8,239,1,41.20000000000003,118.89999999999995
2022-08-28,region_4,0.832,0.154,15.1,99.4,99.7,0,8,240,1,55.30000000000003,97.19999999999995
2022-08-29,region_4,0.832,0.154,24.7,99.7,98.8,0,8,241,1,79.90000000000003,94.49999999999994
2022-08-30,region_4,0.832,0.154,51.3,97.8,100.0,1,8,242,1,91.10000000000002,145.09999999999994
2022-08-31,region_4,0.832,0.154,0.4,100.0,100.0,0,8,243,1,76.40000000000003,132.69999999999993
2022-09-01,region_4,0.832,0.154,0.8,95.9,97.8,0,9,244,1,52.50000000000003,132.49999999999994
2022-09-02,region_4,0.832,0.154,3.2,91.7,95.9,0,9,245,1,4.400000000000029,135.59999999999994
2022-09-03,region_4,0.832,0.154,17.5,89.1,95.7,0,9,246,1,21.50000000000003,112.99999999999994
2022-09-04,region_4,0.832,0.154,7.0,97.0,99.2,0,9,247,1,27.700000000000028,104.89999999999993
2022-09-05,region_4,0.832,0.154,25.5,100.0,100.0,0,9,248,1,50.00000000000003,105.69999999999993
2022-09-06,region_4,0.832,0.154,5.6,99.1,100.0,0,9,249,1,38.10000000000003,59.99999999999994
2022-09-07,region_4,0.832,0.154,7.2,100.0,100.0,0,9,250,1,38.300000000000026,66.79999999999994
2022-09-08,region_4,0.832,0.154,31.4,100.0,100.0,0,9,251,1,44.20000000000003,97.39999999999995
2022-09-09,region_4,0.832,0.154,2.5,99.4,100.0,0,9,252,1,41.10000000000002,96.69999999999995
2022-09-10,region_4,0.832,0.154,2.7,96.9,100.0,0,9,253,1,36.60000000000003,81.89999999999995
2022-09-11,region_4,0.832,0.154,38.2,91.4,100.0,0,9,254,1,43.400000000000034,113.09999999999994
2022-09-12,region_4,0.832,0.154,9.3,99.7,100.0,0,9,255,1,50.20000000000003,96.89999999999995
2022-09-13,region_4,0.832,0.154,37.0,99.7,98.5,1,9,256,1,84.50000000000003,128.29999999999995
2022-09-14,region_4,0.832,0.154,5.0,100.0,100.0,0,9,257,1,51.300000000000026,126.09999999999995
2022-09-15,region_4,0.832,0.154,13.1,99.4,100.0,0,9,258,1,55.10000000000003,107.79999999999994
2022-09-16,region_4,0.832,0.154,59.6,100.0,100.0,0,9,259,1,77.70000000000003,164.89999999999995
2022-09-17,region_4,0.832,0.154,0.1,100.0,100.0,0,9,260,1,72.80000000000003,162.29999999999995
2022-09-18,region_4,0.832,0.154,1.7,95.2,97.3,0,9,261,1,61.40000000000003,125.79999999999994
2022-09-19,region_4,0.832,0.154,4.9,90.2,97.5,0,9,262,1,6.700000000000029,121.39999999999995
2022-09-20,region_4,0.832,0.154,5.8,92.8,96.4,0,9,263,1,12.400000000000029,90.19999999999995
2022-09-21,region_4,0.832,0.154,38.0,88.9,99.6,0,9,264,1,48.70000000000003,123.19999999999995
2022-09-22,region_4,0.832,0.154,0.3,98.6,99.1,0,9,265,1,44.10000000000003,110.39999999999995
2022-09-23,region_4,0.832,0.154,0.7,95.1,96.5,0,9,266,0,39.00000000000003,51.49999999999994
2022-09-24,region_4,0.832,0.154,0.9,89.3,95.7,0,9,267,0,1.9000000000000283,52.29999999999994
2022-09-25,region_4,0.832,0.154,7.6,86.7,94.7,0,9,268,0,9.200000000000028,58.199999999999946
2022-09-26,region_4,0.832,0.154,2.6,87.0,96.1,0,9,269,0,11.100000000000028,55.89999999999994
2022-09-27,region_4,0.832,0.154,25.4,85.9,96.2,0,9,270,0,35.60000000000002,75.49999999999994
2022-09-28,region_4,0.832,0.154,0.4,96.6,100.0,0,9,271,0,28.400000000000023,37.89999999999994
2022-09-29,region_4,0.832,0.154,1.6,94.9,96.9,0,9,272,0,27.400000000000027,39.199999999999946
2022-09-30,region_4,0.832,0.154,1.1,91.1,98.5,0,9,273,0,3.1000000000000285,39.599999999999945
2022-10-01,region_4,0.832,0.154,9.4,85.6,96.3,0,10,274,0,12.10000000000003,48.099999999999945
2022-10-02,region_4,0.832,0.154,0.5,89.0,100.0,0,10,275,0,11.000000000000028,40.99999999999994
2022-10-03,region_4,0.832,0.154,2.9,86.0,98.0,0,10,276,0,12.800000000000027,41.29999999999994
2022-10-04,region_4,0.832,0.154,1.3,84.3,98.5,0,10,277,0,4.700000000000029,17.199999999999942
2022-10-05,region_4,0.832,0.154,5.2,82.6,94.7,0,10,278,0,9.400000000000029,21.999999999999943
2022-10-06,region_4,0.832,0.154,27.4,80.0,95.8,0,10,279,0,33.90000000000003,47.79999999999994
2022-10-07,region_4,0.832,0.154,0.4,98.2,99.3,0,10,280,0,33.00000000000003,47.09999999999994
2022-10-08,region_4,0.832,0.154,6.2,91.6,99.0,0,10,281,0,34.00000000000003,43.89999999999994
2022-10-09,region_4,0.832,0.154,1.8,90.7,99.6,0,10,282,0,8.400000000000029,45.19999999999994
2022-10-10,region_4,0.832,0.154,4.6,86.3,99.0,0,10,283,0,12.600000000000028,46.89999999999994
2022-10-11,region_4,0.832,0.154,19.3,86.9,99.5,0,10,284,0,25.700000000000028,64.89999999999993
2022-10-12,region_4,0.832,0.154,1.8,96.5,100.0,0,10,285,0,25.700000000000028,61.49999999999994
2022-10-13,region_4,0.832,0.154,2.2,95.1,99.5,0,10,286,0,23.30000000000003,36.29999999999994
2022-10-14,region_4,0.832,0.154,23.7,93.3,98.0,0,10,287,0,27.700000000000028,59.599999999999945
2022-10-15,region_4,0.832,0.154,8.1,100.0,100.0,0,10,288,0,34.00000000000003,61.49999999999994
2022-10-16,region_4,0.832,0.154,0.1,99.9,99.2,0,10,289,0,31.900000000000027,59.79999999999995
2022-10-17,region_4,0.832,0.154,1.4,95.4,97.7,0,10,290,0,9.600000000000028,56.599999999999945
2022-10-18,region_4,0.832,0.154,3.0,91.8,97.5,0,10,291,0,4.500000000000028,40.29999999999994
2022-10-19,region_4,0.832,0.154,3.0,91.8,96.1,0,10,292,0,7.400000000000029,41.49999999999994
2022-10-20,region_4,0.832,0.154,4.7,86.7,95.5,0,10,293,0,10.700000000000028,43.999999999999936
2022-10-21,region_4,0.832,0.154,19.9,85.0,97.3,0,10,294,0,27.600000000000026,40.199999999999946
2022-10-22,region_4,0.832,0.154,0.8,95.5,97.3,0,10,295,0,25.400000000000027,32.89999999999994
2022-10-23,region_4,0.832,0.154,0.5,89.7,99.3,0,10,296,0,21.200000000000028,33.29999999999994
2022-10-24,region_4,0.832,0.154,15.8,90.0,94.7,0,10,297,0,17.10000000000003,47.699999999999946
2022-10-25,region_4,0.832,0.154,1.7,93.5,100.0,0,10,298,0,18.00000000000003,46.39999999999994
2022-10-26,region_4,0.832,0.154,17.9,90.9,100.0,0,10,299,0,35.40000000000003,61.29999999999994
2022-10-27,region_4,0.832,0.154,0.6,94.6,100.0,0,10,300,0,20.200000000000028,57.199999999999946
2022-10-28,region_4,0.832,0.154,1.2,92.1,97.7,0,10,301,0,19.700000000000028,38.499999999999936
2022-10-29,region_4,0.832,0.154,2.7,87.6,97.4,0,10,302,0,4.500000000000028,40.39999999999994
2022-10-30,region_4,0.832,0.154,0.5,82.8,95.7,0,10,303,0,4.400000000000029,40.39999999999994
2022-10-31,region_4,0.832,0.154,0.3,79.9,93.4,0,10,304,0,3.5000000000000284,24.89999999999994
2022-11-01,region_4,0.832,0.154,154.7,78.3,92.1,0,11,305,0,155.50000000000003,177.89999999999992
2022-11-02,region_4,0.832,0.154,1.5,100.0,99.1,0,11,306,0,156.50000000000003,161.49999999999991
2022-11-03,region_4,0.832,0.154,3.5,97.4,99.8,0,11,307,0,159.70000000000002,164.39999999999992
2022-11-04,region_4,0.832,0.154,1.6,94.8,100.0,0,11,308,0,6.600000000000028,164.79999999999993
2022-11-05,region_4,0.832,0.154,0.6,92.6,98.3,0,11,309,0,5.700000000000029,162.6999999999999
2022-11-06,region_4,0.832,0.154,1.6,85.5,95.8,0,11,310,0,3.8000000000000287,163.79999999999993
2022-11-07,region_4,0.832,0.154,2.9,84.1,94.0,0,11,311,0,5.100000000000028,166.39999999999992
2022-11-08,region_4,0.832,0.154,1.2,79.7,94.2,0,11,312,0,5.700000000000029,12.899999999999944
2022-11-09,region_4,0.832,0.154,1.9,78.2,92.3,0,11,313,0,6.000000000000028,13.299999999999944
2022-11-10,region_4,0.832,0.154,0.1,74.6,91.2,0,11,314,0,3.200000000000028,9.899999999999944
2022-11-11,region_4,0.832,0.154,0.2,73.3,89.8,0,11,315,0,2.2000000000000286,8.499999999999943
2022-11-12,region_4,0.832,0.154,0.1,65.5,88.6,0,11,316,0,0.40000000000002844,7.999999999999943
2022-11-13,region_4,0.832,0.154,0.2,63.8,86.2,0,11,317,0,0.5000000000000284,6.599999999999944
2022-11-14,region_4,0.832,0.154,0.4,64.5,86.6,0,11,318,0,0.7000000000000284,4.099999999999943
2022-11-15,region_4,0.832,0.154,0.2,60.9,85.2,0,11,319,0,0.8000000000000285,3.099999999999943
2022-11-16,region_4,0.832,0.154,1.0,56.8,82.2,0,11,320,0,1.6000000000000285,2.1999999999999433
2022-11-17,region_4,0.832,0.154,1.7,55.2,78.9,0,11,321,0,2.9000000000000283,3.799999999999943
2022-11-18,region_4,0.832,0.154,3.1,53.8,79.9,0,11,322,0,5.800000000000029,6.699999999999943
2022-11-19,region_4,0.832,0.154,5.9,56.9,79.4,0,11,323,0,10.70000000000003,12.499999999999943
2022-11-20,region_4,0.832,0.154,0.9,55.1,77.5,0,11,324,0,9.900000000000029,13.199999999999944
2022-11-21,region_4,0.832,0.154,1.5,53.3,75.7,0,11,325,0,8.30000000000003,14.299999999999944
2022-11-22,region_4,0.832,0.154,0.2,50.3,77.4,0,11,326,0,2.6000000000000285,14.299999999999944
2022-11-23,region_4,0.832,0.154,1.7,48.8,73.5,0,11,327,0,3.4000000000000283,14.999999999999943
2022-11-24,region_4,0.832,0.154,0.3,45.4,72.5,0,11,328,0,2.200000000000028,13.599999999999943
2022-11-25,region_4,0.832,0.154,15.9,45.7,70.8,0,11,329,0,17.900000000000027,26.39999999999994
2022-11-26,region_4,0.832,0.154,0.1,54.6,72.0,0,11,330,0,16.30000000000003,20.599999999999945
2022-11-27,region_4,0.832,0.154,0.9,51.7,70.8,0,11,331,0,16.900000000000027,20.599999999999945
2022-11-28,region_4,0.832,0.154,1.3,51.2,70.0,0,11,332,0,2.3000000000000282,20.39999999999994
2022-11-29,region_4,0.832,0.154,37.8,49.8,67.8,0,11,333,0,40.00000000000003,57.99999999999994
2022-11-30,region_4,0.832,0.154,3.2,77.9,72.0,0,11,334,0,42.30000000000003,59.49999999999994
2022-12-01,region_4,0.832,0.154,7.4,72.2,74.2,0,12,335,0,48.40000000000003,66.59999999999994
2022-12-02,region_4,0.832,0.154,0.3,76.4,73.7,0,12,336,0,10.900000000000029,50.99999999999994
2022-12-03,region_4,0.832,0.154,0.0,72.5,71.7,0,12,337,0,7.700000000000029,50.89999999999994
2022-12-04,region_4,0.832,0.154,34.5,69.5,71.6,0,12,338,0,34.800000000000026,84.49999999999994
2022-12-05,region_4,0.832,0.154,27.9,91.3,78.3,0,12,339,0,62.40000000000003,111.09999999999994
2022-12-06,region_4,0.832,0.154,0.7,100.0,89.3,0,12,340,0,63.10000000000003,73.99999999999993
2022-12-07,region_4,0.832,0.154,0.5,94.6,84.5,0,12,341,0,29.100000000000026,71.29999999999994
2022-12-08,region_4,0.832,0.154,14.5,93.3,85.5,0,12,342,0,15.700000000000028,78.39999999999993
2022-12-09,region_4,0.832,0.154,8.7,96.3,91.4,0,12,343,0,23.700000000000028,86.79999999999994
2022-12-10,region_4,0.832,0.154,0.8,100.0,93.3,0,12,344,0,24.00000000000003,87.59999999999994
2022-12-11,region_4,0.832,0.154,0.1,92.5,93.7,0,12,345,0,9.600000000000028,53.19999999999994
2022-12-12,region_4,0.832,0.154,0.4,89.8,91.4,0,12,346,0,1.3000000000000285,25.699999999999942
2022-12-13,region_4,0.832,0.154,0.3,85.6,89.4,0,12,347,0,0.8000000000000285,25.299999999999944
2022-12-14,region_4,0.832,0.154,1.2,78.9,87.0,0,12,348,0,1.9000000000000283,25.999999999999943
2022-12-15,region_4,0.832,0.154,0.2,79.2,87.5,0,12,349,0,1.7000000000000286,11.699999999999942
2022-12-16,region_4,0.832,0.154,0.0,76.0,83.1,0,12,350,0,1.4000000000000286,2.999999999999943
2022-12-17,region_4,0.832,0.154,5.6,69.6,84.3,0,12,351,0,5.800000000000028,7.799999999999943
2022-12-18,region_4,0.832,0.154,0.5,71.3,83.0,0,12,352,0,6.100000000000028,8.199999999999942
2022-12-19,region_4,0.832,0.154,5.5,66.9,82.0,0,12,353,0,11.600000000000028,13.299999999999944
2022-12-20,region_4,0.832,0.154,2.9,70.3,83.4,0,12,354,0,8.900000000000029,15.899999999999942
2022-12-21,region_4,0.832,0.154,0.3,64.2,82.8,0,12,355,0,8.700000000000028,14.999999999999943
2022-12-22,region_4,0.832,0.154,0.3,60.7,80.3,0,12,356,0,3.5000000000000284,15.099999999999941
2022-12-23,region_4,0.832,0.154,0.3,61.9,78.9,0,12,357,0,0.8999999999999999,15.399999999999942
2022-12-24,region_4,0.832,0.154,0.4,58.7,76.8,0,12,358,0,1.0000000000000284,10.199999999999944
2022-12-25,region_4,0.832,0.154,0.7,56.4,76.6,0,12,359,0,1.4000000000000283,10.399999999999942
2022-12-26,region_4,0.832,0.154,4.9,53.8,74.8,0,12,360,0,6.000000000000028,9.799999999999944
2022-12-27,region_4,0.832,0.154,1.3,55.2,74.4,0,12,361,0,6.900000000000028,8.199999999999942
2022-12-28,region_4,0.832,0.154,0.4,52.1,71.6,0,12,362,0,6.600000000000029,8.299999999999942
2022-12-29,region_4,0.832,0.154,0.2,49.1,71.4,0,12,363,0,1.9000000000000286,8.199999999999942
2022-12-30,region_4,0.832,0.154,0.6,50.3,69.8,0,12,364,0,1.2000000000000284,8.499999999999943
2022-12-31,region_4,0.832,0.154,0.7,46.1,67.8,0,12,365,0,1.5000000000000284,8.799999999999942
2023-01-01,region_4,0.832,0.154,0.5,43.3,67.4,0,1,1,0,1.8000000000000282,8.599999999999943
2023-01-02,region_4,0.832,0.154,0.4,41.9,67.6,0,1,2,0,1.6000000000000283,4.099999999999943
2023-01-03,region_4,0.832,0.154,0.8,38.7,65.4,0,1,3,0,1.7000000000000284,3.5999999999999432
2023-01-04,region_4,0.832,0.154,0.3,41.0,63.6,0,1,4,0,1.5000000000000284,3.499999999999943
2023-01-05,region_4,0.832,0.154,0.4,35.6,62.1,0,1,5,0,1.5000000000000284,3.6999999999999433
2023-01-06,region_4,0.832,0.154,0.3,35.5,60.9,0,1,6,0,1.0000000000000284,3.399999999999943
2023-01-07,region_4,0.832,0.154,0.0,34.6,60.3,0,1,7,0,0.7000000000000283,2.6999999999999433
2023-01-08,region_4,0.832,0.154,0.3,29.5,58.9,0,1,8,0,0.6000000000000283,2.4999999999999436
2023-01-09,region_4,0.832,0.154,0.2,30.5,59.0,0,1,9,0,0.5000000000000283,2.299999999999943
2023-01-10,region_4,0.832,0.154,0.4,29.6,56.3,0,1,10,0,0.9000000000000283,1.8999999999999433
2023-01-11,region_4,0.832,0.154,0.4,27.4,56.7,0,1,11,0,1.0000000000000284,1.9999999999999432
2023-01-12,region_4,0.832,0.154,1.1,26.8,54.1,0,1,12,0,1.9000000000000286,2.6999999999999433
2023-01-13,region_4,0.832,0.154,0.0,27.7,54.7,0,1,13,0,1.5000000000000284,2.3999999999999435
2023-01-14,region_4,0.832,0.154,0.3,27.2,54.8,0,1,14,0,1.4000000000000286,2.6999999999999433
2023-01-15,region_4,0.832,0.154,0.3,24.8,53.8,0,1,15,0,0.6000000000000284,2.699999999999943
2023-01-16,region_4,0.832,0.154,0.1,21.0,51.8,0,1,16,0,0.7000000000000284,2.5999999999999432
2023-01-17,region_4,0.832,0.154,1.0,21.4,51.7,0,1,17,0,1.4000000000000283,3.1999999999999433
2023-01-18,region_4,0.832,0.154,1.3,21.0,47.7,0,1,18,0,2.4000000000000283,4.099999999999943
2023-01-19,region_4,0.832,0.154,1.7,20.1,46.8,0,1,19,0,4.000000000000028,4.6999999999999424
2023-01-20,region_4,0.832,0.154,0.6,20.0,47.0,0,1,20,0,3.600000000000028,5.299999999999943
2023-01-21,region_4,0.832,0.154,0.3,21.8,46.6,0,1,21,0,2.6000000000000285,5.299999999999943
2023-01-22,region_4,0.832,0.154,0.2,19.7,45.0,0,1,22,0,1.1000000000000285,5.199999999999943
2023-01-23,region_4,0.832,0.154,0.2,20.8,44.3,0,1,23,0,0.7000000000000284,5.299999999999943
2023-01-24,region_4,0.832,0.154,0.0,20.7,44.3,0,1,24,0,0.40000000000002844,4.299999999999943
2023-01-25,region_4,0.832,0.154,0.6,14.8,42.3,0,1,25,0,0.8000000000000285,3.599999999999943
2023-01-26,region_4,0.832,0.154,0.2,20.5,41.1,0,1,26,0,0.8000000000000285,2.099999999999943
2023-01-27,region_4,0.832,0.154,0.5,17.8,41.4,0,1,27,0,1.3000000000000285,1.9999999999999427
2023-01-28,region_4,0.832,0.154,1.3,17.4,40.4,0,1,28,0,2.0000000000000284,2.999999999999943
2023-01-29,region_4,0.832,0.154,1.0,17.5,38.9,0,1,29,0,2.8000000000000282,3.799999999999943
2023-01-30,region_4,0.832,0.154,0.5,16.3,38.1,0,1,30,0,2.8000000000000282,4.099999999999943
2023-01-31,region_4,0.832,0.154,10.3,14.1,38.5,0,1,31,0,11.80000000000003,14.399999999999944
2023-02-01,region_4,0.832,0.154,27.4,21.7,36.6,0,2,32,0,38.20000000000003,41.199999999999946
2023-02-02,region_4,0.832,0.154,5.9,39.1,36.0,0,2,33,0,43.60000000000003,46.89999999999994
2023-02-03,region_4,0.832,0.154,0.2,48.6,35.9,0,2,34,0,33.50000000000002,46.59999999999994
2023-02-04,region_4,0.832,0.154,8.7,42.8,35.3,0,2,35,0,14.800000000000027,53.99999999999994
2023-02-05,region_4,0.832,0.154,0.2,49.3,35.4,0,2,36,0,9.100000000000026,53.19999999999994
2023-02-06,region_4,0.832,0.154,0.8,44.6,36.3,0,2,37,0,9.700000000000028,53.49999999999994
2023-02-07,region_4,0.832,0.154,0.2,46.8,35.0,0,2,38,0,1.2000000000000284,43.39999999999994
2023-02-08,region_4,0.832,0.154,0.1,42.9,35.3,0,2,39,0,1.1000000000000285,16.09999999999994
2023-02-09,region_4,0.832,0.154,0.9,42.6,34.1,0,2,40,0,1.2000000000000286,11.099999999999941
2023-02-10,region_4,0.832,0.154,5.5,41.2,33.4,0,2,41,0,6.500000000000028,16.39999999999994
2023-02-11,region_4,0.832,0.154,4.7,39.0,33.5,0,2,42,0,11.10000000000003,12.399999999999944
2023-02-12,region_4,0.832,0.154,8.0,42.5,33.9,0,2,43,0,18.200000000000028,20.199999999999946
2023-02-13,region_4,0.832,0.154,0.5,46.6,32.8,0,2,44,0,13.200000000000028,19.89999999999994
2023-02-14,region_4,0.832,0.154,14.5,43.8,33.4,0,2,45,0,23.00000000000003,34.199999999999946
2023-02-15,region_4,0.832,0.154,0.7,53.4,34.1,0,2,46,0,15.700000000000028,34.79999999999994
2023-02-16,region_4,0.832,0.154,0.1,50.2,34.2,0,2,47,0,15.30000000000003,33.99999999999994
2023-02-17,region_4,0.832,0.154,0.2,48.2,30.5,0,2,48,0,1.0000000000000284,28.699999999999942
2023-02-18,region_4,0.832,0.154,1.2,45.3,32.5,0,2,49,0,1.5000000000000284,25.199999999999946
2023-02-19,region_4,0.832,0.154,0.2,44.5,32.0,0,2,50,0,1.6000000000000283,17.399999999999945
2023-02-20,region_4,0.832,0.154,1.0,41.5,30.2,0,2,51,0,2.4000000000000283,17.89999999999994
2023-02-21,region_4,0.832,0.154,15.0,42.6,29.9,0,2,52,0,16.200000000000028,18.39999999999994
2023-02-22,region_4,0.832,0.154,1.2,52.2,30.2,0,2,53,0,17.200000000000028,18.899999999999945
2023-02-23,region_4,0.832,0.154,0.3,47.8,30.2,0,2,54,0,16.50000000000003,19.09999999999994
2023-02-24,region_4,0.832,0.154,2.1,48.2,30.8,0,2,55,0,3.6000000000000285,20.999999999999943
2023-02-25,region_4,0.832,0.154,1.6,46.9,29.3,0,2,56,0,4.000000000000028,21.399999999999945
2023-02-26,region_4,0.832,0.154,0.1,46.7,31.0,0,2,57,0,3.8000000000000287,21.299999999999944
2023-02-27,region_4,0.832,0.154,0.1,43.6,27.8,0,2,58,0,1.8000000000000285,20.399999999999945
2023-02-28,region_4,0.832,0.154,14.0,42.0,26.4,0,2,59,0,14.200000000000028,19.39999999999994
2023-03-01,region_4,0.832,0.154,0.4,51.3,28.1,0,3,60,0,14.500000000000028,18.599999999999945
2023-03-02,region_4,0.832,0.154,0.0,50.1,28.5,0,3,61,0,14.400000000000029,18.299999999999944
2023-03-03,region_4,0.832,0.154,1.2,45.9,28.3,0,3,62,0,1.6000000000000285,17.39999999999994
2023-03-04,region_4,0.832,0.154,0.4,44.7,28.0,0,3,63,0,1.6000000000000285,16.199999999999946
2023-03-05,region_4,0.832,0.154,0.4,45.1,26.0,0,3,64,0,2.0000000000000284,16.499999999999943
2023-03-06,region_4,0.832,0.154,0.3,41.6,26.6,0,3,65,0,1.1000000000000285,16.699999999999946
2023-03-07,region_4,0.832,0.154,22.1,33.2,25.8,0,3,66,0,22.80000000000003,24.799999999999947
2023-03-08,region_4,0.832,0.154,1.5,53.9,29.2,0,3,67,0,23.90000000000003,25.89999999999995
2023-03-09,region_4,0.832,0.154,0.1,53.9,27.2,0,3,68,0,23.70000000000003,25.99999999999995
2023-03-10,region_4,0.832,0.154,0.3,52.4,27.6,0,3,69,0,1.9000000000000283,25.099999999999945
2023-03-11,region_4,0.832,0.154,0.6,51.0,26.9,0,3,70,0,1.0000000000000284,25.299999999999947
2023-03-12,region_4,0.832,0.154,1.0,44.5,27.6,0,3,71,0,1.9000000000000283,25.89999999999995
2023-03-13,region_4,0.832,0.154,0.1,44.3,26.4,0,3,72,0,1.7000000000000284,25.69999999999995
2023-03-14,region_4,0.832,0.154,1.8,43.7,24.3,0,3,73,0,2.9000000000000288,5.399999999999947
2023-03-15,region_4,0.832,0.154,0.8,42.0,27.1,0,3,74,0,2.7000000000000286,4.699999999999947
2023-03-16,region_4,0.832,0.154,0.7,41.0,24.9,0,3,75,0,3.3000000000000282,5.299999999999947
2023-03-17,region_4,0.832,0.154,0.7,39.2,25.7,0,3,76,0,2.2000000000000286,5.699999999999946
2023-03-18,region_4,0.832,0.154,7.1,38.7,24.2,0,3,77,0,8.500000000000028,12.199999999999946
2023-03-19,region_4,0.832,0.154,0.7,44.4,24.0,0,3,78,0,8.500000000000028,11.899999999999945
2023-03-20,region_4,0.832,0.154,1.5,40.1,23.8,0,3,79,0,9.30000000000003,13.299999999999946
2023-03-21,region_4,0.832,0.154,8.2,38.9,21.4,0,3,80,0,10.400000000000029,19.699999999999946
2023-03-22,region_4,0.832,0.154,0.5,44.0,22.6,0,3,81,0,10.20000000000003,19.39999999999994
2023-03-23,region_4,0.832,0.154,1.5,41.8,23.6,0,3,82,0,10.20000000000003,20.199999999999946
2023-03-24,region_4,0.832,0.154,19.8,44.2,24.7,0,3,83,0,21.800000000000033,39.29999999999994
2023-03-25,region_4,0.832,0.154,0.3,51.3,23.6,0,3,84,0,21.60000000000003,32.49999999999994
2023-03-26,region_4,0.832,0.154,2.5,50.3,24.8,0,3,85,0,22.60000000000003,34.29999999999994
2023-03-27,region_4,0.832,0.154,0.0,48.1,25.0,0,3,86,0,2.8000000000000282,32.79999999999994
2023-03-28,region_4,0.832,0.154,0.1,46.0,24.1,0,3,87,0,2.6000000000000285,24.699999999999946
2023-03-29,region_4,0.832,0.154,0.1,42.9,22.6,0,3,88,0,0.20000000000002843,24.299999999999947
2023-03-30,region_4,0.832,0.154,2.2,42.6,22.9,0,3,89,0,2.4000000000000288,24.999999999999947
2023-03-31,region_4,0.832,0.154,2.0,39.7,20.5,0,3,90,0,4.300000000000029,7.199999999999943
2023-04-01,region_4,0.832,0.154,3.3,41.4,24.2,0,4,91,0,7.500000000000028,10.199999999999942
2023-04-02,region_4,0.832,0.154,0.4,43.9,24.4,0,4,92,0,5.700000000000028,8.099999999999943
2023-04-03,region_4,0.832,0.154,0.1,41.3,21.9,0,4,93,0,3.8000000000000282,8.199999999999944
2023-04-04,region_4,0.832,0.154,1.4,38.2,21.2,0,4,94,0,1.9000000000000283,9.499999999999943
2023-04-05,region_4,0.832,0.154,0.4,40.7,21.3,0,4,95,0,1.9000000000000283,9.799999999999944
2023-04-06,region_4,0.832,0.154,5.5,35.0,22.2,0,4,96,0,7.300000000000028,13.099999999999943
2023-04-07,region_4,0.832,0.154,1.1,40.6,20.7,0,4,97,0,7.000000000000028,12.199999999999942
2023-04-08,region_4,0.832,0.154,14.6,36.0,19.5,0,4,98,0,21.200000000000028,23.499999999999943
2023-04-09,region_4,0.832,0.154,65.9,46.4,21.8,0,4,99,0,81.60000000000004,88.99999999999994
2023-04-10,region_4,0.832,0.154,0.8,97.2,27.4,0,4,100,0,81.30000000000004,89.69999999999995
2023-04-11,region_4,0.832,0.154,5.6,94.5,27.3,0,4,101,0,72.30000000000004,93.89999999999995
2023-04-12,region_4,0.832,0.154,3.5,94.9,29.9,0,4,102,0,9.900000000000027,96.99999999999994
2023-04-13,region_4,0.832,0.154,3.7,90.5,29.8,0,4,103,0,12.800000000000027,95.19999999999993
2023-04-14,region_4,0.832,0.154,2.3,91.1,30.6,0,4,104,0,9.500000000000028,96.39999999999995
2023-04-15,region_4,0.832,0.154,0.8,86.0,29.9,0,4,105,0,6.800000000000028,82.59999999999995
2023-04-16,region_4,0.832,0.154,2.1,81.6,31.2,0,4,106,0,5.200000000000029,18.799999999999944
2023-04-17,region_4,0.832,0.154,10.2,82.1,31.5,0,4,107,0,13.100000000000028,28.199999999999942
2023-04-18,region_4,0.832,0.154,6.6,81.0,34.7,0,4,108,0,18.900000000000027,29.199999999999946
2023-04-19,region_4,0.832,0.154,1.0,81.0,37.9,0,4,109,0,17.800000000000026,26.699999999999946
2023-04-20,region_4,0.832,0.154,3.9,77.8,38.4,0,4,110,0,11.500000000000028,26.89999999999994
2023-04-21,region_4,0.832,0.154,0.5,80.1,36.5,0,4,111,0,5.400000000000029,25.099999999999945
2023-04-22,region_4,0.832,0.154,0.8,74.3,38.3,0,4,112,0,5.200000000000029,25.099999999999945
2023-04-23,region_4,0.832,0.154,35.3,72.1,36.1,0,4,113,0,36.60000000000002,58.29999999999994
2023-04-24,region_4,0.832,0.154,12.5,97.4,47.7,0,4,114,0,48.60000000000002,60.59999999999994
2023-04-25,region_4,0.832,0.154,2.3,100.0,53.8,0,4,115,0,50.10000000000002,56.29999999999994
2023-04-26,region_4,0.832,0.154,1.5,97.6,54.1,0,4,116,0,16.30000000000003,56.79999999999994
2023-04-27,region_4,0.832,0.154,0.2,93.9,55.8,0,4,117,0,4.000000000000028,53.099999999999945
2023-04-28,region_4,0.832,0.154,10.9,89.3,52.9,0,4,118,0,12.60000000000003,63.49999999999994
2023-04-29,region_4,0.832,0.154,1.2,92.2,60.1,0,4,119,0,12.300000000000027,63.89999999999994
2023-04-30,region_4,0.832,0.154,2.6,87.8,58.8,0,4,120,0,14.700000000000028,31.199999999999942
2023-05-01,region_4,0.832,0.154,0.4,84.8,58.7,0,5,121,0,4.200000000000029,19.099999999999945
2023-05-02,region_4,0.832,0.154,0.1,83.2,56.5,0,5,122,0,3.100000000000028,16.89999999999994
2023-05-03,region_4,0.832,0.154,2.5,78.0,58.4,0,5,123,0,3.0000000000000284,17.89999999999994
2023-05-04,region_4,0.832,0.154,0.0,77.9,56.2,0,5,124,0,2.6000000000000285,17.699999999999942
2023-05-05,region_4,0.832,0.154,1.2,72.6,54.2,0,5,125,0,3.7000000000000286,7.999999999999943
2023-05-06,region_4,0.832,0.154,9.2,71.0,54.1,0,5,126,0,10.400000000000027,15.999999999999943
2023-05-07,region_4,0.832,0.154,9.1,75.3,55.2,0,5,127,0,19.50000000000003,22.499999999999943
2023-05-08,region_4,0.832,0.154,4.5,79.4,57.1,0,5,128,0,22.800000000000026,26.599999999999945
2023-05-09,region_4,0.832,0.154,0.7,76.5,57.6,0,5,129,0,14.300000000000027,27.199999999999942
2023-05-10,region_4,0.832,0.154,11.7,74.5,56.2,0,5,130,0,16.900000000000027,36.39999999999994
2023-05-11,region_4,0.832,0.154,33.1,76.3,58.7,0,5,131,0,45.50000000000003,69.49999999999994
2023-05-12,region_4,0.832,0.154,4.3,98.4,72.5,0,5,132,0,49.10000000000002,72.59999999999994
2023-05-13,region_4,0.832,0.154,0.2,98.9,74.9,0,5,133,0,37.60000000000003,63.599999999999945
2023-05-14,region_4,0.832,0.154,0.1,95.1,71.2,0,5,134,0,4.600000000000028,54.599999999999945
2023-05-15,region_4,0.832,0.154,0.0,88.5,74.0,0,5,135,1,0.30000000000002847,50.099999999999945
2023-05-16,region_4,0.832,0.154,2.8,83.7,70.5,0,5,136,1,2.9000000000000283,52.199999999999946
2023-05-17,region_4,0.832,0.154,21.0,81.9,71.2,0,5,137,1,23.80000000000003,61.49999999999994
2023-05-18,region_4,0.832,0.154,9.8,92.7,75.3,0,5,138,1,33.60000000000003,38.199999999999946
2023-05-19,region_4,0.832,0.154,1.0,95.5,80.8,0,5,139,1,31.80000000000003,34.89999999999995
2023-05-20,region_4,0.832,0.154,0.7,91.7,77.7,0,5,140,1,11.500000000000028,35.39999999999994
2023-05-21,region_4,0.832,0.154,3.5,87.7,79.3,0,5,141,1,5.200000000000029,38.79999999999994
2023-05-22,region_4,0.832,0.154,66.0,86.6,77.8,0,5,142,1,70.20000000000003,104.79999999999994
2023-05-23,region_4,0.832,0.154,6.3,100.0,97.6,0,5,143,1,75.80000000000003,108.29999999999994
2023-05-24,region_4,0.832,0.154,35.6,100.0,99.3,0,5,144,1,107.90000000000003,122.89999999999995
2023-05-25,region_4,0.832,0.154,0.6,100.0,100.0,0,5,145,1,42.50000000000003,113.69999999999995
2023-05-26,region_4,0.832,0.154,0.1,92.7,97.9,0,5,146,1,36.30000000000003,112.79999999999994
2023-05-27,region_4,0.832,0.154,6.1,91.6,97.7,0,5,147,1,6.800000000000028,118.19999999999995
2023-05-28,region_4,0.832,0.154,9.1,90.9,96.4,0,5,148,1,15.30000000000003,123.79999999999994
2023-05-29,region_4,0.832,0.154,60.4,93.3,99.0,0,5,149,1,75.60000000000002,118.19999999999993
2023-05-30,region_4,0.832,0.154,2.4,98.5,99.1,0,5,150,1,71.90000000000003,114.29999999999994
2023-05-31,region_4,0.832,0.154,63.9,96.3,99.3,0,5,151,1,126.70000000000002,142.59999999999994
2023-06-01,region_4,0.832,0.154,1.3,99.8,100.0,0,6,152,1,67.60000000000004,143.29999999999993
2023-06-02,region_4,0.832,0.154,22.0,92.4,97.7,0,6,153,1,87.20000000000003,165.19999999999993
2023-06-03,region_4,0.832,0.154,39.8,99.9,100.0,0,6,154,1,63.10000000000004,198.89999999999995
2023-06-04,region_4,0.832,0.154,1.9,99.8,100.0,0,6,155,1,63.70000000000004,191.69999999999996
2023-06-05,region_4,0.832,0.154,3.1,97.0,99.2,0,6,156,1,44.80000000000003,134.39999999999995
2023-06-06,region_4,0.832,0.154,6.4,93.7,98.0,0,6,157,1,11.400000000000036,138.39999999999995
2023-06-07,region_4,0.832,0.154,11.8,94.8,100.0,0,6,158,1,21.300000000000036,86.29999999999994
2023-06-08,region_4,0.832,0.154,2.3,99.2,99.3,0,6,159,1,20.50000000000004,87.29999999999994
2023-06-09,region_4,0.832,0.154,0.1,93.6,99.5,0,6,160,1,14.200000000000037,65.39999999999993
2023-06-10,region_4,0.832,0.154,2.9,90.5,96.6,0,6,161,1,5.300000000000035,28.499999999999943
2023-06-11,region_4,0.832,0.154,173.4,89.0,96.1,0,6,162,1,176.40000000000003,199.99999999999994
2023-06-12,region_4,0.832,0.154,3.1,97.9,98.6,0,6,163,1,179.40000000000003,199.99999999999994
2023-06-13,region_4,0.832,0.154,5.4,97.1,100.0,0,6,164,1,181.90000000000003,198.99999999999994
2023-06-14,region_4,0.832,0.154,83.9,96.4,99.8,0,6,165,1,92.40000000000003,271.0999999999999
2023-06-15,region_4,0.832,0.154,29.3,98.7,100.0,0,6,166,1,118.60000000000004,298.0999999999999
2023-06-16,region_4,0.832,0.154,0.7,100.0,100.0,0,6,167,1,113.90000000000003,298.7
2023-06-17,region_4,0.832,0.154,2.5,93.5,97.9,0,6,168,1,32.50000000000003,298.29999999999995
2023-06-18,region_4,0.832,0.154,3.3,91.5,96.6,0,6,169,1,6.500000000000028,128.19999999999996
2023-06-19,region_4,0.832,0.154,1.2,87.8,98.5,0,6,170,1,7.000000000000028,126.29999999999995
2023-06-20,region_4,0.832,0.154,0.2,85.9,98.2,0,6,171,1,4.700000000000029,121.09999999999995
2023-06-21,region_4,0.832,0.154,5.1,79.5,94.1,0,6,172,1,6.500000000000028,42.29999999999994
2023-06-22,region_4,0.832,0.154,0.8,83.0,94.7,0,6,173,1,6.100000000000028,13.799999999999944
2023-06-23,region_4,0.832,0.154,0.2,80.9,93.7,0,6,174,1,6.100000000000028,13.299999999999944
2023-06-24,region_4,0.832,0.154,37.7,75.1,93.9,0,6,175,1,38.70000000000003,48.49999999999994
2023-06-25,region_4,0.832,0.154,37.8,99.7,99.3,0,6,176,1,75.70000000000003,82.99999999999994
2023-06-26,region_4,0.832,0.154,2.6,98.7,100.0,0,6,177,1,78.10000000000002,84.39999999999993
2023-06-27,region_4,0.832,0.154,1.1,95.7,99.3,0,6,178,1,41.50000000000003,85.29999999999994
2023-06-28,region_4,0.832,0.154,1.4,93.4,99.2,0,6,179,1,5.100000000000028,81.59999999999994
2023-06-29,region_4,0.832,0.154,2.0,87.7,97.1,0,6,180,1,4.500000000000028,82.79999999999994
2023-06-30,region_4,0.832,0.154,50.3,84.5,96.6,0,6,181,1,53.700000000000024,132.89999999999995
2023-07-01,region_4,0.832,0.154,0.5,96.8,99.8,0,7,182,1,52.800000000000026,95.69999999999993
2023-07-02,region_4,0.832,0.154,12.9,93.8,97.4,0,7,183,1,63.700000000000024,70.79999999999994
2023-07-03,region_4,0.832,0.154,0.5,99.0,100.0,0,7,184,1,13.900000000000029,68.69999999999995
2023-07-04,region_4,0.832,0.154,2.8,92.9,99.1,0,7,185,1,16.200000000000028,70.39999999999993
2023-07-05,region_4,0.832,0.154,10.1,92.3,97.1,0,7,186,1,13.400000000000029,79.09999999999994
2023-07-06,region_4,0.832,0.154,0.2,96.8,99.8,0,7,187,1,13.100000000000028,77.29999999999994
2023-07-07,region_4,0.832,0.154,4.9,90.6,98.7,0,7,188,1,15.200000000000031,31.899999999999938
2023-07-08,region_4,0.832,0.154,2.6,91.2,97.1,0,7,189,1,7.7000000000000295,33.999999999999936
2023-07-09,region_4,0.832,0.154,90.6,87.9,98.1,0,7,190,1,98.10000000000002,111.69999999999993
2023-07-10,region_4,0.832,0.154,74.6,100.0,100.0,1,7,191,1,167.8,185.79999999999993
2023-07-11,region_4,0.832,0.154,11.2,97.4,99.9,0,7,192,1,176.4,194.1999999999999
2023-07-12,region_4,0.832,0.154,5.1,100.0,100.0,0,7,193,1,90.90000000000002,189.19999999999993
2023-07-13,region_4,0.832,0.154,5.8,99.3,98.0,0,7,194,1,22.100000000000026,194.79999999999993
2023-07-14,region_4,0.832,0.154,53.6,97.3,100.0,0,7,195,1,64.50000000000003,243.49999999999994
2023-07-15,region_4,0.832,0.154,0.7,99.8,98.5,0,7,196,1,60.10000000000003,241.59999999999994
2023-07-16,region_4,0.832,0.154,41.7,95.8,99.1,0,7,197,1,96.00000000000003,192.69999999999993
2023-07-17,region_4,0.832,0.154,74.5,100.0,99.7,1,7,198,1,116.90000000000003,192.59999999999994
2023-07-18,region_4,0.832,0.154,18.4,100.0,99.0,0,7,199,1,134.60000000000002,199.79999999999995
2023-07-19,region_4,0.832,0.154,43.9,97.4,98.7,0,7,200,1,136.8,238.5999999999999
2023-07-20,region_4,0.832,0.154,10.5,100.0,100.0,0,7,201,1,72.80000000000003,243.29999999999995
2023-07-21,region_4,0.832,0.154,7.0,100.0,100.0,0,7,202,1,61.40000000000003,196.69999999999993
2023-07-22,region_4,0.832,0.154,0.7,100.0,100.0,0,7,203,1,18.200000000000028,196.69999999999993
2023-07-23,region_4,0.832,0.154,0.7,94.1,98.3,0,7,204,1,8.400000000000029,155.69999999999993
2023-07-24,region_4,0.832,0.154,2.7,93.7,95.2,0,7,205,1,4.100000000000028,83.89999999999992
2023-07-25,region_4,0.832,0.154,0.8,88.8,97.8,0,7,206,1,4.200000000000029,66.29999999999993
2023-07-26,region_4,0.832,0.154,37.1,82.2,95.5,0,7,207,1,40.60000000000003,59.49999999999993
2023-07-27,region_4,0.832,0.154,97.5,100.0,100.0,1,7,208,1,135.40000000000003,146.49999999999994
2023-07-28,region_4,0.832,0.154,3.1,98.7,98.4,0,7,209,1,137.70000000000002,142.59999999999994
2023-07-29,region_4,0.832,0.154,0.3,98.3,100.0,0,7,210,1,100.90000000000003,142.19999999999993
2023-07-30,region_4,0.832,0.154,4.2,91.0,98.7,0,7,211,1,7.600000000000029,145.69999999999993
2023-07-31,region_4,0.832,0.154,3.4,93.2,100.0,0,7,212,1,7.900000000000029,146.39999999999995
2023-08-01,region_4,0.832,0.154,15.7,89.7,97.9,0,8,213,1,23.30000000000003,161.29999999999993
2023-08-02,region_4,0.832,0.154,44.1,97.0,100.0,0,8,214,1,63.20000000000003,168.29999999999993
2023-08-03,region_4,0.832,0.154,26.2,98.6,100.0,0,8,215,1,86.00000000000003,96.99999999999993
2023-08-04,region_4,0.832,0.154,12.5,98.9,98.7,0,8,216,1,82.80000000000003,106.39999999999993
2023-08-05,region_4,0.832,0.154,28.9,98.8,100.0,0,8,217,1,67.60000000000002,134.99999999999991
2023-08-06,region_4,0.832,0.154,35.0,97.5,100.0,0,8,218,1,76.40000000000002,165.79999999999993
2023-08-07,region_4,0.832,0.154,40.4,98.1,100.0,1,8,219,1,104.30000000000001,202.79999999999993
2023-08-08,region_4,0.832,0.154,3.5,100.0,99.8,0,8,220,1,78.90000000000003,190.59999999999994
2023-08-09,region_4,0.832,0.154,43.7,96.7,99.6,0,8,221,1,87.60000000000002,190.19999999999993
2023-08-10,region_4,0.832,0.154,0.2,100.0,100.0,0,8,222,1,47.400000000000034,164.19999999999993
2023-08-11,region_4,0.832,0.154,4.1,94.2,97.7,0,8,223,1,48.00000000000003,155.79999999999993
2023-08-12,region_4,0.832,0.154,3.6,95.0,98.3,0,8,224,1,7.900000000000029,130.49999999999994
2023-08-13,region_4,0.832,0.154,3.4,92.5,99.1,0,8,225,1,11.100000000000028,98.89999999999993
2023-08-14,region_4,0.832,0.154,59.3,88.1,99.1,0,8,226,1,66.30000000000003,117.79999999999993
2023-08-15,region_4,0.832,0.154,73.8,98.7,100.0,1,8,227,1,136.50000000000003,188.0999999999999
2023-08-16,region_4,0.832,0.154,17.4,98.2,99.9,0,8,228,1,150.5,161.79999999999993
2023-08-17,region_4,0.832,0.154,46.8,98.7,98.9,1,8,229,1,138.00000000000003,208.39999999999992
2023-08-18,region_4,0.832,0.154,11.3,100.0,98.8,0,8,230,1,75.50000000000001,215.5999999999999
2023-08-19,region_4,0.832,0.154,12.4,99.3,100.0,0,8,231,1,70.50000000000001,224.39999999999992
2023-08-20,region_4,0.832,0.154,4.2,98.7,99.4,0,8,232,1,27.900000000000016,225.19999999999993
2023-08-21,region_4,0.832,0.154,52.5,96.7,100.0,1,8,233,1,69.10000000000002,218.39999999999992
2023-08-22,region_4,0.832,0.154,0.3,100.0,100.0,0,8,234,1,57.000000000000014,144.89999999999992
2023-08-23,region_4,0.832,0.154,83.6,94.5,99.7,1,8,235,1,136.4,211.0999999999999
2023-08-24,region_4,0.832,0.154,69.8,100.0,99.6,0,8,236,1,153.7,234.0999999999999
2023-08-25,region_4,0.832,0.154,13.2,100.0,100.0,0,8,237,1,166.6,235.99999999999991
2023-08-26,region_4,0.832,0.154,53.3,100.0,98.8,1,8,238,1,136.3,276.8999999999999
2023-08-27,region_4,0.832,0.154,1.4,99.1,100.0,0,8,239,1,67.90000000000002,274.0999999999999
2023-08-28,region_4,0.832,0.154,1.1,97.9,99.7,0,8,240,1,55.80000000000001,222.69999999999993
2023-08-29,region_4,0.832,0.154,6.2,92.8,98.7,0,8,241,1,8.700000000000014,228.5999999999999
2023-08-30,region_4,0.832,0.154,2.3,91.5,97.8,0,8,242,1,9.600000000000014,147.29999999999995
2023-08-31,region_4,0.832,0.154,137.7,88.0,98.3,0,8,243,1,146.2,215.19999999999993
2023-09-01,region_4,0.832,0.154,21.6,98.8,100.0,0,9,244,1,161.6,223.59999999999994
2023-09-02,region_4,0.832,0.154,1.7,100.0,99.5,0,9,245,1,161.0,171.99999999999994
2023-09-03,region_4,0.832,0.154,2.5,97.6,99.4,0,9,246,1,25.8,173.09999999999994
2023-09-04,region_4,0.832,0.154,0.4,96.1,99.3,0,9,247,1,4.6000000000000005,172.39999999999992
2023-09-05,region_4,0.832,0.154,2.5,89.4,96.7,0,9,248,1,5.4,168.69999999999993
2023-09-06,region_4,0.832,0.154,0.0,87.4,96.5,0,9,249,1,2.9,166.39999999999992
2023-09-07,region_4,0.832,0.154,1.6,78.9,94.4,0,9,250,1,4.1,30.299999999999944
2023-09-08,region_4,0.832,0.154,2.9,80.5,93.8,0,9,251,1,4.5,11.599999999999943
2023-09-09,region_4,0.832,0.154,0.1,79.7,92.3,0,9,252,1,4.6,9.999999999999943
2023-09-10,region_4,0.832,0.154,152.1,76.6,90.2,0,9,253,1,155.1,159.59999999999994
2023-09-11,region_4,0.832,0.154,0.7,96.3,100.0,0,9,254,1,152.89999999999998,159.89999999999992
2023-09-12,region_4,0.832,0.154,1.8,93.1,99.1,0,9,255,1,154.6,159.19999999999993
2023-09-13,region_4,0.832,0.154,4.4,93.3,96.3,0,9,256,1,6.9,163.59999999999994
2023-09-14,region_4,0.832,0.154,2.6,91.0,96.8,0,9,257,1,8.8,164.59999999999994
2023-09-15,region_4,0.832,0.154,3.6,85.6,94.9,0,9,258,1,10.600000000000001,165.29999999999993
2023-09-16,region_4,0.832,0.154,22.3,86.5,96.3,0,9,259,1,28.5,187.49999999999994
2023-09-17,region_4,0.832,0.154,5.7,95.5,98.7,0,9,260,1,31.6,41.099999999999945
2023-09-18,region_4,0.832,0.154,2.9,93.7,100.0,0,9,261,1,30.900000000000006,43.29999999999994
2023-09-19,region_4,0.832,0.154,2.6,90.9,99.7,0,9,262,1,11.200000000000003,44.099999999999945
2023-09-20,region_4,0.832,0.154,6.6,88.9,98.1,0,9,263,1,12.100000000000003,46.29999999999995
2023-09-21,region_4,0.832,0.154,21.6,88.9,100.0,0,9,264,1,30.800000000000004,65.29999999999995
2023-09-22,region_4,0.832,0.154,3.1,97.5,98.7,0,9,265,1,31.300000000000004,64.79999999999994
2023-09-23,region_4,0.832,0.154,16.1,100.0,100.0,0,9,266,0,40.80000000000001,58.59999999999995
2023-09-24,region_4,0.832,0.154,2.4,100.0,99.0,0,9,267,0,21.600000000000005,55.29999999999995
2023-09-25,region_4,0.832,0.154,4.1,98.8,100.0,0,9,268,0,22.600000000000005,56.49999999999995
2023-09-26,region_4,0.832,0.154,1.6,95.0,98.3,0,9,269,0,8.100000000000003,55.49999999999995
2023-09-27,region_4,0.832,0.154,6.7,90.5,97.4,0,9,270,0,12.400000000000004,55.59999999999995
2023-09-28,region_4,0.832,0.154,2.7,90.4,100.0,0,9,271,0,11.000000000000004,36.699999999999946
2023-09-29,region_4,0.832,0.154,17.2,91.3,98.3,0,9,272,0,26.6,50.79999999999994
2023-09-30,region_4,0.832,0.154,0.4,99.4,100.0,0,9,273,0,20.3,35.099999999999945
2023-10-01,region_4,0.832,0.154,0.8,98.0,98.0,0,10,274,0,18.400000000000002,33.49999999999994
2023-10-02,region_4,0.832,0.154,0.6,91.4,95.9,0,10,275,0,1.8000000000000036,29.999999999999943
2023-10-03,region_4,0.832,0.154,12.2,87.4,95.3,0,10,276,0,13.600000000000003,40.59999999999994
2023-10-04,region_4,0.832,0.154,25.1,90.1,100.0,0,10,277,0,37.900000000000006,58.99999999999994
2023-10-05,region_4,0.832,0.154,66.8,100.0,98.9,1,10,278,0,104.1,123.09999999999994
2023-10-06,region_4,0.832,0.154,0.3,96.7,100.0,0,10,279,0,92.2,106.19999999999995
2023-10-07,region_4,0.832,0.154,1.8,95.3,98.5,0,10,280,0,68.9,107.59999999999995
2023-10-08,region_4,0.832,0.154,3.0,90.9,96.4,0,10,281,0,5.100000000000014,109.79999999999994
2023-10-09,region_4,0.832,0.154,5.8,91.2,98.1,0,10,282,0,10.600000000000016,114.99999999999996
2023-10-10,region_4,0.832,0.154,0.9,90.0,98.5,0,10,283,0,9.700000000000014,103.69999999999995
2023-10-11,region_4,0.832,0.154,5.6,84.9,96.6,0,10,284,0,12.300000000000015,84.19999999999996
2023-10-12,region_4,0.832,0.154,1.3,85.8,97.4,0,10,285,0,7.800000000000015,18.699999999999957
2023-10-13,region_4,0.832,0.154,2.8,84.1,95.8,0,10,286,0,9.700000000000014,21.199999999999957
2023-10-14,region_4,0.832,0.154,4.3,80.4,94.3,0,10,287,0,8.400000000000015,23.699999999999957
2023-10-15,region_4,0.832,0.154,10.0,79.8,95.1,0,10,288,0,17.100000000000016,30.699999999999957
2023-10-16,region_4,0.832,0.154,14.1,83.1,98.2,0,10,289,0,28.400000000000013,38.99999999999996
2023-10-17,region_4,0.832,0.154,15.7,86.7,96.9,0,10,290,0,39.80000000000002,53.799999999999955
2023-10-18,region_4,0.832,0.154,10.4,99.0,99.0,0,10,291,0,40.20000000000002,58.59999999999995
2023-10-19,region_4,0.832,0.154,0.5,99.9,99.2,0,10,292,0,26.600000000000016,57.799999999999955
2023-10-20,region_4,0.832,0.154,0.5,95.2,97.3,0,10,293,0,11.400000000000016,55.49999999999996
2023-10-21,region_4,0.832,0.154,3.2,93.9,95.4,0,10,294,0,4.200000000000016,54.399999999999956
2023-10-22,region_4,0.832,0.154,0.3,88.9,96.2,0,10,295,0,4.000000000000016,44.69999999999996
2023-10-23,region_4,0.832,0.154,43.4,86.1,95.6,0,10,296,0,46.90000000000001,73.99999999999996
2023-10-24,region_4,0.832,0.154,3.5,97.4,99.6,0,10,297,0,47.20000000000001,61.79999999999996
2023-10-25,region_4,0.832,0.154,1.3,95.3,100.0,0,10,298,0,48.20000000000001,52.69999999999996
2023-10-26,region_4,0.832,0.154,65.4,95.1,100.0,0,10,299,0,70.20000000000002,117.59999999999997
2023-10-27,region_4,0.832,0.154,3.6,99.0,100.0,0,10,300,0,70.30000000000001,120.69999999999996
2023-10-28,region_4,0.832,0.154,1.0,99.0,99.5,0,10,301,0,70.00000000000001,118.49999999999996
2023-10-29,region_4,0.832,0.154,1.9,95.9,97.1,0,10,302,0,6.500000000000014,120.09999999999997
2023-10-30,region_4,0.832,0.154,13.9,88.8,97.5,0,10,303,0,16.800000000000015,90.59999999999997
2023-10-31,region_4,0.832,0.154,2.0,99.0,100.0,0,10,304,0,17.800000000000015,89.09999999999997
2023-11-01,region_4,0.832,0.154,4.5,90.9,99.7,0,11,305,0,20.400000000000013,92.29999999999997
2023-11-02,region_4,0.832,0.154,1.6,91.4,100.0,0,11,306,0,8.100000000000014,28.499999999999957
2023-11-03,region_4,0.832,0.154,0.2,89.2,100.0,0,11,307,0,6.300000000000014,25.099999999999955
2023-11-04,region_4,0.832,0.154,1.7,83.9,97.5,0,11,308,0,3.500000000000014,25.799999999999955
2023-11-05,region_4,0.832,0.154,2.2,81.7,95.2,0,11,309,0,4.100000000000014,26.09999999999996
2023-11-06,region_4,0.832,0.154,0.1,77.3,93.5,0,11,310,0,4.000000000000014,12.299999999999958
2023-11-07,region_4,0.832,0.154,40.8,74.0,91.5,0,11,311,0,43.10000000000001,51.09999999999995
2023-11-08,region_4,0.832,0.154,0.0,99.2,100.0,0,11,312,0,40.900000000000006,46.59999999999995
2023-11-09,region_4,0.832,0.154,0.9,94.8,97.6,0,11,313,0,41.70000000000001,45.89999999999995
2023-11-10,region_4,0.832,0.154,1.7,87.8,96.2,0,11,314,0,2.6000000000000143,47.399999999999956
2023-11-11,region_4,0.832,0.154,0.6,87.2,95.1,0,11,315,0,3.2000000000000144,46.299999999999955
2023-11-12,region_4,0.832,0.154,23.9,81.9,94.4,0,11,316,0,26.200000000000014,67.99999999999994
2023-11-13,region_4,0.832,0.154,0.6,92.7,99.3,0,11,317,0,25.100000000000016,68.49999999999996
2023-11-14,region_4,0.832,0.154,0.7,91.4,99.9,0,11,318,0,25.200000000000014,28.399999999999956
2023-11-15,region_4,0.832,0.154,61.8,85.2,95.6,0,11,319,0,63.10000000000001,90.19999999999996
2023-11-16,region_4,0.832,0.154,155.3,100.0,100.0,1,11,320,0,217.8,244.59999999999997
2023-11-17,region_4,0.832,0.154,47.6,100.0,99.1,1,11,321,0,264.70000000000005,290.5
2023-11-18,region_4,0.832,0.154,0.4,100.0,98.7,0,11,322,0,203.3,290.29999999999995
2023-11-19,region_4,0.832,0.154,1.1,95.3,98.7,0,11,323,0,49.1,267.5
2023-11-20,region_4,0.832,0.154,0.8,91.4,97.6,0,11,324,0,2.3,267.69999999999993
2023-11-21,region_4,0.832,0.154,0.6,86.3,95.8,0,11,325,0,2.5,267.59999999999997
2023-11-22,region_4,0.832,0.154,0.8,83.8,94.2,0,11,326,0,2.2,206.6
2023-11-23,region_4,0.832,0.154,0.5,80.4,93.0,0,11,327,0,1.9,51.799999999999976
2023-11-24,region_4,0.832,0.154,29.8,77.9,90.9,0,11,328,0,31.1,33.99999999999997
2023-11-25,region_4,0.832,0.154,0.1,98.4,98.6,0,11,329,0,30.400000000000002,33.699999999999974
2023-11-26,region_4,0.832,0.154,0.1,91.0,96.5,0,11,330,0,30.0,32.699999999999974
2023-11-27,region_4,0.832,0.154,0.5,89.0,96.1,0,11,331,0,0.7,32.39999999999997
2023-11-28,region_4,0.832,0.154,0.2,81.9,94.6,0,11,332,0,0.8,31.99999999999997
2023-11-29,region_4,0.832,0.154,0.2,79.9,93.2,0,11,333,0,0.8999999999999999,31.399999999999974
2023-11-30,region_4,0.832,0.154,1.7,77.5,90.0,0,11,334,0,2.1,32.59999999999997
2023-12-01,region_4,0.832,0.154,0.0,75.2,90.7,0,12,335,0,1.9,2.7999999999999714
2023-12-02,region_4,0.832,0.154,8.2,70.5,89.7,0,12,336,0,9.899999999999999,10.89999999999997
2023-12-03,region_4,0.832,0.154,0.0,75.3,88.4,0,12,337,0,8.2,10.79999999999997
2023-12-04,region_4,0.832,0.154,0.3,70.5,85.2,0,12,338,0,8.5,10.599999999999971
2023-12-05,region_4,0.832,0.154,11.1,65.9,84.0,0,12,339,0,11.4,21.49999999999997
2023-12-06,region_4,0.832,0.154,0.5,73.8,86.3,0,12,340,0,11.9,21.79999999999997
2023-12-07,region_4,0.832,0.154,0.4,65.3,83.3,0,12,341,0,12.0,20.49999999999997
2023-12-08,region_4,0.832,0.154,0.3,66.5,83.9,0,12,342,0,1.2,20.799999999999972
2023-12-09,region_4,0.832,0.154,0.4,62.1,82.6,0,12,343,0,1.1,12.999999999999972
2023-12-10,region_4,0.832,0.154,0.1,60.0,81.1,0,12,344,0,0.8,13.099999999999971
2023-12-11,region_4,0.832,0.154,7.1,60.6,77.8,0,12,345,0,7.6,19.89999999999997
2023-12-12,region_4,0.832,0.154,10.5,60.6,76.9,0,12,346,0,17.7,19.29999999999997
2023-12-13,region_4,0.832,0.154,6.8,64.5,79.9,0,12,347,0,24.400000000000002,25.59999999999997
2023-12-14,region_4,0.832,0.154,0.2,64.1,81.4,0,12,348,0,17.5,25.39999999999997
2023-12-15,region_4,0.832,0.154,3.6,62.4,79.1,0,12,349,0,10.6,28.69999999999997
2023-12-16,region_4,0.832,0.154,0.1,64.4,77.0,0,12,350,0,3.9000000000000004,28.39999999999997
2023-12-17,region_4,0.832,0.154,0.5,59.3,74.6,0,12,351,0,4.2,28.799999999999972
2023-12-18,region_4,0.832,0.154,3.4,57.2,73.6,0,12,352,0,4.0,25.09999999999997
2023-12-19,region_4,0.832,0.154,1.2,56.7,73.9,0,12,353,0,5.1,15.79999999999997
2023-12-20,region_4,0.832,0.154,1.0,54.0,71.6,0,12,354,0,5.6,9.999999999999972
2023-12-21,region_4,0.832,0.154,21.6,56.1,70.6,0,12,355,0,23.8,31.39999999999997
2023-12-22,region_4,0.832,0.154,0.4,66.8,72.9,0,12,356,0,23.0,28.199999999999967
2023-12-23,region_4,0.832,0.154,0.5,64.1,72.9,0,12,357,0,22.5,28.59999999999997
2023-12-24,region_4,0.832,0.154,0.8,63.5,71.7,0,12,358,0,1.7000000000000002,28.89999999999997
2023-12-25,region_4,0.832,0.154,6.4,58.2,70.7,0,12,359,0,7.700000000000001,31.89999999999997
2023-12-26,region_4,0.832,0.154,0.0,60.5,67.6,0,12,360,0,7.200000000000001,30.69999999999997
2023-12-27,region_4,0.832,0.154,0.3,58.2,67.3,0,12,361,0,6.700000000000001,29.99999999999997
2023-12-28,region_4,0.832,0.154,0.3,53.4,66.7,0,12,362,0,0.6000000000000009,8.699999999999969
2023-12-29,region_4,0.832,0.154,0.6,53.2,64.5,0,12,363,0,1.2000000000000008,8.899999999999968
2023-12-30,region_4,0.832,0.154,14.5,50.7,63.3,0,12,364,0,15.4,22.89999999999997
2023-12-31,region_4,0.832,0.154,0.4,58.0,66.2,0,12,365,0,15.5,22.499999999999968
2024-01-01,region_4,0.832,0.154,0.2,57.3,65.9,0,1,1,0,15.1,16.29999999999997
2024-01-02,region_4,0.832,0.154,4.2,53.3,61.4,0,1,2,0,4.8,20.499999999999968
2024-01-03,region_4,0.832,0.154,3.8,54.3,61.1,0,1,3,0,8.2,23.999999999999968
2024-01-04,region_4,0.832,0.154,0.0,54.7,60.2,0,1,4,0,8.0,23.699999999999967
2024-01-05,region_4,0.832,0.154,0.1,52.2,59.9,0,1,5,0,3.9,23.19999999999997
2024-01-06,region_4,0.832,0.154,0.4,48.7,60.7,0,1,6,0,0.5,9.099999999999968
2024-01-07,region_4,0.832,0.154,8.9,44.7,57.2,0,1,7,0,9.4,17.599999999999966
2024-01-08,region_4,0.832,0.154,0.3,50.9,58.0,0,1,8,0,9.600000000000001,17.699999999999967
2024-01-09,region_4,0.832,0.154,4.7,49.4,59.2,0,1,9,0,13.9,18.199999999999967
2024-01-10,region_4,0.832,0.154,0.0,52.6,56.9,0,1,10,0,5.0,14.399999999999968
2024-01-11,region_4,0.832,0.154,0.8,49.6,56.3,0,1,11,0,5.5,15.199999999999969
2024-01-12,region_4,0.832,0.154,0.5,49.1,53.9,0,1,12,0,1.3,15.59999999999997
2024-01-13,region_4,0.832,0.154,0.1,45.1,53.2,0,1,13,0,1.4000000000000001,15.299999999999969
2024-01-14,region_4,0.832,0.154,6.0,46.8,53.0,0,1,14,0,6.6,12.399999999999968
2024-01-15,region_4,0.832,0.154,0.5,46.9,53.1,0,1,15,0,6.6,12.599999999999968
2024-01-16,region_4,0.832,0.154,0.4,42.2,49.6,0,1,16,0,6.9,8.299999999999969
2024-01-17,region_4,0.832,0.154,0.0,41.1,50.4,0,1,17,0,0.9,8.299999999999969
2024-01-18,region_4,0.832,0.154,29.5,38.6,48.8,0,1,18,0,29.9,36.99999999999997
2024-01-19,region_4,0.832,0.154,1.6,61.9,48.5,0,1,19,0,31.1,38.099999999999966
2024-01-20,region_4,0.832,0.154,0.5,60.0,49.0,0,1,20,0,31.6,38.499999999999964
2024-01-21,region_4,0.832,0.154,0.0,57.7,49.1,0,1,21,0,2.1,32.499999999999964
2024-01-22,region_4,0.832,0.154,1.8,50.8,47.9,0,1,22,0,2.3,33.79999999999997
2024-01-23,region_4,0.832,0.154,0.6,51.5,48.0,0,1,23,0,2.4,33.99999999999997
2024-01-24,region_4,0.832,0.154,6.1,48.9,46.8,0,1,24,0,8.5,40.099999999999966
2024-01-25,region_4,0.832,0.154,0.2,52.3,45.6,0,1,25,0,6.9,10.799999999999967
2024-01-26,region_4,0.832,0.154,0.6,48.1,44.9,0,1,26,0,6.8999999999999995,9.799999999999969
2024-01-27,region_4,0.832,0.154,0.2,46.8,45.8,0,1,27,0,1.0,9.499999999999968
2024-01-28,region_4,0.832,0.154,0.4,43.6,44.7,0,1,28,0,1.2000000000000002,9.899999999999968
2024-01-29,region_4,0.832,0.154,2.5,43.8,44.1,0,1,29,0,3.1,10.599999999999968
2024-01-30,region_4,0.832,0.154,0.1,45.7,42.4,0,1,30,0,3.0,10.099999999999968
2024-01-31,region_4,0.832,0.154,0.1,42.0,43.5,0,1,31,0,2.7,4.099999999999968
2024-02-01,region_4,0.832,0.154,0.7,40.5,41.0,0,2,32,0,0.8999999999999999,4.599999999999968
2024-02-02,region_4,0.832,0.154,2.6,40.7,43.0,0,2,33,0,3.4,6.599999999999968
2024-02-03,region_4,0.832,0.154,0.5,38.8,39.9,0,2,34,0,3.8,6.899999999999968
2024-02-04,region_4,0.832,0.154,0.0,36.9,39.4,0,2,35,0,3.0999999999999996,6.499999999999968
2024-02-05,region_4,0.832,0.154,7.7,31.8,39.7,0,2,36,0,8.2,11.699999999999967
2024-02-06,region_4,0.832,0.154,0.5,39.3,37.2,0,2,37,0,8.2,12.099999999999968
2024-02-07,region_4,0.832,0.154,0.3,35.6,37.4,0,2,38,0,8.5,12.299999999999969
2024-02-08,region_4,0.832,0.154,0.7,35.4,35.8,0,2,39,0,1.5,12.299999999999967
2024-02-09,region_4,0.832,0.154,7.1,34.7,36.2,0,2,40,0,8.1,16.79999999999997
2024-02-10,region_4,0.832,0.154,0.1,36.7,34.4,0,2,41,0,7.8999999999999995,16.399999999999967
2024-02-11,region_4,0.832,0.154,2.7,35.4,36.6,0,2,42,0,9.9,19.099999999999966
2024-02-12,region_4,0.832,0.154,0.5,33.5,35.5,0,2,43,0,3.3000000000000003,11.899999999999968
2024-02-13,region_4,0.832,0.154,0.5,32.7,33.8,0,2,44,0,3.7,11.899999999999967
2024-02-14,region_4,0.832,0.154,0.6,33.0,34.0,0,2,45,0,1.6,12.199999999999967
2024-02-15,region_4,0.832,0.154,0.2,28.8,33.3,0,2,46,0,1.3,11.699999999999967
2024-02-16,region_4,0.832,0.154,7.8,32.8,32.9,0,2,47,0,8.6,12.399999999999967
2024-02-17,region_4,0.832,0.154,0.8,33.7,31.2,0,2,48,0,8.8,13.099999999999968
2024-02-18,region_4,0.832,0.154,41.3,33.3,32.1,0,2,49,0,49.9,51.69999999999996
2024-02-19,region_4,0.832,0.154,7.7,55.7,33.5,0,2,50,0,49.800000000000004,58.89999999999996
2024-02-20,region_4,0.832,0.154,0.7,58.8,35.9,0,2,51,0,49.699999999999996,59.09999999999996
2024-02-21,region_4,0.832,0.154,1.8,56.9,34.7,0,2,52,0,10.2,60.29999999999996
2024-02-22,region_4,0.832,0.154,37.4,52.6,33.5,0,2,53,0,39.9,97.49999999999997
2024-02-23,region_4,0.832,0.154,16.4,76.6,40.8,0,2,54,0,55.599999999999994,106.09999999999997
2024-02-24,region_4,0.832,0.154,1.0,87.0,44.6,0,2,55,0,54.8,106.29999999999995
2024-02-25,region_4,0.832,0.154,0.9,81.8,42.1,0,2,56,0,18.299999999999997,65.89999999999998
2024-02-26,region_4,0.832,0.154,0.0,78.5,41.1,0,2,57,0,1.9,58.19999999999996
2024-02-27,region_4,0.832,0.154,3.7,74.2,40.4,0,2,58,0,4.6,61.19999999999997
2024-02-28,region_4,0.832,0.154,0.9,72.2,41.9,0,2,59,0,4.6000000000000005,60.29999999999996
2024-02-29,region_4,0.832,0.154,0.3,70.5,40.6,0,2,60,0,4.9,23.199999999999964
2024-03-01,region_4,0.832,0.154,0.1,67.3,40.6,0,3,61,0,1.3,6.899999999999965
2024-03-02,region_4,0.832,0.154,0.2,64.7,40.8,0,3,62,0,0.6,6.099999999999965
2024-03-03,region_4,0.832,0.154,35.9,59.6,40.7,0,3,63,0,36.199999999999996,41.099999999999966
2024-03-04,region_4,0.832,0.154,1.0,85.9,47.0,0,3,64,0,37.099999999999994,42.099999999999966
2024-03-05,region_4,0.832,0.154,31.0,81.6,45.5,0,3,65,0,67.9,69.39999999999996
2024-03-06,region_4,0.832,0.154,5.6,99.5,58.1,0,3,66,0,37.6,74.09999999999997
2024-03-07,region_4,0.832,0.154,0.4,100.0,59.9,0,3,67,0,37.0,74.19999999999996
2024-03-08,region_4,0.832,0.154,0.2,91.8,59.5,0,3,68,0,6.199999999999999,74.29999999999997
2024-03-09,region_4,0.832,0.154,12.0,92.1,58.9,0,3,69,0,12.6,86.09999999999997
2024-03-10,region_4,0.832,0.154,1.8,97.4,64.1,0,3,70,0,14.0,51.999999999999964
2024-03-11,region_4,0.832,0.154,0.0,95.8,63.0,0,3,71,0,13.8,50.999999999999964
2024-03-12,region_4,0.832,0.154,34.8,85.6,61.1,0,3,72,0,36.599999999999994,54.79999999999996
2024-03-13,region_4,0.832,0.154,0.8,100.0,72.8,0,3,73,0,35.599999999999994,49.99999999999996
2024-03-14,region_4,0.832,0.154,0.1,94.1,71.6,0,3,74,0,35.699999999999996,49.69999999999996
2024-03-15,region_4,0.832,0.154,1.0,92.2,70.0,0,3,75,0,1.9000000000000001,50.49999999999996
2024-03-16,region_4,0.832,0.154,0.3,88.5,68.5,0,3,76,0,1.4000000000000001,38.79999999999996
2024-03-17,region_4,0.832,0.154,0.5,85.9,67.8,0,3,77,0,1.8,37.499999999999964
2024-03-18,region_4,0.832,0.154,21.7,79.9,67.7,0,3,78,0,22.5,59.19999999999996
2024-03-19,region_4,0.832,0.154,1.7,89.4,74.6,0,3,79,0,23.9,26.099999999999962
2024-03-20,region_4,0.832,0.154,1.3,88.4,72.3,0,3,80,0,24.7,26.599999999999962
2024-03-21,region_4,0.832,0.154,0.4,86.2,72.2,0,3,81,0,3.4,26.899999999999963
2024-03-22,region_4,0.832,0.154,0.1,81.7,70.4,0,3,82,0,1.8,25.999999999999964
2024-03-23,region_4,0.832,0.154,7.9,76.0,70.9,0,3,83,0,8.4,33.599999999999966
2024-03-24,region_4,0.832,0.154,0.8,81.6,71.9,0,3,84,0,8.8,33.89999999999996
2024-03-25,region_4,0.832,0.154,0.9,81.2,69.9,0,3,85,0,9.6,13.099999999999964
2024-03-26,region_4,0.832,0.154,0.4,74.3,69.2,0,3,86,0,2.1,11.799999999999965
2024-03-27,region_4,0.832,0.154,1.3,72.4,66.1,0,3,87,0,2.6,11.799999999999965
2024-03-28,region_4,0.832,0.154,1.0,68.6,67.0,0,3,88,0,2.7,12.399999999999965
2024-03-29,region_4,0.832,0.154,61.4,64.0,66.7,0,3,89,0,63.699999999999996,73.69999999999996
2024-03-30,region_4,0.832,0.154,0.6,97.8,80.7,0,3,90,0,63.0,66.39999999999996
2024-03-31,region_4,0.832,0.154,9.6,95.7,78.6,0,3,91,0,71.6,75.19999999999996
2024-04-01,region_4,0.832,0.154,9.7,98.8,83.4,0,4,92,0,19.9,83.99999999999997
2024-04-02,region_4,0.832,0.154,7.2,99.4,87.5,0,4,93,0,26.499999999999996,90.79999999999997
2024-04-03,region_4,0.832,0.154,2.0,100.0,89.5,0,4,94,0,18.9,91.49999999999997
2024-04-04,region_4,0.832,0.154,0.3,95.0,87.7,0,4,95,0,9.5,90.79999999999997
2024-04-05,region_4,0.832,0.154,0.2,92.0,87.2,0,4,96,0,2.5,29.59999999999997
2024-04-06,region_4,0.832,0.154,1.6,87.7,83.8,0,4,97,0,2.1,30.59999999999997
2024-04-07,region_4,0.832,0.154,47.2,83.3,84.3,0,4,98,0,49.0,68.19999999999997
2024-04-08,region_4,0.832,0.154,1.0,98.3,100.0,0,4,99,0,49.8,59.49999999999997
2024-04-09,region_4,0.832,0.154,0.7,93.8,97.0,0,4,100,0,48.900000000000006,52.99999999999998
2024-04-10,region_4,0.832,0.154,0.5,94.6,97.1,0,4,101,0,2.2,51.49999999999998
2024-04-11,region_4,0.832,0.154,1.2,85.7,96.8,0,4,102,0,2.4,52.39999999999997
2024-04-12,region_4,0.832,0.154,0.1,84.2,93.2,0,4,103,0,1.8,52.299999999999976
2024-04-13,region_4,0.832,0.154,0.2,81.1,92.8,0,4,104,0,1.5,50.89999999999998
2024-04-14,region_4,0.832,0.154,48.1,77.8,91.5,0,4,105,0,48.4,51.799999999999976
2024-04-15,region_4,0.832,0.154,1.4,100.0,100.0,0,4,106,0,49.699999999999996,52.199999999999974
2024-04-16,region_4,0.832,0.154,2.5,94.1,99.2,0,4,107,0,52.0,53.99999999999997
2024-04-17,region_4,0.832,0.154,2.4,93.5,97.6,0,4,108,0,6.3,55.89999999999997
2024-04-18,region_4,0.832,0.154,8.4,89.3,98.5,0,4,109,0,13.3,63.09999999999998
2024-04-19,region_4,0.832,0.154,0.6,94.0,100.0,0,4,110,0,11.4,63.59999999999997
2024-04-20,region_4,0.832,0.154,3.3,88.2,97.1,0,4,111,0,12.3,66.69999999999997
2024-04-21,region_4,0.832,0.154,0.0,87.2,97.6,0,4,112,0,3.9,18.59999999999997
2024-04-22,region_4,0.832,0.154,1.9,81.3,94.1,0,4,113,0,5.199999999999999,19.099999999999973
2024-04-23,region_4,0.832,0.154,5.6,78.3,95.2,0,4,114,0,7.499999999999999,22.19999999999997
2024-04-24,region_4,0.832,0.154,0.3,78.9,95.1,0,4,115,0,7.799999999999999,20.09999999999997
2024-04-25,region_4,0.832,0.154,5.2,74.8,92.3,0,4,116,0,11.099999999999998,16.89999999999997
2024-04-26,region_4,0.832,0.154,1.0,76.9,95.9,0,4,117,0,6.499999999999999,17.29999999999997
2024-04-27,region_4,0.832,0.154,4.3,73.0,90.9,0,4,118,0,10.5,18.29999999999997
2024-04-28,region_4,0.832,0.154,1.8,73.1,92.2,0,4,119,0,7.099999999999999,20.09999999999997
2024-04-29,region_4,0.832,0.154,0.5,68.5,90.7,0,4,120,0,6.599999999999999,18.69999999999997
2024-04-30,region_4,0.832,0.154,0.3,68.0,88.6,0,4,121,0,2.599999999999999,13.39999999999997
2024-05-01,region_4,0.832,0.154,3.7,64.0,87.2,0,5,122,0,4.499999999999999,16.799999999999972
2024-05-02,region_4,0.832,0.154,0.4,66.1,86.1,0,5,123,0,4.3999999999999995,11.999999999999973
2024-05-03,region_4,0.832,0.154,34.3,64.2,85.5,0,5,124,0,38.4,45.29999999999997
2024-05-04,region_4,0.832,0.154,12.1,84.1,91.3,0,5,125,0,46.8,53.09999999999997
2024-05-05,region_4,0.832,0.154,11.2,90.5,94.1,0,5,126,0,57.599999999999994,62.499999999999964
2024-05-06,region_4,0.832,0.154,0.9,91.9,97.4,0,5,127,0,24.2,62.89999999999996
2024-05-07,region_4,0.832,0.154,10.9,88.9,94.6,0,5,128,0,23.0,73.49999999999997
2024-05-08,region_4,0.832,0.154,1.3,90.3,98.3,0,5,129,0,13.100000000000001,71.09999999999997
2024-05-09,region_4,0.832,0.154,2.3,87.6,96.9,0,5,130,0,14.5,72.99999999999997
2024-05-10,region_4,0.832,0.154,53.8,84.1,96.6,0,5,131,0,57.4,92.49999999999997
2024-05-11,region_4,0.832,0.154,0.7,100.0,98.6,0,5,132,0,56.800000000000004,81.09999999999997
2024-05-12,region_4,0.832,0.154,1.0,96.2,96.8,0,5,133,0,55.5,70.89999999999996
2024-05-13,region_4,0.832,0.154,2.3,91.6,98.3,0,5,134,0,4.0,72.29999999999995
2024-05-14,region_4,0.832,0.154,7.2,88.8,96.2,0,5,135,1,10.5,68.59999999999997
2024-05-15,region_4,0.832,0.154,3.1,92.5,97.2,0,5,136,1,12.6,70.39999999999996
2024-05-16,region_4,0.832,0.154,35.8,87.4,97.4,0,5,137,1,46.099999999999994,103.89999999999996
2024-05-17,region_4,0.832,0.154,4.6,100.0,98.5,0,5,138,1,43.49999999999999,54.69999999999997
2024-05-18,region_4,0.832,0.154,13.8,98.7,100.0,0,5,139,1,54.19999999999999,67.79999999999997
2024-05-19,region_4,0.832,0.154,53.3,100.0,98.7,0,5,140,1,71.69999999999999,120.09999999999997
2024-05-20,region_4,0.832,0.154,0.3,100.0,98.3,0,5,141,1,67.39999999999999,118.09999999999997
2024-05-21,region_4,0.832,0.154,0.4,96.8,99.5,0,5,142,1,53.99999999999999,111.29999999999995
2024-05-22,region_4,0.832,0.154,1.9,92.1,99.4,0,5,143,1,2.5999999999999925,110.09999999999997
2024-05-23,region_4,0.832,0.154,7.0,89.5,94.5,0,5,144,1,9.299999999999994,81.29999999999997
2024-05-24,region_4,0.832,0.154,2.2,87.2,96.9,0,5,145,1,11.099999999999993,78.89999999999998
2024-05-25,region_4,0.832,0.154,2.9,84.3,98.9,0,5,146,1,12.099999999999993,67.99999999999996
2024-05-26,region_4,0.832,0.154,3.3,85.4,93.2,0,5,147,1,8.399999999999993,17.99999999999997
2024-05-27,region_4,0.832,0.154,0.7,80.0,94.7,0,5,148,1,6.899999999999992,18.39999999999997
2024-05-28,region_4,0.832,0.154,4.9,78.2,94.1,0,5,149,1,8.899999999999993,22.89999999999997
2024-05-29,region_4,0.832,0.154,6.0,79.9,92.2,0,5,150,1,11.599999999999994,26.99999999999997
2024-05-30,region_4,0.832,0.154,34.8,77.8,95.0,0,5,151,1,45.69999999999999,54.79999999999997
2024-05-31,region_4,0.832,0.154,2.7,98.9,100.0,0,5,152,1,43.49999999999999,55.299999999999976
2024-06-01,region_4,0.832,0.154,0.3,94.9,98.9,0,6,153,1,37.79999999999999,52.69999999999997
2024-06-02,region_4,0.832,0.154,9.5,92.5,96.9,0,6,154,1,12.499999999999993,58.89999999999997
2024-06-03,region_4,0.832,0.154,3.0,94.0,99.3,0,6,155,1,12.799999999999994,61.19999999999997
2024-06-04,region_4,0.832,0.154,10.1,93.8,99.0,0,6,156,1,22.599999999999994,66.39999999999996
2024-06-05,region_4,0.832,0.154,16.5,96.3,100.0,0,6,157,1,29.599999999999994,76.89999999999998
2024-06-06,region_4,0.832,0.154,14.9,100.0,100.0,0,6,158,1,41.49999999999999,56.99999999999997
2024-06-07,region_4,0.832,0.154,17.5,100.0,99.5,0,6,159,1,48.89999999999999,71.79999999999997
2024-06-08,region_4,0.832,0.154,3.3,100.0,100.0,0,6,160,1,35.69999999999999,74.79999999999997
2024-06-09,region_4,0.832,0.154,0.7,96.7,100.0,0,6,161,1,21.499999999999993,65.99999999999997
2024-06-10,region_4,0.832,0.154,9.0,96.0,99.0,0,6,162,1,12.999999999999993,71.99999999999997
2024-06-11,region_4,0.832,0.154,0.4,96.2,100.0,0,6,163,1,10.099999999999993,62.29999999999997
2024-06-12,region_4,0.832,0.154,22.0,92.3,98.0,0,6,164,1,31.39999999999999,67.79999999999997
2024-06-13,region_4,0.832,0.154,5.4,99.1,98.4,0,6,165,1,27.79999999999999,58.29999999999997
2024-06-14,region_4,0.832,0.154,0.2,99.0,99.8,0,6,166,1,27.599999999999994,40.99999999999997
2024-06-15,region_4,0.832,0.154,2.3,92.8,100.0,0,6,167,1,7.899999999999993,39.99999999999997
2024-06-16,region_4,0.832,0.154,8.2,88.4,96.7,0,6,168,1,10.699999999999992,47.49999999999997
2024-06-17,region_4,0.832,0.154,16.3,97.3,100.0,0,6,169,1,26.799999999999994,54.79999999999997
2024-06-18,region_4,0.832,0.154,0.7,97.9,99.3,0,6,170,1,25.199999999999992,55.09999999999997
2024-06-19,region_4,0.832,0.154,2.5,97.4,99.2,0,6,171,1,19.499999999999993,35.59999999999997
2024-06-20,region_4,0.832,0.154,40.9,94.3,98.7,0,6,172,1,44.099999999999994,71.09999999999997
2024-06-21,region_4,0.832,0.154,6.6,100.0,99.5,0,6,173,1,49.999999999999986,77.49999999999997
2024-06-22,region_4,0.832,0.154,2.4,99.5,99.4,0,6,174,1,49.899999999999984,77.59999999999997
2024-06-23,region_4,0.832,0.154,52.5,94.6,100.0,1,6,175,1,61.499999999999986,121.89999999999998
2024-06-24,region_4,0.832,0.154,1.0,100.0,100.0,0,6,176,1,55.899999999999984,106.59999999999997
2024-06-25,region_4,0.832,0.154,0.6,97.9,99.5,0,6,177,1,54.09999999999999,106.49999999999997
2024-06-26,region_4,0.832,0.154,3.4,92.7,97.0,0,6,178,1,4.999999999999986,107.39999999999998
2024-06-27,region_4,0.832,0.154,2.4,89.7,95.5,0,6,179,1,6.399999999999986,68.89999999999996
2024-06-28,region_4,0.832,0.154,1.7,89.1,95.7,0,6,180,1,7.499999999999986,63.99999999999997
2024-06-29,region_4,0.832,0.154,23.2,85.0,93.5,0,6,181,1,27.299999999999983,84.79999999999997
2024-06-30,region_4,0.832,0.154,44.6,95.1,100.0,0,6,182,1,69.5,76.89999999999998
2024-07-01,region_4,0.832,0.154,4.0,100.0,98.9,0,7,183,1,71.79999999999998,79.89999999999998
2024-07-02,region_4,0.832,0.154,2.3,97.8,99.2,0,7,184,1,50.899999999999984,81.59999999999998
2024-07-03,region_4,0.832,0.154,59.7,92.7,99.3,0,7,185,1,66.0,137.89999999999998
2024-07-04,region_4,0.832,0.154,3.9,100.0,100.0,0,7,186,1,65.89999999999999,139.39999999999998
2024-07-05,region_4,0.832,0.154,8.2,99.1,98.8,0,7,187,1,71.8,145.89999999999998
2024-07-06,region_4,0.832,0.154,0.3,94.5,99.3,0,7,188,1,12.399999999999993,122.99999999999999
2024-07-07,region_4,0.832,0.154,7.8,95.1,97.7,0,7,189,1,16.29999999999999,86.19999999999997
2024-07-08,region_4,0.832,0.154,24.4,98.0,100.0,0,7,190,1,32.499999999999986,106.59999999999997
2024-07-09,region_4,0.832,0.154,62.7,100.0,99.1,0,7,191,1,94.89999999999999,166.99999999999997
2024-07-10,region_4,0.832,0.154,33.3,100.0,98.8,0,7,192,1,120.39999999999999,140.59999999999997
2024-07-11,region_4,0.832,0.154,33.7,100.0,99.2,0,7,193,1,129.7,170.39999999999998
2024-07-12,region_4,0.832,0.154,8.8,99.1,100.0,0,7,194,1,75.79999999999998,170.99999999999997
2024-07-13,region_4,0.832,0.154,47.3,100.0,98.4,1,7,195,1,89.79999999999998,217.99999999999994
2024-07-14,region_4,0.832,0.154,0.3,100.0,100.0,0,7,196,1,56.39999999999998,210.49999999999997
2024-07-15,region_4,0.832,0.154,20.1,97.3,99.0,0,7,197,1,67.69999999999999,206.19999999999996
2024-07-16,region_4,0.832,0.154,0.1,98.4,100.0,0,7,198,1,20.49999999999999,143.59999999999997
2024-07-17,region_4,0.832,0.154,60.4,97.4,98.5,0,7,199,1,80.6,170.69999999999996
2024-07-18,region_4,0.832,0.154,29.6,99.5,100.0,0,7,200,1,90.1,166.59999999999997
2024-07-19,region_4,0.832,0.154,25.2,99.9,99.2,0,7,201,1,115.19999999999999,182.99999999999997
2024-07-20,region_4,0.832,0.154,47.5,100.0,99.5,0,7,202,1,102.29999999999998,183.2
2024-07-21,region_4,0.832,0.154,3.5,100.0,99.5,0,7,203,1,76.19999999999999,186.39999999999998
2024-07-22,region_4,0.832,0.154,4.5,95.5,98.5,0,7,204,1,55.499999999999986,170.79999999999998
2024-07-23,region_4,0.832,0.154,5.3,95.3,100.0,0,7,205,1,13.299999999999986,175.99999999999997
2024-07-24,region_4,0.832,0.154,48.6,95.5,98.8,0,7,206,1,58.39999999999999,164.2
2024-07-25,region_4,0.832,0.154,40.7,100.0,99.5,0,7,207,1,94.6,175.29999999999995
2024-07-26,region_4,0.832,0.154,17.8,100.0,99.7,0,7,208,1,107.1,167.89999999999998
2024-07-27,region_4,0.832,0.154,77.2,100.0,100.0,0,7,209,1,135.7,197.59999999999997
2024-07-28,region_4,0.832,0.154,33.2,98.1,99.6,0,7,210,1,128.2,227.29999999999998
2024-07-29,region_4,0.832,0.154,123.5,99.4,99.3,1,7,211,1,233.9,346.29999999999995
2024-07-30,region_4,0.832,0.154,5.2,100.0,100.0,0,7,212,1,161.89999999999998,346.2
2024-07-31,region_4,0.832,0.154,14.5,97.1,100.0,0,7,213,1,143.2,312.1
2024-08-01,region_4,0.832,0.154,10.9,100.0,100.0,0,8,214,1,30.6,282.29999999999995
2024-08-02,region_4,0.832,0.154,2.2,99.6,100.0,0,8,215,1,27.6,266.7
2024-08-03,region_4,0.832,0.154,28.3,94.3,98.0,0,8,216,1,41.400000000000006,217.79999999999995
2024-08-04,region_4,0.832,0.154,11.9,98.7,98.3,0,8,217,1,42.400000000000006,196.49999999999997
2024-08-05,region_4,0.832,0.154,168.9,98.7,100.0,0,8,218,1,209.10000000000002,241.89999999999998
2024-08-06,region_4,0.832,0.154,20.8,100.0,100.0,0,8,219,1,201.6,257.5
2024-08-07,region_4,0.832,0.154,2.2,98.9,100.0,0,8,220,1,191.9,245.2
2024-08-08,region_4,0.832,0.154,53.8,99.0,100.0,1,8,221,1,76.8,288.09999999999997
2024-08-09,region_4,0.832,0.154,39.3,99.1,99.3,0,8,222,1,95.3,325.2
2024-08-10,region_4,0.832,0.154,1.4,100.0,100.0,0,8,223,1,94.5,298.29999999999995
2024-08-11,region_4,0.832,0.154,34.0,96.8,99.5,0,8,224,1,74.69999999999999,320.3999999999999
2024-08-12,region_4,0.832,0.154,0.6,100.0,100.0,0,8,225,1,36.0,152.09999999999997
2024-08-13,region_4,0.832,0.154,1.7,97.0,100.0,0,8,226,1,36.3,132.99999999999994
2024-08-14,region_4,0.832,0.154,23.6,92.7,98.2,0,8,227,1,25.900000000000002,154.39999999999998
2024-08-15,region_4,0.832,0.154,86.3,100.0,99.5,1,8,228,1,111.6,186.89999999999998
2024-08-16,region_4,0.832,0.154,0.7,97.8,100.0,0,8,229,1,110.6,148.29999999999995
2024-08-17,region_4,0.832,0.154,3.4,93.9,99.6,0,8,230,1,90.39999999999999,150.29999999999998
2024-08-18,region_4,0.832,0.154,50.4,92.3,99.8,0,8,231,1,54.5,166.7
2024-08-19,region_4,0.832,0.154,0.1,98.4,100.0,0,8,232,1,53.9,166.2
2024-08-20,region_4,0.832,0.154,0.5,95.8,97.6,0,8,233,1,51.0,164.99999999999997
2024-08-21,region_4,0.832,0.154,56.2,91.0,97.7,0,8,234,1,56.800000000000004,197.59999999999997
2024-08-22,region_4,0.832,0.154,53.6,100.0,99.4,1,8,235,1,110.30000000000001,164.89999999999998
2024-08-23,region_4,0.832,0.154,26.7,100.0,100.0,0,8,236,1,136.5,190.89999999999998
2024-08-24,region_4,0.832,0.154,0.3,99.2,100.0,0,8,237,1,80.6,187.79999999999998
2024-08-25,region_4,0.832,0.154,107.7,95.6,99.1,0,8,238,1,134.7,245.09999999999997
2024-08-26,region_4,0.832,0.154,103.0,100.0,99.4,1,8,239,1,211.0,348.0
2024-08-27,region_4,0.832,0.154,44.7,100.0,98.9,1,8,240,1,255.40000000000003,392.2
2024-08-28,region_4,0.832,0.154,14.1,100.0,99.7,0,8,241,1,161.8,350.1
2024-08-29,region_4,0.832,0.154,58.0,98.8,100.0,1,8,242,1,116.80000000000001,354.5
2024-08-30,region_4,0.832,0.154,1.1,100.0,99.2,0,8,243,1,73.2,328.9
2024-08-31,region_4,0.832,0.154,42.1,94.4,96.9,0,8,244,1,101.2,370.7
2024-09-01,region_4,0.832,0.154,44.6,100.0,100.0,0,9,245,1,87.80000000000001,307.6
2024-09-02,region_4,0.832,0.154,2.4,100.0,98.7,0,9,246,1,89.10000000000001,207.0
2024-09-03,region_4,0.832,0.154,27.8,96.2,99.3,0,9,247,1,74.8,190.09999999999997
2024-09-04,region_4,0.832,0.154,18.0,100.0,100.0,0,9,248,1,48.2,193.99999999999997
2024-09-05,region_4,0.832,0.154,4.1,100.0,99.2,0,9,249,1,49.9,140.1
2024-09-06,region_4,0.832,0.154,32.1,98.2,99.8,0,9,250,1,54.2,171.1
2024-09-07,region_4,0.832,0.154,1.4,99.0,100.0,0,9,251,1,37.599999999999994,130.39999999999998
2024-09-08,region_4,0.832,0.154,1.8,95.4,97.0,0,9,252,1,35.3,87.59999999999997
2024-09-09,region_4,0.832,0.154,1.1,93.9,98.7,0,9,253,1,4.299999999999993,86.29999999999997
2024-09-10,region_4,0.832,0.154,23.0,89.6,96.3,0,9,254,1,25.89999999999999,81.49999999999997
2024-09-11,region_4,0.832,0.154,3.0,100.0,99.2,0,9,255,1,27.09999999999999,66.49999999999997
2024-09-12,region_4,0.832,0.154,58.4,97.4,99.8,0,9,256,1,84.39999999999999,120.79999999999997
2024-09-13,region_4,0.832,0.154,4.0,98.0,99.6,0,9,257,1,65.39999999999999,92.69999999999996
2024-09-14,region_4,0.832,0.154,1.2,98.4,100.0,0,9,258,1,63.599999999999994,92.49999999999997
2024-09-15,region_4,0.832,0.154,51.9,94.3,99.3,0,9,259,1,57.099999999999994,142.59999999999997
2024-09-16,region_4,0.832,0.154,3.9,99.2,100.0,0,9,260,1,56.99999999999999,145.39999999999998
2024-09-17,region_4,0.832,0.154,25.3,95.5,99.3,0,9,261,1,81.1,147.69999999999996
2024-09-18,region_4,0.832,0.154,4.0,98.0,100.0,0,9,262,1,33.19999999999999,148.69999999999996
2024-09-19,region_4,0.832,0.154,19.3,97.4,100.0,0,9,263,1,48.599999999999994,109.59999999999997
2024-09-20,region_4,0.832,0.154,0.9,100.0,98.8,0,9,264,1,24.199999999999992,106.49999999999997
2024-09-21,region_4,0.832,0.154,3.7,97.2,97.9,0,9,265,1,23.899999999999995,108.99999999999997
2024-09-22,region_4,0.832,0.154,1.5,96.1,97.8,0,9,266,0,6.0999999999999925,58.59999999999997
2024-09-23,region_4,0.832,0.154,2.9,89.7,99.9,0,9,267,0,8.099999999999993,57.59999999999997
2024-09-24,region_4,0.832,0.154,0.6,88.8,98.1,0,9,268,0,4.999999999999993,32.89999999999997
2024-09-25,region_4,0.832,0.154,3.2,84.3,96.2,0,9,269,0,6.699999999999993,32.09999999999997
2024-09-26,region_4,0.832,0.154,0.6,84.1,96.7,0,9,270,0,4.399999999999993,13.399999999999972
2024-09-27,region_4,0.832,0.154,20.4,81.0,95.3,0,9,271,0,24.199999999999992,32.89999999999997
2024-09-28,region_4,0.832,0.154,1.2,91.7,98.0,0,9,272,0,22.199999999999992,30.39999999999997
2024-09-29,region_4,0.832,0.154,21.8,87.4,97.9,0,9,273,0,43.39999999999999,50.699999999999974
2024-09-30,region_4,0.832,0.154,0.1,99.2,99.9,0,9,274,0,23.099999999999994,47.89999999999997
2024-10-01,region_4,0.832,0.154,0.0,94.7,96.9,0,10,275,0,21.899999999999995,47.29999999999997
2024-10-02,region_4,0.832,0.154,3.5,89.9,97.7,0,10,276,0,3.599999999999993,47.599999999999966
2024-10-03,region_4,0.832,0.154,0.8,87.8,96.2,0,10,277,0,4.299999999999993,47.799999999999976
2024-10-04,region_4,0.832,0.154,3.0,82.7,93.2,0,10,278,0,7.299999999999993,30.39999999999997
2024-10-05,region_4,0.832,0.154,2.1,79.2,91.0,0,10,279,0,5.899999999999993,31.299999999999972
2024-10-06,region_4,0.832,0.154,7.4,77.2,91.7,0,10,280,0,12.499999999999993,16.89999999999997
2024-10-07,region_4,0.832,0.154,0.3,81.2,93.0,0,10,281,0,9.799999999999994,17.09999999999997
2024-10-08,region_4,0.832,0.154,1.8,77.8,91.9,0,10,282,0,9.499999999999995,18.89999999999997
2024-10-09,region_4,0.832,0.154,2.6,75.7,91.1,0,10,283,0,4.699999999999994,17.99999999999997
2024-10-10,region_4,0.832,0.154,2.2,73.1,88.4,0,10,284,0,6.599999999999994,19.39999999999997
2024-10-11,region_4,0.832,0.154,13.4,71.9,88.4,0,10,285,0,18.199999999999996,29.799999999999972
2024-10-12,region_4,0.832,0.154,0.5,75.3,90.4,0,10,286,0,16.099999999999994,28.19999999999997
2024-10-13,region_4,0.832,0.154,4.6,73.7,89.9,0,10,287,0,18.499999999999993,25.39999999999997
2024-10-14,region_4,0.832,0.154,13.7,73.7,89.6,0,10,288,0,18.79999999999999,38.79999999999997
2024-10-15,region_4,0.832,0.154,8.9,79.3,92.1,0,10,289,0,27.199999999999992,45.89999999999998
2024-10-16,region_4,0.832,0.154,15.4,84.8,93.3,0,10,290,0,37.99999999999999,58.699999999999974
2024-10-17,region_4,0.832,0.154,0.6,91.4,93.9,0,10,291,0,24.89999999999999,57.09999999999997
2024-10-18,region_4,0.832,0.154,4.7,87.7,94.0,0,10,292,0,20.699999999999992,48.39999999999997
2024-10-19,region_4,0.832,0.154,9.0,86.8,93.9,0,10,293,0,14.299999999999992,56.89999999999997
2024-10-20,region_4,0.832,0.154,1.0,89.2,96.4,0,10,294,0,14.699999999999992,53.29999999999997
2024-10-21,region_4,0.832,0.154,0.9,87.1,95.0,0,10,295,0,10.899999999999993,40.49999999999997
2024-10-22,region_4,0.832,0.154,25.6,79.8,95.3,0,10,296,0,27.499999999999993,57.199999999999974
2024-10-23,region_4,0.832,0.154,18.9,99.3,100.0,0,10,297,0,45.39999999999999,60.699999999999974
2024-10-24,region_4,0.832,0.154,3.7,100.0,100.0,0,10,298,0,48.199999999999996,63.79999999999997
2024-10-25,region_4,0.832,0.154,1.2,99.5,100.0,0,10,299,0,23.79999999999999,60.29999999999997
2024-10-26,region_4,0.832,0.154,2.2,92.6,97.5,0,10,300,0,7.099999999999993,53.499999999999964
2024-10-27,region_4,0.832,0.154,0.3,92.5,98.6,0,10,301,0,3.699999999999993,52.799999999999976
2024-10-28,region_4,0.832,0.154,0.9,86.8,95.9,0,10,302,0,3.3999999999999932,52.79999999999997
2024-10-29,region_4,0.832,0.154,3.6,81.1,93.9,0,10,303,0,4.799999999999993,30.79999999999997
2024-10-30,region_4,0.832,0.154,13.5,79.6,93.1,0,10,304,0,17.999999999999993,25.39999999999997
2024-10-31,region_4,0.832,0.154,2.2,84.5,99.8,0,10,305,0,19.299999999999994,23.899999999999974
2024-11-01,region_4,0.832,0.154,1.8,83.8,96.3,0,11,306,0,17.499999999999993,24.499999999999975
2024-11-02,region_4,0.832,0.154,1.3,81.6,96.6,0,11,307,0,5.299999999999994,23.59999999999997
2024-11-03,region_4,0.832,0.154,4.6,78.4,94.7,0,11,308,0,7.699999999999993,27.89999999999997
2024-11-04,region_4,0.832,0.154,0.4,76.9,95.2,0,11,309,0,6.299999999999994,27.39999999999997
2024-11-05,region_4,0.832,0.154,33.2,73.1,90.6,0,11,310,0,38.199999999999996,56.99999999999997
2024-11-06,region_4,0.832,0.154,14.7,92.4,100.0,0,11,311,0,48.3,58.199999999999974
2024-11-07,region_4,0.832,0.154,1.6,100.0,100.0,0,11,312,0,49.49999999999999,57.59999999999997
2024-11-08,region_4,0.832,0.154,0.1,96.0,98.4,0,11,313,0,16.39999999999999,55.89999999999997
2024-11-09,region_4,0.832,0.154,0.8,89.9,98.2,0,11,314,0,2.499999999999993,55.39999999999998
2024-11-10,region_4,0.832,0.154,0.7,86.6,95.0,0,11,315,0,1.599999999999993,51.49999999999997
2024-11-11,region_4,0.832,0.154,0.6,84.5,94.1,0,11,316,0,2.0999999999999925,51.699999999999974
2024-11-12,region_4,0.832,0.154,1.2,78.7,91.8,0,11,317,0,2.499999999999993,19.69999999999997
2024-11-13,region_4,0.832,0.154,0.8,77.7,92.1,0,11,318,0,2.5999999999999925,5.799999999999971
2024-11-14,region_4,0.832,0.154,0.2,73.1,89.7,0,11,319,0,2.199999999999993,4.399999999999971
2024-11-15,region_4,0.832,0.154,1.8,69.8,88.3,0,11,320,0,2.7999999999999927,6.099999999999971
2024-11-16,region_4,0.832,0.154,19.0,69.6,86.3,0,11,321,0,20.999999999999993,24.299999999999972
2024-11-17,region_4,0.832,0.154,0.5,76.9,91.7,0,11,322,0,21.299999999999994,24.099999999999973
2024-11-18,region_4,0.832,0.154,1.2,72.2,88.9,0,11,323,0,20.699999999999992,24.69999999999997
2024-11-19,region_4,0.832,0.154,0.8,68.3,88.0,0,11,324,0,2.499999999999993,24.299999999999972
2024-11-20,region_4,0.832,0.154,0.2,64.6,85.9,0,11,325,0,2.199999999999993,23.69999999999997
2024-11-21,region_4,0.832,0.154,2.3,64.5,83.1,0,11,326,0,3.2999999999999927,25.799999999999972
2024-11-22,region_4,0.832,0.154,0.0,63.0,82.9,0,11,327,0,2.499999999999993,23.99999999999997
2024-11-23,region_4,0.832,0.154,0.5,62.4,82.0,0,11,328,0,2.7999999999999927,5.499999999999972
2024-11-24,region_4,0.832,0.154,0.3,57.9,80.5,0,11,329,0,0.7999999999999929,5.299999999999971
2024-11-25,region_4,0.832,0.154,0.2,55.5,80.7,0,11,330,0,0.9999999999999929,4.299999999999971
2024-11-26,region_4,0.832,0.154,0.0,51.4,79.2,0,11,331,0,0.4999999999999929,3.4999999999999716
2024-11-27,region_4,0.832,0.154,2.1,48.6,76.9,0,11,332,0,2.299999999999993,5.399999999999972
2024-11-28,region_4,0.832,0.154,7.8,50.0,77.0,0,11,333,0,9.899999999999993,10.89999999999997
2024-11-29,region_4,0.832,0.154,6.4,51.3,74.0,0,11,334,0,16.299999999999994,17.299999999999972
2024-11-30,region_4,0.832,0.154,0.1,51.9,74.5,0,11,335,0,14.299999999999994,16.89999999999997
2024-12-01,region_4,0.832,0.154,2.9,52.6,72.7,0,12,336,0,9.399999999999991,19.49999999999997
2024-12-02,region_4,0.832,0.154,0.1,49.6,71.9,0,12,337,0,3.099999999999992,19.39999999999997
2024-12-03,region_4,0.832,0.154,1.5,46.3,69.2,0,12,338,0,4.499999999999992,20.89999999999997
2024-12-04,region_4,0.832,0.154,0.6,49.5,69.0,0,12,339,0,2.199999999999992,19.39999999999997
2024-12-05,region_4,0.832,0.154,0.4,43.7,67.3,0,12,340,0,2.499999999999992,11.999999999999972
2024-12-06,region_4,0.832,0.154,0.3,42.1,65.4,0,12,341,0,1.299999999999992,5.899999999999971
2024-12-07,region_4,0.832,0.154,0.3,42.8,65.7,0,12,342,0,0.999999999999992,6.099999999999971
2024-12-08,region_4,0.832,0.154,0.3,42.1,62.2,0,12,343,0,0.8999999999999999,3.4999999999999707
2024-12-09,region_4,0.832,0.154,0.9,37.6,64.0,0,12,344,0,1.499999999999992,4.2999999999999705
2024-12-10,region_4,0.832,0.154,0.1,38.6,61.7,0,12,345,0,1.2999999999999923,2.8999999999999706
2024-12-11,region_4,0.832,0.154,0.1,34.2,59.3,0,12,346,0,1.099999999999992,2.3999999999999706
2024-12-12,region_4,0.832,0.154,1.2,31.5,59.0,0,12,347,0,1.399999999999992,3.199999999999971
2024-12-13,region_4,0.832,0.154,0.6,30.5,58.2,0,12,348,0,1.899999999999992,3.4999999999999707
2024-12-14,region_4,0.832,0.154,2.9,33.0,58.2,0,12,349,0,4.699999999999992,6.09999999999997
2024-12-15,region_4,0.832,0.154,0.7,32.4,57.6,0,12,350,0,4.199999999999991,6.499999999999971
2024-12-16,region_4,0.832,0.154,2.3,31.0,55.0,0,12,351,0,5.8999999999999915,7.89999999999997
2024-12-17,region_4,0.832,0.154,1.3,30.0,54.1,0,12,352,0,4.299999999999992,9.099999999999971
2024-12-18,region_4,0.832,0.154,0.1,29.8,55.1,0,12,353,0,3.6999999999999913,9.099999999999971
2024-12-19,region_4,0.832,0.154,0.5,29.5,50.6,0,12,354,0,1.8999999999999915,8.39999999999997
2024-12-20,region_4,0.832,0.154,0.1,26.3,49.7,0,12,355,0,0.6999999999999915,7.89999999999997
2024-12-21,region_4,0.832,0.154,0.3,24.7,51.6,0,12,356,0,0.8999999999999916,5.2999999999999705
2024-12-22,region_4,0.832,0.154,0.1,24.8,49.0,0,12,357,0,0.49999999999999156,4.699999999999971
2024-12-23,region_4,0.832,0.154,0.0,24.4,49.0,0,12,358,0,0.3999999999999916,2.3999999999999706
2024-12-24,region_4,0.832,0.154,0.7,22.7,48.8,0,12,359,0,0.7999999999999915,1.7999999999999705
2024-12-25,region_4,0.832,0.154,0.2,24.9,44.5,0,12,360,0,0.8999999999999915,1.8999999999999706
2024-12-26,region_4,0.832,0.154,0.4,23.9,46.8,0,12,361,0,1.2999999999999916,1.7999999999999705
2024-12-27,region_4,0.832,0.154,0.0,21.2,45.4,0,12,362,0,0.5999999999999917,1.6999999999999706
2024-12-28,region_4,0.832,0.154,0.0,18.3,42.3,0,12,363,0,0.3999999999999916,1.3999999999999706
2024-12-29,region_4,0.832,0.154,10.7,19.4,42.4,0,12,364,0,10.69999999999999,11.99999999999997
2020-01-01,region_5,1.404,0.543,4.9,24.5,43.6,0,1,1,0,4.9,4.9
2020-01-02,region_5,1.404,0.543,0.4,27.6,40.5,0,1,2,0,5.300000000000001,5.300000000000001
2020-01-03,region_5,1.404,0.543,0.0,24.9,42.5,0,1,3,0,5.300000000000001,5.300000000000001
2020-01-04,region_5,1.404,0.543,0.2,23.3,41.3,0,1,4,0,0.6000000000000001,5.5
2020-01-05,region_5,1.404,0.543,0.3,24.6,37.1,0,1,5,0,0.5,5.800000000000001
2020-01-06,region_5,1.404,0.543,0.4,23.5,38.7,0,1,6,0,0.9,6.2
2020-01-07,region_5,1.404,0.543,0.2,18.8,35.7,0,1,7,0,0.8999999999999999,6.4
2020-01-08,region_5,1.404,0.543,0.3,20.4,34.3,0,1,8,0,0.9,1.8
2020-01-09,region_5,1.404,0.543,0.7,18.5,34.0,0,1,9,0,1.2,2.0999999999999996
2020-01-10,region_5,1.404,0.543,0.1,18.3,33.3,0,1,10,0,1.1,2.1999999999999997
2020-01-11,region_5,1.404,0.543,1.1,16.7,33.8,0,1,11,0,1.9000000000000001,3.1
2020-01-12,region_5,1.404,0.543,1.0,19.4,31.2,0,1,12,0,2.2,3.8000000000000003
2020-01-13,region_5,1.404,0.543,0.1,15.8,31.1,0,1,13,0,2.2,3.5000000000000004
2020-01-14,region_5,1.404,0.543,0.5,14.1,29.9,0,1,14,0,1.6,3.8000000000000003
2020-01-15,region_5,1.404,0.543,1.1,15.5,28.1,0,1,15,0,1.7000000000000002,4.6
2020-01-16,region_5,1.404,0.543,0.4,19.3,27.0,0,1,16,0,2.0,4.300000000000001
2020-01-17,region_5,1.404,0.543,1.9,17.5,28.1,0,1,17,0,3.4,6.1000000000000005
2020-01-18,region_5,1.404,0.543,1.6,19.1,28.8,0,1,18,0,3.9,6.6
2020-01-19,region_5,1.404,0.543,1.0,19.0,25.4,0,1,19,0,4.5,6.6
2020-01-20,region_5,1.404,0.543,0.2,16.7,24.0,0,1,20,0,2.8000000000000003,6.7
2020-01-21,region_5,1.404,0.543,0.4,16.3,24.1,0,1,21,0,1.6,6.6000000000000005
2020-01-22,region_5,1.404,0.543,1.0,15.4,24.6,0,1,22,0,1.6,6.5
2020-01-23,region_5,1.404,0.543,0.3,13.7,22.4,0,1,23,0,1.7000000000000002,6.3999999999999995
2020-01-24,region_5,1.404,0.543,6.0,13.4,21.2,0,1,24,0,7.3,10.5
2020-01-25,region_5,1.404,0.543,0.0,18.9,21.3,0,1,25,0,6.3,8.9
2020-01-26,region_5,1.404,0.543,0.2,15.9,20.8,0,1,26,0,6.2,8.1
2020-01-27,region_5,1.404,0.543,1.0,16.3,20.2,0,1,27,0,1.2,8.9
2020-01-28,region_5,1.404,0.543,0.8,14.5,20.9,0,1,28,0,2.0,9.3
2020-01-29,region_5,1.404,0.543,0.0,15.2,20.0,0,1,29,0,1.8,8.3
2020-01-30,region_5,1.404,0.543,0.7,15.7,18.8,0,1,30,0,1.5,8.7
2020-01-31,region_5,1.404,0.543,0.5,12.2,16.3,0,1,31,0,1.2,3.2
2020-02-01,region_5,1.404,0.543,0.0,14.3,15.3,0,2,32,0,1.2,3.2
2020-02-02,region_5,1.404,0.543,1.6,14.4,16.9,0,2,33,0,2.1,4.6
2020-02-03,region_5,1.404,0.543,0.4,13.9,16.5,0,2,34,0,2.0,4.0
2020-02-04,region_5,1.404,0.543,0.2,12.1,16.9,0,2,35,0,2.2,3.4
2020-02-05,region_5,1.404,0.543,0.2,13.0,17.4,0,2,36,0,0.8,3.6
2020-02-06,region_5,1.404,0.543,0.0,10.4,14.9,0,2,37,0,0.4,2.9000000000000004
2020-02-07,region_5,1.404,0.543,0.8,11.6,14.1,0,2,38,0,1.0,3.2
2020-02-08,region_5,1.404,0.543,0.6,10.4,12.9,0,2,39,0,1.4,3.8000000000000003
2020-02-09,region_5,1.404,0.543,0.2,10.6,15.1,0,2,40,0,1.6,2.4000000000000004
2020-02-10,region_5,1.404,0.543,0.8,14.0,13.0,0,2,41,0,1.6,2.8
2020-02-11,region_5,1.404,0.543,0.5,12.9,12.9,0,2,42,0,1.5,3.1000000000000005
2020-02-12,region_5,1.404,0.543,1.4,11.6,13.4,0,2,43,0,2.7,4.3
2020-02-13,region_5,1.404,0.543,6.1,11.9,11.1,0,2,44,0,8.0,10.399999999999999
2020-02-14,region_5,1.404,0.543,0.6,16.6,11.1,0,2,45,0,8.1,10.2
2020-02-15,region_5,1.404,0.543,4.2,15.6,11.2,0,2,46,0,10.899999999999999,13.799999999999999
2020-02-16,region_5,1.404,0.543,0.3,17.2,10.3,0,2,47,0,5.1,13.9
2020-02-17,region_5,1.404,0.543,96.6,16.0,9.6,0,2,48,0,101.1,109.69999999999999
2020-02-18,region_5,1.404,0.543,0.1,88.2,13.4,0,2,49,0,96.99999999999999,109.29999999999998
2020-02-19,region_5,1.404,0.543,1.4,81.7,13.4,0,2,50,0,98.1,109.29999999999998
2020-02-20,region_5,1.404,0.543,0.7,80.2,13.9,0,2,51,0,2.2,103.89999999999999
2020-02-21,region_5,1.404,0.543,0.1,78.2,14.2,0,2,52,0,2.1999999999999997,103.39999999999999
2020-02-22,region_5,1.404,0.543,0.1,73.3,14.0,0,2,53,0,0.8999999999999999,99.3
2020-02-23,region_5,1.404,0.543,1.0,68.9,12.3,0,2,54,0,1.2,100.0
2020-02-24,region_5,1.404,0.543,0.4,63.4,12.8,0,2,55,0,1.5,3.8
2020-02-25,region_5,1.404,0.543,0.3,61.9,13.1,0,2,56,0,1.7,4.0
2020-02-26,region_5,1.404,0.543,0.7,63.1,12.2,0,2,57,0,1.4,3.3
2020-02-27,region_5,1.404,0.543,0.1,57.4,12.8,0,2,58,0,1.0999999999999999,2.6999999999999997
2020-02-28,region_5,1.404,0.543,1.0,52.8,10.7,0,2,59,0,1.7999999999999998,3.6
2020-02-29,region_5,1.404,0.543,20.9,52.2,11.5,0,2,60,0,22.0,24.4
2020-03-01,region_5,1.404,0.543,1.3,63.2,17.6,0,3,61,0,23.2,24.7
2020-03-02,region_5,1.404,0.543,0.0,60.6,14.8,0,3,62,0,22.2,24.3
2020-03-03,region_5,1.404,0.543,0.4,57.8,14.3,0,3,63,0,1.7000000000000002,24.4
2020-03-04,region_5,1.404,0.543,1.2,53.6,14.7,0,3,64,0,1.5999999999999999,24.9
2020-03-05,region_5,1.404,0.543,0.3,55.4,15.4,0,3,65,0,1.9,25.099999999999998
2020-03-06,region_5,1.404,0.543,0.8,49.9,12.2,0,3,66,0,2.3,24.9
2020-03-07,region_5,1.404,0.543,3.9,48.2,12.6,0,3,67,0,5.0,7.9
2020-03-08,region_5,1.404,0.543,0.2,48.1,16.1,0,3,68,0,4.9,6.8
2020-03-09,region_5,1.404,0.543,0.2,48.5,15.5,0,3,69,0,4.3,7.0
2020-03-10,region_5,1.404,0.543,1.7,43.4,14.2,0,3,70,0,2.1,8.3
2020-03-11,region_5,1.404,0.543,1.3,41.9,14.2,0,3,71,0,3.2,8.4
2020-03-12,region_5,1.404,0.543,0.5,42.9,12.9,0,3,72,0,3.5,8.6
2020-03-13,region_5,1.404,0.543,0.6,38.5,12.6,0,3,73,0,2.4000000000000004,8.4
2020-03-14,region_5,1.404,0.543,0.9,36.1,12.2,0,3,74,0,2.0,5.3999999999999995
2020-03-15,region_5,1.404,0.543,0.1,36.5,11.2,0,3,75,0,1.6000000000000003,5.300000000000001
2020-03-16,region_5,1.404,0.543,1.2,34.8,10.6,0,3,76,0,2.2,6.300000000000001
2020-03-17,region_5,1.404,0.543,2.1,36.3,11.9,0,3,77,0,3.4000000000000004,6.7
2020-03-18,region_5,1.404,0.543,1.6,32.2,10.3,0,3,78,0,4.9,7.0
2020-03-19,region_5,1.404,0.543,37.7,33.0,10.7,0,3,79,0,41.400000000000006,44.2
2020-03-20,region_5,1.404,0.543,4.5,59.5,14.0,0,3,80,0,43.800000000000004,48.1
2020-03-21,region_5,1.404,0.543,0.2,58.9,13.5,0,3,81,0,42.400000000000006,47.400000000000006
2020-03-22,region_5,1.404,0.543,0.5,56.4,16.0,0,3,82,0,5.2,47.800000000000004
2020-03-23,region_5,1.404,0.543,0.1,55.8,13.5,0,3,83,0,0.8,46.7
2020-03-24,region_5,1.404,0.543,0.3,54.8,13.8,0,3,84,0,0.9,44.900000000000006
2020-03-25,region_5,1.404,0.543,2.4,50.7,13.9,0,3,85,0,2.8,45.7
2020-03-26,region_5,1.404,0.543,53.9,50.8,14.7,0,3,86,0,56.6,61.9
2020-03-27,region_5,1.404,0.543,1.2,84.8,25.3,0,3,87,0,57.50000000000001,58.6
2020-03-28,region_5,1.404,0.543,0.2,85.1,25.1,0,3,88,0,55.3,58.599999999999994
2020-03-29,region_5,1.404,0.543,15.9,80.9,22.6,0,3,89,0,17.3,74.0
2020-03-30,region_5,1.404,0.543,3.2,91.3,29.8,0,3,90,0,19.3,77.10000000000001
2020-03-31,region_5,1.404,0.543,1.5,91.2,30.3,0,3,91,0,20.6,78.30000000000001
2020-04-01,region_5,1.404,0.543,3.3,84.8,32.0,0,4,92,0,8.0,79.2
2020-04-02,region_5,1.404,0.543,0.6,82.0,31.1,0,4,93,0,5.3999999999999995,25.900000000000002
2020-04-03,region_5,1.404,0.543,21.3,77.5,29.8,0,4,94,0,25.2,46.0
2020-04-04,region_5,1.404,0.543,1.8,92.4,37.6,0,4,95,0,23.7,47.6
2020-04-05,region_5,1.404,0.543,10.7,87.0,40.9,0,4,96,0,33.8,42.400000000000006
2020-04-06,region_5,1.404,0.543,3.1,91.3,42.3,0,4,97,0,15.6,42.3
2020-04-07,region_5,1.404,0.543,2.2,91.4,47.3,0,4,98,0,16.0,43.0
2020-04-08,region_5,1.404,0.543,0.5,87.5,46.4,0,4,99,0,5.800000000000001,40.2
2020-04-09,region_5,1.404,0.543,29.7,82.8,43.4,0,4,100,0,32.4,69.3
2020-04-10,region_5,1.404,0.543,0.5,100.0,58.7,0,4,101,0,30.7,48.5
2020-04-11,region_5,1.404,0.543,1.6,98.4,57.8,0,4,102,0,31.8,48.3
2020-04-12,region_5,1.404,0.543,42.7,88.9,56.9,0,4,103,0,44.800000000000004,80.3
2020-04-13,region_5,1.404,0.543,3.8,98.6,85.7,0,4,104,0,48.1,81.0
2020-04-14,region_5,1.404,0.543,0.3,99.2,85.8,0,4,105,0,46.800000000000004,79.1
2020-04-15,region_5,1.404,0.543,4.7,90.8,85.0,0,4,106,0,8.8,83.3
2020-04-16,region_5,1.404,0.543,2.1,89.9,85.2,0,4,107,0,7.1,55.699999999999996
2020-04-17,region_5,1.404,0.543,0.1,88.8,83.7,0,4,108,0,6.9,55.300000000000004
2020-04-18,region_5,1.404,0.543,4.8,84.4,81.3,0,4,109,0,7.0,58.5
2020-04-19,region_5,1.404,0.543,0.4,82.8,79.6,0,4,110,0,5.300000000000001,16.2
2020-04-20,region_5,1.404,0.543,0.0,78.8,77.5,0,4,111,0,5.2,12.399999999999999
2020-04-21,region_5,1.404,0.543,2.3,77.5,75.9,0,4,112,0,2.6999999999999997,14.4
2020-04-22,region_5,1.404,0.543,1.3,72.5,74.5,0,4,113,0,3.5999999999999996,10.999999999999998
2020-04-23,region_5,1.404,0.543,0.1,72.0,72.3,0,4,114,0,3.6999999999999997,9.0
2020-04-24,region_5,1.404,0.543,0.8,67.1,71.4,0,4,115,0,2.2,9.7
2020-04-25,region_5,1.404,0.543,7.7,66.0,69.7,0,4,116,0,8.6,12.6
2020-04-26,region_5,1.404,0.543,3.5,65.2,67.9,0,4,117,0,12.0,15.7
2020-04-27,region_5,1.404,0.543,20.1,65.6,69.2,0,4,118,0,31.3,35.8
2020-04-28,region_5,1.404,0.543,9.9,75.2,74.8,0,4,119,0,33.5,43.400000000000006
2020-04-29,region_5,1.404,0.543,2.7,77.7,78.2,0,4,120,0,32.7,44.8
2020-04-30,region_5,1.404,0.543,21.9,79.9,77.7,0,4,121,0,34.5,66.6
2020-05-01,region_5,1.404,0.543,3.1,91.8,84.5,0,5,122,0,27.700000000000003,68.9
2020-05-02,region_5,1.404,0.543,49.1,88.1,83.8,0,5,123,0,74.1,110.3
2020-05-03,region_5,1.404,0.543,0.4,99.7,100.0,0,5,124,0,52.6,107.2
2020-05-04,region_5,1.404,0.543,18.4,92.3,96.9,0,5,125,0,67.9,105.5
2020-05-05,region_5,1.404,0.543,0.1,99.8,100.0,0,5,126,0,18.9,95.69999999999999
2020-05-06,region_5,1.404,0.543,33.8,95.8,96.1,0,5,127,0,52.3,126.79999999999998
2020-05-07,region_5,1.404,0.543,0.3,100.0,99.6,0,5,128,0,34.199999999999996,105.2
2020-05-08,region_5,1.404,0.543,0.7,90.6,95.5,0,5,129,0,34.8,102.79999999999998
2020-05-09,region_5,1.404,0.543,1.1,89.6,96.3,0,5,130,0,2.1,54.8
2020-05-10,region_5,1.404,0.543,19.7,87.4,92.5,0,5,131,0,21.5,74.1
2020-05-11,region_5,1.404,0.543,49.0,95.1,99.4,0,5,132,0,69.8,104.69999999999999
2020-05-12,region_5,1.404,0.543,1.0,99.1,100.0,0,5,133,0,69.7,105.6
2020-05-13,region_5,1.404,0.543,0.6,95.7,98.0,0,5,134,0,50.6,72.39999999999999
2020-05-14,region_5,1.404,0.543,38.7,90.5,93.3,0,5,135,1,40.300000000000004,110.8
2020-05-15,region_5,1.404,0.543,42.5,100.0,100.0,0,5,136,1,81.80000000000001,152.6
2020-05-16,region_5,1.404,0.543,29.7,100.0,100.0,1,5,137,1,110.9,181.2
2020-05-17,region_5,1.404,0.543,2.3,100.0,100.0,0,5,138,1,74.49999999999999,163.8
2020-05-18,region_5,1.404,0.543,23.7,95.1,98.4,0,5,139,1,55.7,138.5
2020-05-19,region_5,1.404,0.543,44.8,98.6,99.8,0,5,140,1,70.8,182.3
2020-05-20,region_5,1.404,0.543,7.3,100.0,100.0,0,5,141,1,75.8,189.0
2020-05-21,region_5,1.404,0.543,10.4,97.1,100.0,0,5,142,1,62.5,160.7
2020-05-22,region_5,1.404,0.543,1.3,100.0,100.0,0,5,143,1,19.0,119.49999999999999
2020-05-23,region_5,1.404,0.543,16.8,96.9,96.5,0,5,144,1,28.5,106.6
2020-05-24,region_5,1.404,0.543,0.7,99.2,99.9,0,5,145,1,18.8,105.0
2020-05-25,region_5,1.404,0.543,0.9,95.2,98.5,0,5,146,1,18.400000000000002,82.2
2020-05-26,region_5,1.404,0.543,3.4,92.4,95.4,0,5,147,1,5.0,40.8
2020-05-27,region_5,1.404,0.543,15.7,93.1,93.0,0,5,148,1,20.0,49.2
2020-05-28,region_5,1.404,0.543,3.4,95.3,99.7,0,5,149,1,22.5,42.199999999999996
2020-05-29,region_5,1.404,0.543,28.4,92.5,98.4,0,5,150,1,47.5,69.3
2020-05-30,region_5,1.404,0.543,3.4,98.1,100.0,0,5,151,1,35.199999999999996,55.9
2020-05-31,region_5,1.404,0.543,63.8,93.7,100.0,0,5,152,1,95.6,119.0
2020-06-01,region_5,1.404,0.543,6.3,99.5,99.8,0,6,153,1,73.49999999999999,124.39999999999999
2020-06-02,region_5,1.404,0.543,18.8,100.0,99.5,0,6,154,1,88.9,139.8
2020-06-03,region_5,1.404,0.543,2.6,100.0,100.0,0,6,155,1,27.700000000000003,126.69999999999999
2020-06-04,region_5,1.404,0.543,147.9,97.9,98.0,1,6,156,1,169.3,271.2
2020-06-05,region_5,1.404,0.543,26.9,100.0,100.0,0,6,157,1,177.4,269.7
2020-06-06,region_5,1.404,0.543,217.7,100.0,98.2,0,6,158,1,392.5,484.0
2020-06-07,region_5,1.404,0.543,26.3,99.5,100.0,0,6,159,1,270.9,446.5
2020-06-08,region_5,1.404,0.543,29.4,100.0,99.6,0,6,160,1,273.4,469.6
2020-06-09,region_5,1.404,0.543,8.8,100.0,99.2,0,6,161,1,64.5,459.6
2020-06-10,region_5,1.404,0.543,1.1,100.0,98.6,0,6,162,1,39.300000000000004,458.09999999999997
2020-06-11,region_5,1.404,0.543,89.9,95.7,97.6,0,6,163,1,99.80000000000001,400.1
2020-06-12,region_5,1.404,0.543,28.6,96.9,100.0,0,6,164,1,119.60000000000002,401.8
2020-06-13,region_5,1.404,0.543,0.2,99.8,100.0,0,6,165,1,118.7,184.3
2020-06-14,region_5,1.404,0.543,2.3,94.7,97.0,0,6,166,1,31.1,160.29999999999998
2020-06-15,region_5,1.404,0.543,26.3,91.8,95.0,0,6,167,1,28.8,157.20000000000002
2020-06-16,region_5,1.404,0.543,6.4,100.0,100.0,0,6,168,1,35.0,154.8
2020-06-17,region_5,1.404,0.543,73.4,98.7,99.1,0,6,169,1,106.10000000000001,227.10000000000002
2020-06-18,region_5,1.404,0.543,110.4,100.0,100.0,0,6,170,1,190.20000000000002,247.60000000000002
2020-06-19,region_5,1.404,0.543,13.1,100.0,99.9,0,6,171,1,196.9,232.10000000000002
2020-06-20,region_5,1.404,0.543,4.9,100.0,100.0,0,6,172,1,128.4,236.8
2020-06-21,region_5,1.404,0.543,31.5,98.6,99.9,0,6,173,1,49.5,266.0
2020-06-22,region_5,1.404,0.543,18.7,97.8,100.0,0,6,174,1,55.099999999999994,258.4
2020-06-23,region_5,1.404,0.543,100.2,100.0,100.0,1,6,175,1,150.4,352.2
2020-06-24,region_5,1.404,0.543,1.2,98.8,98.7,0,6,176,1,120.1,280.0
2020-06-25,region_5,1.404,0.543,0.5,97.3,98.9,0,6,177,1,101.89999999999999,170.1
2020-06-26,region_5,1.404,0.543,2.9,90.7,96.9,0,6,178,1,4.599999999999985,159.9
2020-06-27,region_5,1.404,0.543,92.0,86.9,94.9,0,6,179,1,95.39999999999999,247.0
2020-06-28,region_5,1.404,0.543,43.7,100.0,100.0,0,6,180,1,138.6,259.2
2020-06-29,region_5,1.404,0.543,51.7,100.0,100.0,0,6,181,1,187.39999999999998,292.2
2020-06-30,region_5,1.404,0.543,1.1,100.0,100.0,0,6,182,1,96.49999999999999,193.10000000000002
2020-07-01,region_5,1.404,0.543,3.7,96.9,96.4,0,7,183,1,56.499999999999986,195.6
2020-07-02,region_5,1.404,0.543,111.6,93.3,96.8,0,7,184,1,116.39999999999998,306.7
2020-07-03,region_5,1.404,0.543,10.2,100.0,100.0,0,7,185,1,125.49999999999999,314.0
2020-07-04,region_5,1.404,0.543,9.0,100.0,99.8,0,7,186,1,130.79999999999998,231.0
2020-07-05,region_5,1.404,0.543,73.4,97.5,99.2,0,7,187,1,92.6,260.7
2020-07-06,region_5,1.404,0.543,9.7,98.4,100.0,0,7,188,1,92.1,218.70000000000002
2020-07-07,region_5,1.404,0.543,101.7,99.8,99.7,1,7,189,1,184.8,319.3
2020-07-08,region_5,1.404,0.543,35.8,99.7,100.0,0,7,190,1,147.2,351.4
2020-07-09,region_5,1.404,0.543,64.6,98.3,99.7,1,7,191,1,202.1,304.4
2020-07-10,region_5,1.404,0.543,67.7,95.7,100.0,1,7,192,1,168.09999999999997,361.90000000000003
2020-07-11,region_5,1.404,0.543,4.9,100.0,100.0,0,7,193,1,137.19999999999996,357.8
2020-07-12,region_5,1.404,0.543,2.4,98.3,100.0,0,7,194,1,74.99999999999999,286.8
2020-07-13,region_5,1.404,0.543,11.7,93.8,99.6,0,7,195,1,18.999999999999986,288.8
2020-07-14,region_5,1.404,0.543,47.9,96.8,100.0,0,7,196,1,61.999999999999986,235.0
2020-07-15,region_5,1.404,0.543,5.1,99.2,100.0,0,7,197,1,64.69999999999999,204.29999999999998
2020-07-16,region_5,1.404,0.543,13.9,95.3,100.0,0,7,198,1,66.89999999999998,153.6
2020-07-17,region_5,1.404,0.543,7.5,100.0,100.0,0,7,199,1,26.499999999999986,93.4
2020-07-18,region_5,1.404,0.543,40.5,100.0,100.0,0,7,200,1,61.899999999999984,129.0
2020-07-19,region_5,1.404,0.543,94.0,98.7,99.9,0,7,201,1,142.0,220.60000000000002
2020-07-20,region_5,1.404,0.543,5.3,100.0,99.2,0,7,202,1,139.79999999999998,214.20000000000002
2020-07-21,region_5,1.404,0.543,1.9,98.5,100.0,0,7,203,1,101.19999999999999,168.20000000000002
2020-07-22,region_5,1.404,0.543,8.1,92.5,98.6,0,7,204,1,15.299999999999985,171.20000000000002
2020-07-23,region_5,1.404,0.543,85.2,93.8,99.1,0,7,205,1,95.19999999999999,242.5
2020-07-24,region_5,1.404,0.543,148.6,100.0,100.0,0,7,206,1,241.89999999999998,383.6
2020-07-25,region_5,1.404,0.543,11.1,99.3,98.3,0,7,207,1,244.89999999999998,354.20000000000005
2020-07-26,region_5,1.404,0.543,37.7,98.0,100.0,0,7,208,1,197.4,297.90000000000003
2020-07-27,region_5,1.404,0.543,7.8,98.6,99.8,0,7,209,1,56.59999999999997,300.40000000000003
2020-07-28,region_5,1.404,0.543,11.0,98.3,98.1,0,7,210,1,56.49999999999997,309.50000000000006
2020-07-29,region_5,1.404,0.543,2.3,100.0,100.0,0,7,211,1,21.099999999999973,303.7
2020-07-30,region_5,1.404,0.543,38.8,95.9,98.3,0,7,212,1,52.099999999999966,257.3
2020-07-31,region_5,1.404,0.543,16.5,99.5,100.0,0,7,213,1,57.599999999999966,125.20000000000003
2020-08-01,region_5,1.404,0.543,83.3,100.0,99.7,0,8,214,1,138.59999999999997,197.40000000000003
2020-08-02,region_5,1.404,0.543,13.2,98.7,99.1,0,8,215,1,112.99999999999997,172.9
2020-08-03,region_5,1.404,0.543,10.5,99.9,100.0,0,8,216,1,106.99999999999997,175.60000000000002
2020-08-04,region_5,1.404,0.543,24.3,100.0,98.5,0,8,217,1,47.99999999999997,188.90000000000003
2020-08-05,region_5,1.404,0.543,8.3,99.4,99.2,0,8,218,1,43.099999999999966,194.90000000000003
2020-08-06,region_5,1.404,0.543,12.5,98.5,100.0,0,8,219,1,45.099999999999966,168.60000000000002
2020-08-07,region_5,1.404,0.543,36.2,97.7,100.0,0,8,220,1,56.99999999999997,188.3
2020-08-08,region_5,1.404,0.543,0.5,99.5,99.5,0,8,221,1,49.199999999999974,105.50000000000003
2020-08-09,region_5,1.404,0.543,1.6,97.1,96.6,0,8,222,1,38.299999999999976,93.90000000000002
2020-08-10,region_5,1.404,0.543,55.3,89.2,95.0,0,8,223,1,57.39999999999997,138.70000000000002
2020-08-11,region_5,1.404,0.543,28.8,99.9,100.0,0,8,224,1,85.69999999999997,143.20000000000002
2020-08-12,region_5,1.404,0.543,10.7,96.7,100.0,0,8,225,1,94.79999999999998,145.60000000000002
2020-08-13,region_5,1.404,0.543,6.4,100.0,100.0,0,8,226,1,45.89999999999997,139.50000000000003
2020-08-14,region_5,1.404,0.543,14.0,98.7,98.6,0,8,227,1,31.099999999999973,117.30000000000003
2020-08-15,region_5,1.404,0.543,0.6,100.0,100.0,0,8,228,1,20.99999999999997,117.40000000000003
2020-08-16,region_5,1.404,0.543,1.1,96.1,97.6,0,8,229,1,15.69999999999997,116.90000000000003
2020-08-17,region_5,1.404,0.543,93.5,89.9,95.1,0,8,230,1,95.19999999999997,155.10000000000002
2020-08-18,region_5,1.404,0.543,16.6,99.0,100.0,0,8,231,1,111.19999999999999,142.90000000000003
2020-08-19,region_5,1.404,0.543,2.5,100.0,100.0,0,8,232,1,112.59999999999997,134.70000000000005
2020-08-20,region_5,1.404,0.543,18.7,95.6,98.4,0,8,233,1,37.79999999999997,147.00000000000003
2020-08-21,region_5,1.404,0.543,6.7,99.7,98.8,0,8,234,1,27.89999999999997,139.70000000000005
2020-08-22,region_5,1.404,0.543,1.8,100.0,99.3,0,8,235,1,27.19999999999997,140.9
2020-08-23,region_5,1.404,0.543,8.9,94.3,98.9,0,8,236,1,17.39999999999997,148.70000000000002
2020-08-24,region_5,1.404,0.543,140.9,100.0,100.0,1,8,237,1,151.59999999999997,196.10000000000002
2020-08-25,region_5,1.404,0.543,31.1,100.0,99.2,0,8,238,1,180.89999999999995,210.60000000000005
2020-08-26,region_5,1.404,0.543,31.8,99.5,100.0,0,8,239,1,203.79999999999998,239.90000000000006
2020-08-27,region_5,1.404,0.543,56.8,99.0,100.0,1,8,240,1,119.69999999999997,278.00000000000006
2020-08-28,region_5,1.404,0.543,5.6,99.1,100.0,0,8,241,1,94.19999999999996,276.90000000000003
2020-08-29,region_5,1.404,0.543,0.1,100.0,100.0,0,8,242,1,62.49999999999997,275.20000000000005
2020-08-30,region_5,1.404,0.543,9.8,92.1,97.4,0,8,243,1,15.499999999999972,276.1000000000001
2020-08-31,region_5,1.404,0.543,12.5,93.5,99.6,0,8,244,1,22.39999999999997,147.70000000000005
2020-09-01,region_5,1.404,0.543,16.5,99.2,98.2,0,9,245,1,38.79999999999997,133.10000000000008
2020-09-02,region_5,1.404,0.543,20.6,98.5,98.8,0,9,246,1,49.59999999999997,121.90000000000006
2020-09-03,region_5,1.404,0.543,0.3,99.9,98.7,0,9,247,1,37.39999999999997,65.40000000000006
2020-09-04,region_5,1.404,0.543,17.2,94.6,95.7,0,9,248,1,38.09999999999997,77.00000000000006
2020-09-05,region_5,1.404,0.543,20.9,99.0,99.9,0,9,249,1,38.39999999999997,97.80000000000007
2020-09-06,region_5,1.404,0.543,33.3,99.2,97.7,0,9,250,1,71.39999999999998,121.30000000000004
2020-09-07,region_5,1.404,0.543,6.3,100.0,99.8,0,9,251,1,60.499999999999964,115.10000000000005
2020-09-08,region_5,1.404,0.543,0.5,100.0,100.0,0,9,252,1,40.099999999999966,99.10000000000005
2020-09-09,region_5,1.404,0.543,22.7,93.2,97.8,0,9,253,1,29.49999999999997,101.20000000000005
2020-09-10,region_5,1.404,0.543,1.0,100.0,100.0,0,9,254,1,24.19999999999997,101.90000000000006
2020-09-11,region_5,1.404,0.543,41.9,97.6,98.1,0,9,255,1,65.59999999999997,126.60000000000005
2020-09-12,region_5,1.404,0.543,5.4,100.0,100.0,0,9,256,1,48.29999999999997,111.10000000000005
2020-09-13,region_5,1.404,0.543,36.3,100.0,99.1,0,9,257,1,83.59999999999997,114.10000000000005
2020-09-14,region_5,1.404,0.543,3.3,100.0,99.4,0,9,258,1,44.99999999999997,111.10000000000005
2020-09-15,region_5,1.404,0.543,2.6,95.3,100.0,0,9,259,1,42.199999999999974,113.20000000000005
2020-09-16,region_5,1.404,0.543,15.3,91.7,99.2,0,9,260,1,21.19999999999998,105.80000000000005
2020-09-17,region_5,1.404,0.543,0.6,96.8,100.0,0,9,261,1,18.49999999999998,105.40000000000005
2020-09-18,region_5,1.404,0.543,74.6,94.6,95.9,0,9,262,1,90.49999999999997,138.10000000000005
2020-09-19,region_5,1.404,0.543,2.0,99.9,100.0,0,9,263,1,77.19999999999997,134.70000000000005
2020-09-20,region_5,1.404,0.543,0.4,96.5,96.7,0,9,264,1,76.99999999999997,98.80000000000007
2020-09-21,region_5,1.404,0.543,4.0,92.7,94.3,0,9,265,1,6.399999999999972,99.50000000000006
2020-09-22,region_5,1.404,0.543,70.2,88.0,96.9,0,9,266,0,74.59999999999998,167.10000000000008
2020-09-23,region_5,1.404,0.543,22.6,98.7,100.0,0,9,267,0,96.79999999999998,174.40000000000006
2020-09-24,region_5,1.404,0.543,3.9,97.1,98.8,0,9,268,0,96.69999999999997,177.70000000000007
2020-09-25,region_5,1.404,0.543,3.0,100.0,98.7,0,9,269,0,29.49999999999997,106.10000000000007
2020-09-26,region_5,1.404,0.543,0.9,95.3,99.0,0,9,270,0,7.799999999999971,105.00000000000007
2020-09-27,region_5,1.404,0.543,0.2,91.6,94.7,0,9,271,0,4.099999999999971,104.80000000000005
2020-09-28,region_5,1.404,0.543,15.3,85.3,94.6,0,9,272,0,16.39999999999997,116.10000000000007
2020-09-29,region_5,1.404,0.543,40.8,96.6,99.3,0,9,273,0,56.29999999999997,86.70000000000006
2020-09-30,region_5,1.404,0.543,6.3,98.0,99.3,0,9,274,0,62.39999999999996,70.40000000000005
2020-10-01,region_5,1.404,0.543,0.0,100.0,97.7,0,10,275,0,47.099999999999966,66.50000000000006
2020-10-02,region_5,1.404,0.543,0.3,93.8,96.3,0,10,276,0,6.599999999999971,63.80000000000006
2020-10-03,region_5,1.404,0.543,0.2,89.9,95.7,0,10,277,0,0.4999999999999716,63.10000000000006
2020-10-04,region_5,1.404,0.543,2.7,84.8,92.6,0,10,278,0,3.1999999999999718,65.60000000000005
2020-10-05,region_5,1.404,0.543,9.6,82.7,90.5,0,10,279,0,12.499999999999972,59.90000000000006
2020-10-06,region_5,1.404,0.543,0.0,83.3,92.4,0,10,280,0,12.299999999999972,19.100000000000065
2020-10-07,region_5,1.404,0.543,49.0,80.5,89.4,0,10,281,0,58.59999999999997,61.80000000000007
2020-10-08,region_5,1.404,0.543,116.6,100.0,100.0,1,10,282,0,165.59999999999997,178.40000000000006
2020-10-09,region_5,1.404,0.543,2.8,100.0,100.0,0,10,283,0,168.39999999999998,180.90000000000006
2020-10-10,region_5,1.404,0.543,1.0,95.9,97.8,0,10,284,0,120.39999999999996,181.70000000000007
2020-10-11,region_5,1.404,0.543,32.7,93.7,96.8,0,10,285,0,36.49999999999997,211.70000000000007
2020-10-12,region_5,1.404,0.543,6.2,100.0,99.5,0,10,286,0,39.89999999999998,208.30000000000004
2020-10-13,region_5,1.404,0.543,5.4,99.1,100.0,0,10,287,0,44.299999999999976,213.70000000000005
2020-10-14,region_5,1.404,0.543,5.8,99.9,100.0,0,10,288,0,17.39999999999997,170.50000000000006
2020-10-15,region_5,1.404,0.543,19.3,96.9,99.2,0,10,289,0,30.499999999999975,73.20000000000007
2020-10-16,region_5,1.404,0.543,2.3,100.0,100.0,0,10,290,0,27.399999999999974,72.70000000000007
2020-10-17,region_5,1.404,0.543,0.1,96.0,99.5,0,10,291,0,21.69999999999997,71.80000000000008
2020-10-18,region_5,1.404,0.543,1.0,93.6,95.9,0,10,292,0,3.399999999999975,40.10000000000007
2020-10-19,region_5,1.404,0.543,4.3,86.1,93.7,0,10,293,0,5.3999999999999755,38.200000000000074
2020-10-20,region_5,1.404,0.543,1.5,85.9,95.0,0,10,294,0,6.799999999999975,34.30000000000007
2020-10-21,region_5,1.404,0.543,79.2,80.1,91.2,0,10,295,0,84.99999999999997,107.70000000000007
2020-10-22,region_5,1.404,0.543,0.1,98.9,100.0,0,10,296,0,80.79999999999997,88.50000000000006
2020-10-23,region_5,1.404,0.543,23.7,97.2,98.2,0,10,297,0,102.99999999999997,109.90000000000006
2020-10-24,region_5,1.404,0.543,26.3,99.3,100.0,0,10,298,0,50.09999999999997,136.10000000000008
2020-10-25,region_5,1.404,0.543,1.2,99.5,99.2,0,10,299,0,51.199999999999974,136.30000000000007
2020-10-26,region_5,1.404,0.543,0.2,97.0,98.6,0,10,300,0,27.69999999999997,132.20000000000007
2020-10-27,region_5,1.404,0.543,8.3,89.6,95.7,0,10,301,0,9.699999999999973,139.00000000000006
2020-10-28,region_5,1.404,0.543,0.9,91.9,96.7,0,10,302,0,9.399999999999974,60.700000000000074
2020-10-29,region_5,1.404,0.543,0.4,87.4,96.6,0,10,303,0,9.599999999999973,61.00000000000007
2020-10-30,region_5,1.404,0.543,2.2,84.1,92.7,0,10,304,0,3.4999999999999716,39.50000000000007
2020-10-31,region_5,1.404,0.543,46.1,81.6,92.1,0,10,305,0,48.699999999999974,59.300000000000075
2020-11-01,region_5,1.404,0.543,3.3,100.0,100.0,0,11,306,0,51.59999999999997,61.40000000000007
2020-11-02,region_5,1.404,0.543,0.4,93.9,97.8,0,11,307,0,49.799999999999976,61.60000000000008
2020-11-03,region_5,1.404,0.543,0.5,92.0,96.0,0,11,308,0,4.199999999999972,53.800000000000075
2020-11-04,region_5,1.404,0.543,4.3,86.8,93.3,0,11,309,0,5.199999999999972,57.200000000000074
2020-11-05,region_5,1.404,0.543,1.9,84.4,92.9,0,11,310,0,6.699999999999971,58.700000000000074
2020-11-06,region_5,1.404,0.543,9.7,79.1,92.0,0,11,311,0,15.89999999999997,66.20000000000007
2020-11-07,region_5,1.404,0.543,0.4,85.3,94.8,0,11,312,0,11.99999999999997,20.50000000000007
2020-11-08,region_5,1.404,0.543,0.7,84.5,91.1,0,11,313,0,10.79999999999997,17.90000000000007
2020-11-09,region_5,1.404,0.543,17.3,79.0,88.6,0,11,314,0,18.39999999999997,34.80000000000007
2020-11-10,region_5,1.404,0.543,11.1,87.2,93.5,0,11,315,0,29.099999999999973,45.40000000000007
2020-11-11,region_5,1.404,0.543,0.4,90.9,99.2,0,11,316,0,28.799999999999972,41.500000000000064
2020-11-12,region_5,1.404,0.543,1.5,88.4,95.2,0,11,317,0,12.999999999999972,41.100000000000065
2020-11-13,region_5,1.404,0.543,1.0,83.1,92.8,0,11,318,0,2.8999999999999715,32.40000000000007
2020-11-14,region_5,1.404,0.543,3.2,79.9,91.1,0,11,319,0,5.699999999999972,35.200000000000074
2020-11-15,region_5,1.404,0.543,0.7,77.2,90.6,0,11,320,0,4.899999999999972,35.200000000000074
2020-11-16,region_5,1.404,0.543,1.6,74.0,87.7,0,11,321,0,5.499999999999972,19.50000000000007
2020-11-17,region_5,1.404,0.543,1.5,71.0,87.4,0,11,322,0,3.7999999999999714,9.900000000000071
2020-11-18,region_5,1.404,0.543,24.3,70.0,84.8,0,11,323,0,27.39999999999997,33.80000000000007
2020-11-19,region_5,1.404,0.543,0.4,82.4,90.1,0,11,324,0,26.19999999999997,32.700000000000074
2020-11-20,region_5,1.404,0.543,0.9,77.4,86.8,0,11,325,0,25.599999999999973,32.60000000000007
2020-11-21,region_5,1.404,0.543,0.7,74.7,86.9,0,11,326,0,1.9999999999999716,30.100000000000072
2020-11-22,region_5,1.404,0.543,0.3,70.1,84.4,0,11,327,0,1.8999999999999717,29.700000000000074
2020-11-23,region_5,1.404,0.543,0.5,67.4,79.3,0,11,328,0,1.4999999999999716,28.600000000000072
2020-11-24,region_5,1.404,0.543,1.4,64.3,80.0,0,11,329,0,2.1999999999999718,28.50000000000007
2020-11-25,region_5,1.404,0.543,0.4,59.6,77.7,0,11,330,0,2.2999999999999714,4.600000000000071
2020-11-26,region_5,1.404,0.543,1.9,55.4,75.5,0,11,331,0,3.6999999999999713,6.100000000000071
2020-11-27,region_5,1.404,0.543,0.2,58.3,73.9,0,11,332,0,2.4999999999999716,5.400000000000071
2020-11-28,region_5,1.404,0.543,0.9,53.8,71.3,0,11,333,0,2.9999999999999716,5.600000000000071
2020-11-29,region_5,1.404,0.543,0.2,51.4,70.6,0,11,334,0,1.2999999999999716,5.500000000000071
2020-11-30,region_5,1.404,0.543,0.3,48.4,66.9,0,11,335,0,1.3999999999999717,5.300000000000072
2020-12-01,region_5,1.404,0.543,1.0,46.3,62.2,0,12,336,0,1.4999999999999716,4.900000000000071
2020-12-02,region_5,1.404,0.543,0.3,46.3,64.0,0,12,337,0,1.5999999999999717,4.800000000000072
2020-12-03,region_5,1.404,0.543,0.2,42.1,62.6,0,12,338,0,1.4999999999999716,3.100000000000071
2020-12-04,region_5,1.404,0.543,1.0,40.6,59.9,0,12,339,0,1.4999999999999716,3.900000000000071
2020-12-05,region_5,1.404,0.543,1.4,38.6,57.6,0,12,340,0,2.5999999999999712,4.400000000000071
2020-12-06,region_5,1.404,0.543,3.8,40.6,57.7,0,12,341,0,6.199999999999971,8.000000000000071
2020-12-07,region_5,1.404,0.543,10.1,40.4,55.7,0,12,342,0,15.29999999999997,17.80000000000007
2020-12-08,region_5,1.404,0.543,0.3,47.2,53.0,0,12,343,0,14.19999999999997,17.10000000000007
2020-12-09,region_5,1.404,0.543,0.5,41.7,53.1,0,12,344,0,10.899999999999972,17.300000000000068
2020-12-10,region_5,1.404,0.543,0.4,39.8,50.7,0,12,345,0,1.1999999999999715,17.50000000000007
2020-12-11,region_5,1.404,0.543,0.2,39.2,50.5,0,12,346,0,1.0999999999999717,16.70000000000007
2020-12-12,region_5,1.404,0.543,4.7,34.9,48.1,0,12,347,0,5.299999999999972,20.00000000000007
2020-12-13,region_5,1.404,0.543,1.8,39.0,49.5,0,12,348,0,6.699999999999971,18.00000000000007
2020-12-14,region_5,1.404,0.543,0.1,37.0,44.8,0,12,349,0,6.599999999999972,8.000000000000071
2020-12-15,region_5,1.404,0.543,0.8,36.3,47.6,0,12,350,0,2.6999999999999718,8.500000000000071
2020-12-16,region_5,1.404,0.543,0.6,32.8,46.5,0,12,351,0,1.4999999999999716,8.600000000000072
2020-12-17,region_5,1.404,0.543,0.1,32.0,42.2,0,12,352,0,1.4999999999999716,8.300000000000072
2020-12-18,region_5,1.404,0.543,13.5,31.2,40.9,0,12,353,0,14.19999999999997,21.600000000000072
2020-12-19,region_5,1.404,0.543,3.2,39.2,41.8,0,12,354,0,16.799999999999972,20.10000000000007
2020-12-20,region_5,1.404,0.543,0.8,38.5,41.5,0,12,355,0,17.49999999999997,19.100000000000072
2020-12-21,region_5,1.404,0.543,0.9,39.1,38.2,0,12,356,0,4.899999999999972,19.90000000000007
2020-12-22,region_5,1.404,0.543,0.8,36.8,37.6,0,12,357,0,2.4999999999999716,19.90000000000007
2020-12-23,region_5,1.404,0.543,0.6,35.8,38.6,0,12,358,0,2.2999999999999714,19.900000000000073
2020-12-24,region_5,1.404,0.543,0.8,31.5,36.7,0,12,359,0,2.1999999999999718,20.600000000000072
2020-12-25,region_5,1.404,0.543,1.0,29.9,34.9,0,12,360,0,2.3999999999999715,8.10000000000007
2020-12-26,region_5,1.404,0.543,0.3,30.2,33.8,0,12,361,0,2.0999999999999717,5.200000000000071
2020-12-27,region_5,1.404,0.543,0.1,30.9,34.8,0,12,362,0,1.3999999999999715,4.500000000000071
2020-12-28,region_5,1.404,0.543,0.4,29.0,31.8,0,12,363,0,0.7999999999999716,4.000000000000071
2020-12-29,region_5,1.404,0.543,0.6,29.6,30.4,0,12,364,0,1.0999999999999717,3.8000000000000713
2020-12-30,region_5,1.404,0.543,0.3,25.5,30.6,0,12,365,0,1.2999999999999716,3.500000000000071
2020-12-31,region_5,1.404,0.543,19.5,25.3,30.1,0,12,366,0,20.39999999999997,22.20000000000007
2021-01-01,region_5,1.404,0.543,0.2,39.2,28.4,0,1,1,0,19.999999999999968,21.40000000000007
2021-01-02,region_5,1.404,0.543,0.2,40.3,28.8,0,1,2,0,19.89999999999997,21.300000000000068
2021-01-03,region_5,1.404,0.543,0.7,36.0,27.7,0,1,3,0,1.0999999999999717,21.900000000000073
2021-01-04,region_5,1.404,0.543,0.1,36.6,27.5,0,1,4,0,0.9999999999999716,21.60000000000007
2021-01-05,region_5,1.404,0.543,0.4,33.6,27.4,0,1,5,0,1.1999999999999715,21.400000000000073
2021-01-06,region_5,1.404,0.543,14.0,31.2,25.8,0,1,6,0,14.499999999999972,35.10000000000007
2021-01-07,region_5,1.404,0.543,0.1,40.4,26.8,0,1,7,0,14.499999999999972,15.70000000000007
2021-01-08,region_5,1.404,0.543,2.5,40.7,24.5,0,1,8,0,16.599999999999973,18.00000000000007
2021-01-09,region_5,1.404,0.543,0.0,39.3,24.9,0,1,9,0,2.5999999999999717,17.80000000000007
2021-01-10,region_5,1.404,0.543,0.1,34.7,23.0,0,1,10,0,2.5999999999999717,17.20000000000007
2021-01-11,region_5,1.404,0.543,0.2,39.1,22.2,0,1,11,0,0.2999999999999716,17.30000000000007
2021-01-12,region_5,1.404,0.543,0.1,34.8,23.5,0,1,12,0,0.3999999999999716,17.00000000000007
2021-01-13,region_5,1.404,0.543,0.1,33.5,21.9,0,1,13,0,0.3999999999999716,3.100000000000071
2021-01-14,region_5,1.404,0.543,0.1,29.8,22.0,0,1,14,0,0.30000000000000004,3.100000000000071
2021-01-15,region_5,1.404,0.543,0.3,27.4,20.5,0,1,15,0,0.4999999999999716,0.9000000000000711
2021-01-16,region_5,1.404,0.543,0.2,27.3,19.3,0,1,16,0,0.5999999999999717,1.1000000000000711
2021-01-17,region_5,1.404,0.543,0.2,28.5,21.9,0,1,17,0,0.6999999999999715,1.200000000000071
2021-01-18,region_5,1.404,0.543,0.0,23.9,18.1,0,1,18,0,0.3999999999999716,1.000000000000071
2021-01-19,region_5,1.404,0.543,11.2,24.2,18.1,0,1,19,0,11.39999999999997,12.10000000000007
2021-01-20,region_5,1.404,0.543,23.5,31.1,20.5,0,1,20,0,34.699999999999974,35.50000000000007
2021-01-21,region_5,1.404,0.543,0.1,49.0,19.3,0,1,21,0,34.79999999999997,35.50000000000007
2021-01-22,region_5,1.404,0.543,0.6,49.0,18.6,0,1,22,0,24.19999999999997,35.800000000000075
2021-01-23,region_5,1.404,0.543,0.1,46.4,18.2,0,1,23,0,0.7999999999999715,35.70000000000007
2021-01-24,region_5,1.404,0.543,20.1,43.6,16.1,0,1,24,0,20.799999999999972,55.60000000000008
2021-01-25,region_5,1.404,0.543,1.1,59.4,19.7,0,1,25,0,21.299999999999972,56.700000000000074
2021-01-26,region_5,1.404,0.543,0.3,55.2,20.9,0,1,26,0,21.49999999999997,45.800000000000075
2021-01-27,region_5,1.404,0.543,1.1,56.2,19.0,0,1,27,0,2.4999999999999716,23.400000000000073
2021-01-28,region_5,1.404,0.543,0.1,51.1,17.2,0,1,28,0,1.4999999999999718,23.400000000000073
2021-01-29,region_5,1.404,0.543,0.4,50.4,17.4,0,1,29,0,1.5999999999999717,23.200000000000074
2021-01-30,region_5,1.404,0.543,6.6,49.6,18.8,0,1,30,0,7.099999999999971,29.700000000000074
2021-01-31,region_5,1.404,0.543,0.1,48.8,18.6,0,1,31,0,7.099999999999971,9.70000000000007
2021-02-01,region_5,1.404,0.543,0.1,45.4,20.4,0,2,32,0,6.799999999999971,8.70000000000007
2021-02-02,region_5,1.404,0.543,14.7,45.4,16.3,0,2,33,0,14.89999999999997,23.10000000000007
2021-02-03,region_5,1.404,0.543,0.1,51.3,19.5,0,2,34,0,14.89999999999997,22.10000000000007
2021-02-04,region_5,1.404,0.543,33.7,49.2,18.4,0,2,35,0,48.49999999999997,55.700000000000074
2021-02-05,region_5,1.404,0.543,0.2,74.0,24.9,0,2,36,0,33.99999999999997,55.50000000000008
2021-02-06,region_5,1.404,0.543,0.1,70.5,22.9,0,2,37,0,33.99999999999997,49.00000000000007
2021-02-07,region_5,1.404,0.543,0.3,67.0,22.9,0,2,38,0,0.5999999999999716,49.200000000000074
2021-02-08,region_5,1.404,0.543,0.3,65.5,24.3,0,2,39,0,0.6999999999999715,49.40000000000007
2021-02-09,region_5,1.404,0.543,1.0,62.2,22.3,0,2,40,0,1.5999999999999717,35.700000000000074
2021-02-10,region_5,1.404,0.543,1.3,58.8,23.3,0,2,41,0,2.5999999999999717,36.90000000000008
2021-02-11,region_5,1.404,0.543,19.8,60.6,21.6,0,2,42,0,22.099999999999973,23.00000000000007
2021-02-12,region_5,1.404,0.543,0.3,67.7,27.4,0,2,43,0,21.399999999999974,23.100000000000072
2021-02-13,region_5,1.404,0.543,0.1,61.3,25.8,0,2,44,0,20.19999999999997,23.10000000000007
2021-02-14,region_5,1.404,0.543,0.3,59.0,25.3,0,2,45,0,0.6999999999999715,23.10000000000007
2021-02-15,region_5,1.404,0.543,1.6,59.3,23.9,0,2,46,0,1.9999999999999716,24.400000000000073
2021-02-16,region_5,1.404,0.543,9.3,54.1,24.7,0,2,47,0,11.199999999999973,32.700000000000074
2021-02-17,region_5,1.404,0.543,0.5,63.2,28.1,0,2,48,0,11.399999999999972,31.900000000000073
2021-02-18,region_5,1.404,0.543,0.2,56.6,25.8,0,2,49,0,9.999999999999972,12.300000000000072
2021-02-19,region_5,1.404,0.543,0.2,54.6,26.6,0,2,50,0,0.8999999999999716,12.200000000000072
2021-02-20,region_5,1.404,0.543,11.9,50.9,24.9,0,2,51,0,12.299999999999972,24.00000000000007
2021-02-21,region_5,1.404,0.543,0.5,56.4,26.5,0,2,52,0,12.599999999999973,24.200000000000074
2021-02-22,region_5,1.404,0.543,2.1,57.3,24.6,0,2,53,0,14.499999999999972,24.700000000000074
2021-02-23,region_5,1.404,0.543,1.4,53.8,25.1,0,2,54,0,3.9999999999999716,16.80000000000007
2021-02-24,region_5,1.404,0.543,7.9,53.6,26.0,0,2,55,0,11.399999999999972,24.200000000000074
2021-02-25,region_5,1.404,0.543,0.1,57.2,24.9,0,2,56,0,9.399999999999972,24.100000000000072
2021-02-26,region_5,1.404,0.543,2.3,53.0,25.2,0,2,57,0,10.299999999999972,26.200000000000074
2021-02-27,region_5,1.404,0.543,0.9,49.6,25.8,0,2,58,0,3.2999999999999714,15.200000000000072
2021-02-28,region_5,1.404,0.543,0.3,48.8,24.7,0,2,59,0,3.4999999999999716,15.000000000000071
2021-03-01,region_5,1.404,0.543,1.2,44.0,26.8,0,3,60,0,2.3999999999999715,14.100000000000072
2021-03-02,region_5,1.404,0.543,1.3,44.5,23.9,0,3,61,0,2.7999999999999714,14.000000000000071
2021-03-03,region_5,1.404,0.543,1.8,44.1,22.8,0,3,62,0,4.299999999999971,7.900000000000071
2021-03-04,region_5,1.404,0.543,0.4,43.2,21.8,0,3,63,0,3.4999999999999716,8.200000000000072
2021-03-05,region_5,1.404,0.543,0.0,41.2,21.2,0,3,64,0,2.1999999999999718,5.9000000000000705
2021-03-06,region_5,1.404,0.543,1.8,38.6,20.7,0,3,65,0,2.1999999999999718,6.800000000000072
2021-03-07,region_5,1.404,0.543,1.8,38.4,21.1,0,3,66,0,3.599999999999972,8.300000000000072
2021-03-08,region_5,1.404,0.543,1.3,36.3,23.1,0,3,67,0,4.899999999999972,8.400000000000071
2021-03-09,region_5,1.404,0.543,8.2,35.6,19.6,0,3,68,0,11.29999999999997,15.300000000000072
2021-03-10,region_5,1.404,0.543,0.0,40.7,20.2,0,3,69,0,9.49999999999997,13.500000000000071
2021-03-11,region_5,1.404,0.543,0.0,44.3,19.3,0,3,70,0,8.19999999999997,13.10000000000007
2021-03-12,region_5,1.404,0.543,1.7,38.7,18.6,0,3,71,0,1.6999999999999715,14.80000000000007
2021-03-13,region_5,1.404,0.543,0.8,40.1,17.1,0,3,72,0,2.4999999999999716,13.800000000000072
2021-03-14,region_5,1.404,0.543,0.6,34.7,17.4,0,3,73,0,3.0999999999999717,12.60000000000007
2021-03-15,region_5,1.404,0.543,2.9,32.9,17.1,0,3,74,0,4.299999999999971,14.200000000000072
2021-03-16,region_5,1.404,0.543,0.3,32.9,19.0,0,3,75,0,3.799999999999972,6.300000000000073
2021-03-17,region_5,1.404,0.543,0.6,31.9,15.7,0,3,76,0,3.799999999999972,6.900000000000073
2021-03-18,region_5,1.404,0.543,1.5,30.7,16.6,0,3,77,0,2.399999999999972,8.400000000000073
2021-03-19,region_5,1.404,0.543,9.9,30.5,16.8,0,3,78,0,11.999999999999972,16.600000000000072
2021-03-20,region_5,1.404,0.543,0.5,36.5,16.7,0,3,79,0,11.899999999999974,16.300000000000075
2021-03-21,region_5,1.404,0.543,0.2,36.0,14.9,0,3,80,0,10.599999999999973,15.900000000000073
2021-03-22,region_5,1.404,0.543,3.8,34.8,15.5,0,3,81,0,4.499999999999973,16.800000000000075
2021-03-23,region_5,1.404,0.543,0.3,36.3,12.6,0,3,82,0,4.299999999999973,16.800000000000075
2021-03-24,region_5,1.404,0.543,2.4,37.9,16.0,0,3,83,0,6.499999999999973,18.600000000000072
2021-03-25,region_5,1.404,0.543,0.0,33.4,15.2,0,3,84,0,2.699999999999973,17.100000000000072
2021-03-26,region_5,1.404,0.543,2.1,34.8,13.2,0,3,85,0,4.499999999999973,9.300000000000075
2021-03-27,region_5,1.404,0.543,0.6,33.4,15.1,0,3,86,0,2.6999999999999735,9.400000000000075
2021-03-28,region_5,1.404,0.543,7.1,32.3,13.5,0,3,87,0,9.799999999999972,16.300000000000075
2021-03-29,region_5,1.404,0.543,1.3,34.0,14.1,0,3,88,0,8.999999999999973,13.800000000000074
2021-03-30,region_5,1.404,0.543,0.4,32.9,13.5,0,3,89,0,8.799999999999974,13.900000000000073
2021-03-31,region_5,1.404,0.543,1.8,34.1,12.7,0,3,90,0,3.4999999999999734,13.300000000000075
2021-04-01,region_5,1.404,0.543,0.2,34.4,12.2,0,4,91,0,2.3999999999999737,13.500000000000075
2021-04-02,region_5,1.404,0.543,16.5,30.0,13.8,0,4,92,0,18.49999999999997,27.900000000000073
2021-04-03,region_5,1.404,0.543,5.9,38.1,12.9,0,4,93,0,22.599999999999973,33.200000000000074
2021-04-04,region_5,1.404,0.543,0.4,39.7,12.5,0,4,94,0,22.799999999999972,26.500000000000075
2021-04-05,region_5,1.404,0.543,1.4,38.9,12.5,0,4,95,0,7.699999999999972,26.600000000000072
2021-04-06,region_5,1.404,0.543,8.9,35.9,12.9,0,4,96,0,10.69999999999997,35.10000000000008
2021-04-07,region_5,1.404,0.543,0.9,39.0,13.4,0,4,97,0,11.199999999999973,34.20000000000008
2021-04-08,region_5,1.404,0.543,2.0,39.7,13.8,0,4,98,0,11.799999999999972,36.00000000000008
2021-04-09,region_5,1.404,0.543,3.2,38.7,13.2,0,4,99,0,6.099999999999973,22.700000000000077
2021-04-10,region_5,1.404,0.543,1.9,39.0,12.9,0,4,100,0,7.099999999999973,18.700000000000074
2021-04-11,region_5,1.404,0.543,2.1,39.5,13.0,0,4,101,0,7.199999999999973,20.400000000000077
2021-04-12,region_5,1.404,0.543,1.2,39.8,13.1,0,4,102,0,5.1999999999999735,20.200000000000077
2021-04-13,region_5,1.404,0.543,2.6,38.1,10.8,0,4,103,0,5.899999999999974,13.900000000000075
2021-04-14,region_5,1.404,0.543,1.8,38.8,11.8,0,4,104,0,5.599999999999973,14.800000000000075
2021-04-15,region_5,1.404,0.543,1.5,36.9,10.6,0,4,105,0,5.899999999999973,14.300000000000075
2021-04-16,region_5,1.404,0.543,2.6,36.6,10.9,0,4,106,0,5.899999999999974,13.700000000000076
2021-04-17,region_5,1.404,0.543,14.1,38.5,11.5,0,4,107,0,18.199999999999974,25.900000000000077
2021-04-18,region_5,1.404,0.543,0.1,44.5,12.4,0,4,108,0,16.799999999999972,23.900000000000073
2021-04-19,region_5,1.404,0.543,6.5,43.9,11.8,0,4,109,0,20.69999999999997,29.200000000000074
2021-04-20,region_5,1.404,0.543,3.6,47.4,12.2,0,4,110,0,10.199999999999973,30.200000000000074
2021-04-21,region_5,1.404,0.543,0.7,46.2,11.7,0,4,111,0,10.799999999999974,29.100000000000076
2021-04-22,region_5,1.404,0.543,1.1,45.1,11.7,0,4,112,0,5.399999999999974,28.700000000000074
2021-04-23,region_5,1.404,0.543,0.8,44.9,10.5,0,4,113,0,2.5999999999999734,26.900000000000073
2021-04-24,region_5,1.404,0.543,2.4,40.7,11.5,0,4,114,0,4.299999999999973,15.200000000000074
2021-04-25,region_5,1.404,0.543,34.4,42.8,12.0,0,4,115,0,37.59999999999997,49.50000000000007
2021-04-26,region_5,1.404,0.543,5.0,67.0,15.5,0,4,116,0,41.799999999999976,48.00000000000007
2021-04-27,region_5,1.404,0.543,73.5,62.8,17.7,0,4,117,0,112.89999999999998,117.90000000000006
2021-04-28,region_5,1.404,0.543,38.5,98.6,34.9,0,4,118,0,116.99999999999997,155.70000000000005
2021-04-29,region_5,1.404,0.543,2.2,100.0,57.6,0,4,119,0,114.19999999999997,156.80000000000007
2021-04-30,region_5,1.404,0.543,0.6,98.8,57.8,0,4,120,0,41.29999999999997,156.60000000000005
2021-05-01,region_5,1.404,0.543,30.0,92.1,58.6,0,5,121,0,32.79999999999997,184.20000000000007
2021-05-02,region_5,1.404,0.543,47.8,100.0,74.6,0,5,122,0,78.39999999999996,197.60000000000008
2021-05-03,region_5,1.404,0.543,1.3,99.8,99.6,0,5,123,0,79.09999999999997,193.90000000000006
2021-05-04,region_5,1.404,0.543,6.3,97.0,98.4,0,5,124,0,55.39999999999996,126.70000000000006
2021-05-05,region_5,1.404,0.543,4.0,93.8,100.0,0,5,125,0,11.599999999999964,92.20000000000006
2021-05-06,region_5,1.404,0.543,15.0,93.4,99.7,0,5,126,0,25.29999999999996,105.00000000000006
2021-05-07,region_5,1.404,0.543,4.8,97.8,100.0,0,5,127,0,23.799999999999965,109.20000000000007
2021-05-08,region_5,1.404,0.543,6.6,94.0,99.9,0,5,128,0,26.399999999999963,85.80000000000007
2021-05-09,region_5,1.404,0.543,49.2,96.1,99.6,1,5,129,0,60.599999999999966,87.20000000000007
2021-05-10,region_5,1.404,0.543,83.9,99.4,100.0,0,5,130,0,139.7,169.80000000000007
2021-05-11,region_5,1.404,0.543,3.9,98.6,97.6,0,5,131,0,136.99999999999997,167.40000000000006
2021-05-12,region_5,1.404,0.543,1.5,100.0,99.6,0,5,132,0,89.29999999999997,164.90000000000006
2021-05-13,region_5,1.404,0.543,10.1,92.7,98.4,0,5,133,0,15.499999999999957,160.00000000000006
2021-05-14,region_5,1.404,0.543,3.5,94.1,99.5,0,5,134,0,15.099999999999957,158.7000000000001
2021-05-15,region_5,1.404,0.543,2.4,94.8,98.6,0,5,135,1,15.999999999999957,154.50000000000009
2021-05-16,region_5,1.404,0.543,7.7,88.5,97.0,0,5,136,1,13.599999999999957,113.00000000000007
2021-05-17,region_5,1.404,0.543,42.2,88.3,99.4,0,5,137,1,52.29999999999996,71.30000000000007
2021-05-18,region_5,1.404,0.543,11.8,100.0,100.0,0,5,138,1,61.69999999999996,79.20000000000007
2021-05-19,region_5,1.404,0.543,41.8,99.1,99.9,0,5,139,1,95.79999999999995,119.50000000000007
2021-05-20,region_5,1.404,0.543,0.6,100.0,99.6,0,5,140,1,54.19999999999995,110.00000000000007
2021-05-21,region_5,1.404,0.543,7.6,97.7,97.8,0,5,141,1,49.99999999999994,114.10000000000008
2021-05-22,region_5,1.404,0.543,26.9,92.8,98.2,0,5,142,1,35.09999999999995,138.60000000000008
2021-05-23,region_5,1.404,0.543,13.6,98.7,99.5,0,5,143,1,48.099999999999945,144.50000000000009
2021-05-24,region_5,1.404,0.543,92.6,99.9,99.1,1,5,144,1,133.09999999999994,194.90000000000006
2021-05-25,region_5,1.404,0.543,14.0,100.0,99.6,0,5,145,1,120.19999999999995,197.10000000000008
2021-05-26,region_5,1.404,0.543,0.4,100.0,98.7,0,5,146,1,106.99999999999994,155.70000000000007
2021-05-27,region_5,1.404,0.543,19.5,95.5,98.2,0,5,147,1,33.89999999999994,174.60000000000008
2021-05-28,region_5,1.404,0.543,2.4,100.0,99.0,0,5,148,1,22.29999999999994,169.4000000000001
2021-05-29,region_5,1.404,0.543,9.1,95.5,97.0,0,5,149,1,30.999999999999943,151.60000000000008
2021-05-30,region_5,1.404,0.543,12.7,100.0,99.5,0,5,150,1,24.199999999999942,150.70000000000007
2021-05-31,region_5,1.404,0.543,7.0,99.7,99.5,0,5,151,1,28.799999999999944,65.10000000000007
2021-06-01,region_5,1.404,0.543,2.2,100.0,100.0,0,6,152,1,21.89999999999994,53.30000000000007
2021-06-02,region_5,1.404,0.543,14.3,95.6,99.7,0,6,153,1,23.499999999999943,67.20000000000007
2021-06-03,region_5,1.404,0.543,2.9,100.0,100.0,0,6,154,1,19.39999999999994,50.60000000000007
2021-06-04,region_5,1.404,0.543,24.3,95.7,100.0,0,6,155,1,41.49999999999994,72.50000000000007
2021-06-05,region_5,1.404,0.543,2.4,100.0,99.3,0,6,156,1,29.59999999999994,65.80000000000007
2021-06-06,region_5,1.404,0.543,101.1,96.5,97.6,0,6,157,1,127.79999999999994,154.20000000000005
2021-06-07,region_5,1.404,0.543,3.0,99.3,100.0,0,6,158,1,106.49999999999994,150.20000000000005
2021-06-08,region_5,1.404,0.543,30.4,96.6,100.0,0,6,159,1,134.49999999999994,178.40000000000006
2021-06-09,region_5,1.404,0.543,8.5,97.3,99.5,0,6,160,1,41.89999999999994,172.60000000000005
2021-06-10,region_5,1.404,0.543,14.4,100.0,99.7,0,6,161,1,53.29999999999994,184.10000000000005
2021-06-11,region_5,1.404,0.543,1.8,98.3,100.0,0,6,162,1,24.699999999999942,161.60000000000008
2021-06-12,region_5,1.404,0.543,0.3,95.2,98.9,0,6,163,1,16.499999999999943,159.50000000000006
2021-06-13,region_5,1.404,0.543,4.6,90.2,95.1,0,6,164,1,6.6999999999999424,63.00000000000007
2021-06-14,region_5,1.404,0.543,128.4,86.6,96.5,0,6,165,1,133.29999999999995,188.4000000000001
2021-06-15,region_5,1.404,0.543,6.1,100.0,99.1,0,6,166,1,139.09999999999994,164.10000000000005
2021-06-16,region_5,1.404,0.543,8.1,99.0,100.0,0,6,167,1,142.59999999999994,163.70000000000005
2021-06-17,region_5,1.404,0.543,35.4,98.8,98.8,0,6,168,1,49.59999999999994,184.70000000000005
2021-06-18,region_5,1.404,0.543,0.9,100.0,100.0,0,6,169,1,44.399999999999935,183.80000000000007
2021-06-19,region_5,1.404,0.543,4.3,94.4,98.3,0,6,170,1,40.599999999999945,187.80000000000004
2021-06-20,region_5,1.404,0.543,5.6,90.3,97.4,0,6,171,1,10.799999999999937,188.80000000000007
2021-06-21,region_5,1.404,0.543,11.7,93.7,98.0,0,6,172,1,21.599999999999937,72.10000000000005
2021-06-22,region_5,1.404,0.543,3.5,98.4,100.0,0,6,173,1,20.799999999999933,69.50000000000006
2021-06-23,region_5,1.404,0.543,3.1,91.7,100.0,0,6,174,1,18.299999999999937,64.50000000000004
2021-06-24,region_5,1.404,0.543,3.6,90.2,98.6,0,6,175,1,10.199999999999939,32.70000000000006
2021-06-25,region_5,1.404,0.543,12.3,91.0,100.0,0,6,176,1,18.99999999999994,44.10000000000006
2021-06-26,region_5,1.404,0.543,4.7,93.4,100.0,0,6,177,1,20.59999999999994,44.50000000000006
2021-06-27,region_5,1.404,0.543,8.1,93.3,100.0,0,6,178,1,25.099999999999937,47.00000000000006
2021-06-28,region_5,1.404,0.543,28.8,93.1,98.7,0,6,179,1,41.59999999999994,64.10000000000005
2021-06-29,region_5,1.404,0.543,12.6,100.0,100.0,0,6,180,1,49.499999999999936,73.20000000000006
2021-06-30,region_5,1.404,0.543,2.9,100.0,98.9,0,6,181,1,44.29999999999993,73.00000000000006
2021-07-01,region_5,1.404,0.543,72.7,96.8,100.0,0,7,182,1,88.19999999999993,142.10000000000005
2021-07-02,region_5,1.404,0.543,0.6,99.6,100.0,0,7,183,1,76.19999999999995,130.40000000000006
2021-07-03,region_5,1.404,0.543,45.3,94.2,97.0,0,7,184,1,118.59999999999994,171.00000000000006
2021-07-04,region_5,1.404,0.543,152.3,100.0,99.9,0,7,185,1,198.19999999999993,315.20000000000005
2021-07-05,region_5,1.404,0.543,0.4,100.0,100.0,0,7,186,1,197.99999999999994,286.80000000000007
2021-07-06,region_5,1.404,0.543,11.5,96.4,97.2,0,7,187,1,164.19999999999993,285.7000000000001
2021-07-07,region_5,1.404,0.543,6.4,97.1,99.5,0,7,188,1,18.299999999999915,289.20000000000005
2021-07-08,region_5,1.404,0.543,58.8,96.8,100.0,0,7,189,1,76.69999999999992,275.30000000000007
2021-07-09,region_5,1.404,0.543,167.8,97.9,100.0,0,7,190,1,232.99999999999994,442.50000000000006
2021-07-10,region_5,1.404,0.543,0.7,99.8,100.0,0,7,191,1,227.29999999999993,397.9000000000001
2021-07-11,region_5,1.404,0.543,130.4,95.4,99.0,0,7,192,1,298.9,376.00000000000006
2021-07-12,region_5,1.404,0.543,1.6,99.3,98.5,0,7,193,1,132.69999999999993,377.2000000000001
2021-07-13,region_5,1.404,0.543,36.7,97.3,98.0,0,7,194,1,168.69999999999996,402.4000000000001
2021-07-14,region_5,1.404,0.543,1.4,99.7,100.0,0,7,195,1,39.699999999999946,397.40000000000003
2021-07-15,region_5,1.404,0.543,0.7,95.6,98.5,0,7,196,1,38.79999999999995,339.3
2021-07-16,region_5,1.404,0.543,16.6,89.7,96.3,0,7,197,1,18.699999999999946,188.10000000000005
2021-07-17,region_5,1.404,0.543,16.2,97.3,100.0,0,7,198,1,33.49999999999994,203.60000000000008
2021-07-18,region_5,1.404,0.543,34.2,99.4,100.0,0,7,199,1,66.99999999999994,107.40000000000006
2021-07-19,region_5,1.404,0.543,1.4,96.2,97.6,0,7,200,1,51.79999999999994,107.20000000000007
2021-07-20,region_5,1.404,0.543,279.0,97.4,98.8,0,7,201,1,314.5999999999999,349.50000000000006
2021-07-21,region_5,1.404,0.543,4.9,98.0,100.0,0,7,202,1,285.2999999999999,353.00000000000006
2021-07-22,region_5,1.404,0.543,18.0,96.9,98.6,0,7,203,1,301.89999999999986,370.30000000000007
2021-07-23,region_5,1.404,0.543,21.1,97.8,99.2,0,7,204,1,43.999999999999886,374.80000000000007
2021-07-24,region_5,1.404,0.543,122.2,100.0,99.9,0,7,205,1,161.2999999999999,480.80000000000007
2021-07-25,region_5,1.404,0.543,33.5,98.3,98.3,0,7,206,1,176.7999999999999,480.1
2021-07-26,region_5,1.404,0.543,106.2,100.0,99.6,0,7,207,1,261.89999999999986,584.9000000000001
2021-07-27,region_5,1.404,0.543,252.7,99.7,98.8,1,7,208,1,392.39999999999986,558.6
2021-07-28,region_5,1.404,0.543,89.3,100.0,100.0,1,7,209,1,448.1999999999999,643.0000000000001
2021-07-29,region_5,1.404,0.543,110.4,100.0,100.0,1,7,210,1,452.39999999999986,735.4000000000001
2021-07-30,region_5,1.404,0.543,1.7,100.0,99.7,0,7,211,1,201.3999999999999,716.0
2021-07-31,region_5,1.404,0.543,22.1,95.8,98.0,0,7,212,1,134.1999999999999,615.9
2021-08-01,region_5,1.404,0.543,1.8,100.0,100.0,0,8,213,1,25.599999999999888,584.2
2021-08-02,region_5,1.404,0.543,3.8,95.5,99.8,0,8,214,1,27.69999999999989,481.80000000000007
2021-08-03,region_5,1.404,0.543,1.0,91.6,97.4,0,8,215,1,6.599999999999886,230.10000000000005
2021-08-04,region_5,1.404,0.543,3.2,87.2,95.6,0,8,216,1,7.999999999999886,144.00000000000009
2021-08-05,region_5,1.404,0.543,101.1,88.2,95.6,0,8,217,1,105.29999999999988,134.70000000000005
2021-08-06,region_5,1.404,0.543,46.8,98.2,99.2,0,8,218,1,151.09999999999988,179.80000000000007
2021-08-07,region_5,1.404,0.543,24.3,100.0,100.0,0,8,219,1,172.1999999999999,182.00000000000003
2021-08-08,region_5,1.404,0.543,49.6,100.0,99.7,1,8,220,1,120.69999999999989,229.80000000000007
2021-08-09,region_5,1.404,0.543,1.1,100.0,100.0,0,8,221,1,74.99999999999989,227.10000000000005
2021-08-10,region_5,1.404,0.543,22.7,95.7,95.0,0,8,222,1,73.39999999999989,248.80000000000004
2021-08-11,region_5,1.404,0.543,91.1,100.0,99.3,0,8,223,1,114.89999999999988,336.70000000000005
2021-08-12,region_5,1.404,0.543,145.5,99.4,100.0,1,8,224,1,259.2999999999999,381.1
2021-08-13,region_5,1.404,0.543,14.4,100.0,100.0,0,8,225,1,250.9999999999999,348.70000000000005
2021-08-14,region_5,1.404,0.543,0.1,100.0,100.0,0,8,226,1,159.99999999999991,324.50000000000006
2021-08-15,region_5,1.404,0.543,3.9,93.4,97.0,0,8,227,1,18.399999999999913,278.80000000000007
2021-08-16,region_5,1.404,0.543,3.0,89.1,98.3,0,8,228,1,6.999999999999915,280.70000000000005
2021-08-17,region_5,1.404,0.543,22.7,92.6,97.2,0,8,229,1,29.599999999999916,280.70000000000005
2021-08-18,region_5,1.404,0.543,4.2,100.0,99.0,0,8,230,1,29.899999999999913,193.80000000000007
2021-08-19,region_5,1.404,0.543,70.8,99.2,100.0,0,8,231,1,97.6999999999999,119.10000000000005
2021-08-20,region_5,1.404,0.543,3.8,98.1,100.0,0,8,232,1,78.79999999999991,108.50000000000004
2021-08-21,region_5,1.404,0.543,9.4,96.3,100.0,0,8,233,1,83.99999999999991,117.80000000000005
2021-08-22,region_5,1.404,0.543,40.5,99.7,100.0,0,8,234,1,53.69999999999992,154.40000000000003
2021-08-23,region_5,1.404,0.543,38.6,99.5,98.2,0,8,235,1,88.49999999999991,190.00000000000006
2021-08-24,region_5,1.404,0.543,34.6,99.8,98.3,0,8,236,1,113.69999999999992,201.90000000000006
2021-08-25,region_5,1.404,0.543,57.8,100.0,100.0,1,8,237,1,130.99999999999991,255.50000000000006
2021-08-26,region_5,1.404,0.543,1.0,100.0,97.6,0,8,238,1,93.39999999999992,185.70000000000005
2021-08-27,region_5,1.404,0.543,9.4,95.8,97.5,0,8,239,1,68.19999999999992,191.30000000000004
2021-08-28,region_5,1.404,0.543,93.0,98.1,100.0,0,8,240,1,103.39999999999992,274.9000000000001
2021-08-29,region_5,1.404,0.543,2.9,98.5,99.6,0,8,241,1,105.29999999999993,237.30000000000007
2021-08-30,region_5,1.404,0.543,1.2,97.7,100.0,0,8,242,1,97.09999999999991,199.90000000000006
2021-08-31,region_5,1.404,0.543,6.3,95.9,96.7,0,8,243,1,10.399999999999913,171.60000000000005
2021-09-01,region_5,1.404,0.543,10.4,94.3,100.0,0,9,244,1,17.899999999999913,124.20000000000006
2021-09-02,region_5,1.404,0.543,2.9,96.1,98.9,0,9,245,1,19.599999999999916,126.10000000000007
2021-09-03,region_5,1.404,0.543,115.5,94.1,100.0,0,9,246,1,128.79999999999993,232.20000000000005
2021-09-04,region_5,1.404,0.543,6.3,98.9,100.0,0,9,247,1,124.6999999999999,145.50000000000006
2021-09-05,region_5,1.404,0.543,7.8,99.8,99.8,0,9,248,1,129.5999999999999,150.40000000000006
2021-09-06,region_5,1.404,0.543,6.4,98.9,100.0,0,9,249,1,20.499999999999915,155.60000000000008
2021-09-07,region_5,1.404,0.543,0.3,99.8,100.0,0,9,250,1,14.499999999999915,149.60000000000005
2021-09-08,region_5,1.404,0.543,83.3,96.3,95.9,0,9,251,1,89.99999999999991,222.50000000000006
2021-09-09,region_5,1.404,0.543,4.3,98.8,100.0,0,9,252,1,87.8999999999999,223.90000000000006
2021-09-10,region_5,1.404,0.543,3.7,99.6,100.0,0,9,253,1,91.29999999999991,112.10000000000005
2021-09-11,region_5,1.404,0.543,0.2,98.3,100.0,0,9,254,1,8.199999999999914,106.00000000000006
2021-09-12,region_5,1.404,0.543,1.5,88.6,95.8,0,9,255,1,5.399999999999915,99.70000000000006
2021-09-13,region_5,1.404,0.543,5.9,87.3,94.8,0,9,256,1,7.599999999999915,99.20000000000005
2021-09-14,region_5,1.404,0.543,6.2,86.3,96.4,0,9,257,1,13.599999999999916,105.10000000000005
2021-09-15,region_5,1.404,0.543,76.9,86.6,94.6,0,9,258,1,88.99999999999991,98.70000000000006
2021-09-16,region_5,1.404,0.543,0.2,100.0,100.0,0,9,259,1,83.29999999999991,94.60000000000007
2021-09-17,region_5,1.404,0.543,0.8,94.7,96.3,0,9,260,1,77.89999999999992,91.70000000000006
2021-09-18,region_5,1.404,0.543,5.9,93.1,95.9,0,9,261,1,6.899999999999915,97.40000000000006
2021-09-19,region_5,1.404,0.543,2.1,92.3,95.7,0,9,262,1,8.799999999999915,98.00000000000006
2021-09-20,region_5,1.404,0.543,0.2,86.4,93.0,0,9,263,1,8.199999999999916,92.30000000000007
2021-09-21,region_5,1.404,0.543,2.0,82.6,90.7,0,9,264,1,4.299999999999915,88.10000000000007
2021-09-22,region_5,1.404,0.543,16.9,80.6,90.4,0,9,265,1,19.099999999999913,28.100000000000055
2021-09-23,region_5,1.404,0.543,2.0,87.7,94.6,0,9,266,0,20.899999999999913,29.900000000000055
2021-09-24,region_5,1.404,0.543,31.1,87.4,92.6,0,9,267,0,49.999999999999915,60.20000000000006
2021-09-25,region_5,1.404,0.543,56.2,97.7,100.0,0,9,268,0,89.29999999999993,110.50000000000006
2021-09-26,region_5,1.404,0.543,3.0,100.0,100.0,0,9,269,0,90.29999999999993,111.40000000000006
2021-09-27,region_5,1.404,0.543,5.8,96.1,99.1,0,9,270,0,64.99999999999991,117.00000000000007
2021-09-28,region_5,1.404,0.543,87.6,94.9,98.8,0,9,271,0,96.3999999999999,202.60000000000008
2021-09-29,region_5,1.404,0.543,3.6,100.0,100.0,0,9,272,0,96.9999999999999,189.30000000000007
2021-09-30,region_5,1.404,0.543,0.7,97.5,100.0,0,9,273,0,91.8999999999999,188.00000000000006
2021-10-01,region_5,1.404,0.543,2.0,89.7,96.3,0,10,274,0,6.299999999999915,158.90000000000006
2021-10-02,region_5,1.404,0.543,1.2,86.2,94.5,0,10,275,0,3.899999999999914,103.90000000000006
2021-10-03,region_5,1.404,0.543,3.0,85.0,93.3,0,10,276,0,6.199999999999914,103.90000000000006
2021-10-04,region_5,1.404,0.543,6.2,79.8,91.4,0,10,277,0,10.399999999999913,104.30000000000007
2021-10-05,region_5,1.404,0.543,1.7,82.6,91.3,0,10,278,0,10.899999999999915,18.40000000000007
2021-10-06,region_5,1.404,0.543,47.0,81.3,89.1,0,10,279,0,54.89999999999991,61.80000000000007
2021-10-07,region_5,1.404,0.543,43.3,100.0,100.0,0,10,280,0,91.99999999999991,104.40000000000006
2021-10-08,region_5,1.404,0.543,1.7,99.2,99.1,0,10,281,0,91.9999999999999,104.10000000000007
2021-10-09,region_5,1.404,0.543,4.0,95.5,99.5,0,10,282,0,48.999999999999915,106.90000000000006
2021-10-10,region_5,1.404,0.543,3.5,95.4,99.0,0,10,283,0,9.199999999999914,107.40000000000006
2021-10-11,region_5,1.404,0.543,3.2,91.1,98.5,0,10,284,0,10.699999999999914,104.40000000000008
2021-10-12,region_5,1.404,0.543,0.8,87.3,98.3,0,10,285,0,7.499999999999915,103.50000000000007
2021-10-13,region_5,1.404,0.543,5.0,84.8,93.5,0,10,286,0,8.999999999999915,61.50000000000007
2021-10-14,region_5,1.404,0.543,12.2,85.6,95.0,0,10,287,0,17.999999999999915,30.40000000000007
2021-10-15,region_5,1.404,0.543,2.4,88.5,95.4,0,10,288,0,19.599999999999913,31.10000000000007
2021-10-16,region_5,1.404,0.543,1.0,89.3,93.1,0,10,289,0,15.599999999999914,28.10000000000007
2021-10-17,region_5,1.404,0.543,1.2,82.9,91.3,0,10,290,0,4.599999999999914,25.80000000000007
2021-10-18,region_5,1.404,0.543,15.0,83.5,89.6,0,10,291,0,17.199999999999914,37.60000000000007
2021-10-19,region_5,1.404,0.543,55.5,88.0,91.4,0,10,292,0,71.69999999999992,92.30000000000007
2021-10-20,region_5,1.404,0.543,23.1,100.0,100.0,0,10,293,0,93.59999999999991,110.40000000000006
2021-10-21,region_5,1.404,0.543,0.4,100.0,99.8,0,10,294,0,78.99999999999991,98.60000000000008
2021-10-22,region_5,1.404,0.543,2.1,92.8,98.5,0,10,295,0,25.599999999999916,98.30000000000007
2021-10-23,region_5,1.404,0.543,2.8,91.9,96.9,0,10,296,0,5.299999999999915,100.10000000000008
2021-10-24,region_5,1.404,0.543,0.6,86.9,94.0,0,10,297,0,5.499999999999914,99.50000000000007
2021-10-25,region_5,1.404,0.543,0.2,82.5,92.5,0,10,298,0,3.5999999999999144,84.70000000000007
2021-10-26,region_5,1.404,0.543,3.5,81.7,88.4,0,10,299,0,4.299999999999915,32.700000000000074
2021-10-27,region_5,1.404,0.543,4.9,79.1,88.8,0,10,300,0,8.599999999999914,14.500000000000071
2021-10-28,region_5,1.404,0.543,2.3,77.2,89.2,0,10,301,0,10.699999999999914,16.40000000000007
2021-10-29,region_5,1.404,0.543,4.6,75.4,88.8,0,10,302,0,11.799999999999915,18.90000000000007
2021-10-30,region_5,1.404,0.543,1.1,74.7,86.5,0,10,303,0,7.999999999999915,17.20000000000007
2021-10-31,region_5,1.404,0.543,37.9,71.1,85.4,0,10,304,0,43.599999999999916,54.50000000000007
2021-11-01,region_5,1.404,0.543,1.4,99.1,99.4,0,11,305,0,40.39999999999991,55.70000000000007
2021-11-02,region_5,1.404,0.543,2.2,95.5,99.4,0,11,306,0,41.499999999999915,54.40000000000007
2021-11-03,region_5,1.404,0.543,4.3,92.2,96.8,0,11,307,0,7.899999999999915,53.80000000000007
2021-11-04,region_5,1.404,0.543,1.0,91.0,94.3,0,11,308,0,7.499999999999915,52.50000000000007
2021-11-05,region_5,1.404,0.543,0.5,87.8,92.5,0,11,309,0,5.7999999999999154,48.40000000000007
2021-11-06,region_5,1.404,0.543,1.7,84.9,91.3,0,11,310,0,3.199999999999915,49.00000000000007
2021-11-07,region_5,1.404,0.543,0.4,82.1,89.4,0,11,311,0,2.599999999999915,11.500000000000071
2021-11-08,region_5,1.404,0.543,0.0,77.3,86.3,0,11,312,0,2.099999999999915,10.10000000000007
2021-11-09,region_5,1.404,0.543,0.2,73.0,84.4,0,11,313,0,0.5999999999999148,8.100000000000072
2021-11-10,region_5,1.404,0.543,0.3,67.9,79.6,0,11,314,0,0.49999999999991473,4.100000000000071
2021-11-11,region_5,1.404,0.543,0.0,63.8,78.6,0,11,315,0,0.49999999999991473,3.100000000000071
2021-11-12,region_5,1.404,0.543,0.9,61.6,76.3,0,11,316,0,1.1999999999999147,3.500000000000071
2021-11-13,region_5,1.404,0.543,0.2,59.5,76.2,0,11,317,0,1.0999999999999148,2.000000000000071
2021-11-14,region_5,1.404,0.543,1.4,55.3,72.1,0,11,318,0,2.4999999999999147,3.000000000000071
2021-11-15,region_5,1.404,0.543,2.0,52.2,69.3,0,11,319,0,3.599999999999915,5.000000000000071
2021-11-16,region_5,1.404,0.543,7.0,54.7,70.2,0,11,320,0,10.399999999999915,11.800000000000072
2021-11-17,region_5,1.404,0.543,1.4,53.9,69.5,0,11,321,0,10.399999999999915,12.90000000000007
2021-11-18,region_5,1.404,0.543,2.1,54.1,65.3,0,11,322,0,10.499999999999915,15.000000000000071
2021-11-19,region_5,1.404,0.543,9.0,50.8,65.3,0,11,323,0,12.499999999999915,23.100000000000072
2021-11-20,region_5,1.404,0.543,1.1,56.7,63.7,0,11,324,0,12.199999999999914,24.000000000000075
2021-11-21,region_5,1.404,0.543,0.2,53.8,63.2,0,11,325,0,10.299999999999915,22.80000000000007
2021-11-22,region_5,1.404,0.543,16.1,52.1,61.3,0,11,326,0,17.399999999999917,36.90000000000008
2021-11-23,region_5,1.404,0.543,1.2,61.1,63.8,0,11,327,0,17.499999999999915,31.100000000000072
2021-11-24,region_5,1.404,0.543,1.4,57.5,62.1,0,11,328,0,18.699999999999918,31.100000000000076
2021-11-25,region_5,1.404,0.543,1.0,55.9,58.9,0,11,329,0,3.5999999999999144,30.000000000000075
2021-11-26,region_5,1.404,0.543,0.6,56.4,58.3,0,11,330,0,2.9999999999999143,21.600000000000072
2021-11-27,region_5,1.404,0.543,0.5,51.0,55.9,0,11,331,0,2.099999999999915,21.00000000000007
2021-11-28,region_5,1.404,0.543,2.2,49.8,55.3,0,11,332,0,3.299999999999915,23.00000000000007
2021-11-29,region_5,1.404,0.543,13.9,49.2,53.5,0,11,333,0,16.599999999999916,20.80000000000007
2021-11-30,region_5,1.404,0.543,0.0,58.5,54.0,0,11,334,0,16.099999999999916,19.600000000000072
2021-12-01,region_5,1.404,0.543,0.5,54.2,53.9,0,12,335,0,14.399999999999915,18.70000000000007
2021-12-02,region_5,1.404,0.543,0.0,53.5,51.3,0,12,336,0,0.49999999999991296,17.70000000000007
2021-12-03,region_5,1.404,0.543,0.3,49.3,51.7,0,12,337,0,0.799999999999913,17.400000000000073
2021-12-04,region_5,1.404,0.543,0.3,44.3,47.9,0,12,338,0,0.5999999999999129,17.200000000000074
2021-12-05,region_5,1.404,0.543,0.7,44.7,47.8,0,12,339,0,1.2999999999999128,15.700000000000072
2021-12-06,region_5,1.404,0.543,19.6,43.2,44.9,0,12,340,0,20.599999999999913,21.400000000000073
2021-12-07,region_5,1.404,0.543,0.4,58.1,48.3,0,12,341,0,20.69999999999991,21.80000000000007
2021-12-08,region_5,1.404,0.543,0.2,55.8,48.0,0,12,342,0,20.199999999999914,21.500000000000075
2021-12-09,region_5,1.404,0.543,0.2,53.2,45.8,0,12,343,0,0.7999999999999112,21.700000000000074
2021-12-10,region_5,1.404,0.543,0.0,52.0,45.5,0,12,344,0,0.3999999999999112,21.400000000000073
2021-12-11,region_5,1.404,0.543,0.6,48.4,41.5,0,12,345,0,0.7999999999999112,21.70000000000007
2021-12-12,region_5,1.404,0.543,1.3,48.0,42.0,0,12,346,0,1.899999999999911,22.30000000000007
2021-12-13,region_5,1.404,0.543,0.1,42.8,40.1,0,12,347,0,1.9999999999999112,2.8000000000000713
2021-12-14,region_5,1.404,0.543,0.2,40.9,38.0,0,12,348,0,1.599999999999911,2.600000000000071
2021-12-15,region_5,1.404,0.543,0.8,40.9,37.9,0,12,349,0,1.099999999999911,3.2000000000000712
2021-12-16,region_5,1.404,0.543,0.3,39.4,38.2,0,12,350,0,1.299999999999911,3.300000000000071
2021-12-17,region_5,1.404,0.543,0.4,38.1,35.8,0,12,351,0,1.4999999999999112,3.7000000000000712
2021-12-18,region_5,1.404,0.543,0.6,34.5,35.5,0,12,352,0,1.299999999999911,3.7000000000000712
2021-12-19,region_5,1.404,0.543,11.3,32.4,33.1,0,12,353,0,12.299999999999912,13.700000000000072
2021-12-20,region_5,1.404,0.543,0.1,39.3,34.9,0,12,354,0,11.999999999999911,13.700000000000072
2021-12-21,region_5,1.404,0.543,7.0,34.2,33.1,0,12,355,0,18.399999999999913,20.50000000000007
2021-12-22,region_5,1.404,0.543,0.2,42.8,32.7,0,12,356,0,7.299999999999911,19.90000000000007
2021-12-23,region_5,1.404,0.543,7.5,38.6,32.1,0,12,357,0,14.69999999999991,27.100000000000072
2021-12-24,region_5,1.404,0.543,0.5,42.0,33.9,0,12,358,0,8.19999999999991,27.20000000000007
2021-12-25,region_5,1.404,0.543,0.6,41.5,32.2,0,12,359,0,8.59999999999991,27.200000000000074
2021-12-26,region_5,1.404,0.543,0.5,41.7,29.0,0,12,360,0,1.5999999999999113,16.40000000000007
2021-12-27,region_5,1.404,0.543,0.1,38.8,29.5,0,12,361,0,1.1999999999999111,16.40000000000007
2021-12-28,region_5,1.404,0.543,0.1,35.6,27.9,0,12,362,0,0.6999999999999111,9.500000000000071
2021-12-29,region_5,1.404,0.543,0.7,35.1,27.5,0,12,363,0,0.8999999999999111,10.000000000000071
2021-12-30,region_5,1.404,0.543,0.5,33.6,26.3,0,12,364,0,1.299999999999911,3.000000000000071
2021-12-31,region_5,1.404,0.543,0.6,33.9,26.2,0,12,365,0,1.799999999999911,3.100000000000071
2022-01-01,region_5,1.404,0.543,0.8,32.0,26.8,0,1,1,0,1.899999999999911,3.300000000000071
2022-01-02,region_5,1.404,0.543,56.8,28.8,23.2,0,1,2,0,58.19999999999991,59.600000000000065
2022-01-03,region_5,1.404,0.543,0.2,78.4,26.5,0,1,3,0,57.79999999999991,59.70000000000007
2022-01-04,region_5,1.404,0.543,1.1,74.7,26.0,0,1,4,0,58.09999999999991,60.70000000000006
2022-01-05,region_5,1.404,0.543,0.2,68.3,25.0,0,1,5,0,1.4999999999999147,60.20000000000007
2022-01-06,region_5,1.404,0.543,0.6,63.0,24.6,0,1,6,0,1.8999999999999149,60.30000000000007
2022-01-07,region_5,1.404,0.543,0.4,64.7,23.4,0,1,7,0,1.199999999999915,60.100000000000065
2022-01-08,region_5,1.404,0.543,0.4,62.6,24.9,0,1,8,0,1.3999999999999149,59.70000000000007
2022-01-09,region_5,1.404,0.543,0.5,62.7,21.9,0,1,9,0,1.2999999999999148,3.4000000000000714
2022-01-10,region_5,1.404,0.543,1.3,55.5,25.0,0,1,10,0,2.199999999999915,4.500000000000071
2022-01-11,region_5,1.404,0.543,0.0,53.4,22.2,0,1,11,0,1.7999999999999148,3.4000000000000714
2022-01-12,region_5,1.404,0.543,8.0,52.8,20.9,0,1,12,0,9.299999999999915,11.20000000000007
2022-01-13,region_5,1.404,0.543,0.3,52.9,21.4,0,1,13,0,8.299999999999915,10.900000000000071
2022-01-14,region_5,1.404,0.543,0.9,54.7,22.5,0,1,14,0,9.199999999999916,11.400000000000071
2022-01-15,region_5,1.404,0.543,24.4,48.4,21.1,0,1,15,0,25.599999999999916,35.40000000000007
2022-01-16,region_5,1.404,0.543,0.1,63.8,28.1,0,1,16,0,25.399999999999917,35.00000000000007
2022-01-17,region_5,1.404,0.543,0.8,60.1,24.9,0,1,17,0,25.299999999999915,34.50000000000007
2022-01-18,region_5,1.404,0.543,0.2,55.4,25.8,0,1,18,0,1.0999999999999184,34.700000000000074
2022-01-19,region_5,1.404,0.543,0.5,53.9,23.9,0,1,19,0,1.4999999999999183,27.20000000000007
2022-01-20,region_5,1.404,0.543,0.1,50.6,22.7,0,1,20,0,0.7999999999999183,27.000000000000068
2022-01-21,region_5,1.404,0.543,31.1,48.7,23.6,0,1,21,0,31.69999999999992,57.200000000000074
2022-01-22,region_5,1.404,0.543,45.3,75.0,30.0,0,1,22,0,76.49999999999991,78.10000000000008
2022-01-23,region_5,1.404,0.543,0.4,97.2,47.9,0,1,23,0,76.79999999999993,78.40000000000008
2022-01-24,region_5,1.404,0.543,59.3,92.0,46.4,0,1,24,0,104.99999999999991,136.90000000000006
2022-01-25,region_5,1.404,0.543,0.6,99.9,81.9,0,1,25,0,60.29999999999991,137.30000000000007
2022-01-26,region_5,1.404,0.543,1.3,93.3,77.2,0,1,26,0,61.19999999999991,138.10000000000008
2022-01-27,region_5,1.404,0.543,0.2,92.2,78.7,0,1,27,0,2.099999999999915,138.20000000000007
2022-01-28,region_5,1.404,0.543,0.0,86.4,75.3,0,1,28,0,1.4999999999999145,107.10000000000007
2022-01-29,region_5,1.404,0.543,0.7,83.3,73.7,0,1,29,0,0.8999999999999146,62.50000000000007
2022-01-30,region_5,1.404,0.543,33.8,75.5,72.4,0,1,30,0,34.499999999999915,95.90000000000006
2022-01-31,region_5,1.404,0.543,0.5,100.0,86.7,0,1,31,0,34.999999999999915,37.10000000000007
2022-02-01,region_5,1.404,0.543,1.1,99.2,83.3,0,2,32,0,35.39999999999991,37.60000000000007
2022-02-02,region_5,1.404,0.543,0.5,91.9,83.4,0,2,33,0,2.099999999999915,36.800000000000075
2022-02-03,region_5,1.404,0.543,0.4,87.4,80.2,0,2,34,0,1.9999999999999147,37.00000000000007
2022-02-04,region_5,1.404,0.543,1.2,83.6,77.5,0,2,35,0,2.099999999999915,38.200000000000074
2022-02-05,region_5,1.404,0.543,0.1,78.0,77.5,0,2,36,0,1.699999999999915,37.60000000000007
2022-02-06,region_5,1.404,0.543,1.0,74.1,73.7,0,2,37,0,2.299999999999915,4.800000000000079
2022-02-07,region_5,1.404,0.543,0.9,69.8,71.7,0,2,38,0,1.9999999999999147,5.200000000000078
2022-02-08,region_5,1.404,0.543,0.1,68.8,70.2,0,2,39,0,1.9999999999999147,4.200000000000078
2022-02-09,region_5,1.404,0.543,0.0,68.9,70.0,0,2,40,0,0.9999999999999147,3.7000000000000783
2022-02-10,region_5,1.404,0.543,0.0,62.6,65.9,0,2,41,0,0.09999999999991474,3.3000000000000784
2022-02-11,region_5,1.404,0.543,13.1,56.0,63.6,0,2,42,0,13.099999999999914,15.200000000000077
2022-02-12,region_5,1.404,0.543,1.0,64.5,63.5,0,2,43,0,14.099999999999914,16.10000000000008
2022-02-13,region_5,1.404,0.543,0.4,64.0,64.2,0,2,44,0,14.499999999999915,15.500000000000078
2022-02-14,region_5,1.404,0.543,0.1,60.3,61.1,0,2,45,0,1.4999999999999147,14.700000000000077
2022-02-15,region_5,1.404,0.543,0.8,56.5,58.6,0,2,46,0,1.2999999999999148,15.400000000000079
2022-02-16,region_5,1.404,0.543,0.1,53.3,58.5,0,2,47,0,0.9999999999999147,15.500000000000078
2022-02-17,region_5,1.404,0.543,0.1,49.9,58.5,0,2,48,0,0.9999999999999147,15.600000000000078
2022-02-18,region_5,1.404,0.543,1.1,46.8,56.3,0,2,49,0,1.2999999999999148,3.6000000000000782
2022-02-19,region_5,1.404,0.543,0.3,49.5,54.6,0,2,50,0,1.4999999999999147,2.900000000000078
2022-02-20,region_5,1.404,0.543,12.5,45.4,53.4,0,2,51,0,13.899999999999915,15.000000000000078
2022-02-21,region_5,1.404,0.543,8.3,54.3,50.9,0,2,52,0,21.099999999999916,23.20000000000008
2022-02-22,region_5,1.404,0.543,2.2,55.8,52.4,0,2,53,0,22.999999999999915,24.60000000000008
2022-02-23,region_5,1.404,0.543,16.7,54.9,52.3,0,2,54,0,27.199999999999914,41.200000000000074
2022-02-24,region_5,1.404,0.543,0.1,63.4,52.6,0,2,55,0,18.999999999999915,41.200000000000074
2022-02-25,region_5,1.404,0.543,0.7,59.8,52.5,0,2,56,0,17.499999999999915,40.80000000000008
2022-02-26,region_5,1.404,0.543,2.1,55.9,50.4,0,2,57,0,2.8999999999999146,42.60000000000008
2022-02-27,region_5,1.404,0.543,0.2,55.1,51.4,0,2,58,0,2.9999999999999147,30.30000000000008
2022-02-28,region_5,1.404,0.543,5.8,50.9,46.8,0,2,59,0,8.099999999999914,27.800000000000075
2022-03-01,region_5,1.404,0.543,0.8,53.0,46.0,0,3,60,0,6.7999999999999154,26.400000000000077
2022-03-02,region_5,1.404,0.543,6.8,52.4,47.7,0,3,61,0,13.399999999999915,16.500000000000078
2022-03-03,region_5,1.404,0.543,9.2,54.3,46.5,0,3,62,0,16.799999999999915,25.600000000000076
2022-03-04,region_5,1.404,0.543,1.6,59.1,47.8,0,3,63,0,17.599999999999916,26.500000000000078
2022-03-05,region_5,1.404,0.543,0.2,59.1,44.7,0,3,64,0,10.999999999999917,24.60000000000008
2022-03-06,region_5,1.404,0.543,0.2,55.5,46.4,0,3,65,0,1.9999999999999165,24.600000000000076
2022-03-07,region_5,1.404,0.543,1.5,52.1,43.9,0,3,66,0,1.8999999999999164,20.30000000000008
2022-03-08,region_5,1.404,0.543,0.5,48.3,41.9,0,3,67,0,2.1999999999999167,20.000000000000078
2022-03-09,region_5,1.404,0.543,0.6,46.3,41.0,0,3,68,0,2.599999999999916,13.800000000000077
2022-03-10,region_5,1.404,0.543,1.6,44.9,39.5,0,3,69,0,2.6999999999999162,6.200000000000078
2022-03-11,region_5,1.404,0.543,1.0,43.8,38.2,0,3,70,0,3.1999999999999162,5.600000000000078
2022-03-12,region_5,1.404,0.543,0.2,40.1,37.7,0,3,71,0,2.7999999999999163,5.600000000000079
2022-03-13,region_5,1.404,0.543,1.0,43.4,37.1,0,3,72,0,2.199999999999916,6.4000000000000785
2022-03-14,region_5,1.404,0.543,0.7,40.0,35.8,0,3,73,0,1.899999999999916,5.600000000000078
2022-03-15,region_5,1.404,0.543,0.4,39.1,33.3,0,3,74,0,2.099999999999916,5.500000000000078
2022-03-16,region_5,1.404,0.543,3.2,36.0,34.9,0,3,75,0,4.299999999999916,8.10000000000008
2022-03-17,region_5,1.404,0.543,2.2,37.5,30.8,0,3,76,0,5.799999999999916,8.700000000000077
2022-03-18,region_5,1.404,0.543,1.7,36.4,30.7,0,3,77,0,7.099999999999917,9.400000000000079
2022-03-19,region_5,1.404,0.543,1.7,37.6,32.2,0,3,78,0,5.599999999999916,10.900000000000079
2022-03-20,region_5,1.404,0.543,0.7,36.4,30.7,0,3,79,0,4.099999999999916,10.60000000000008
2022-03-21,region_5,1.404,0.543,0.8,33.7,30.9,0,3,80,0,3.199999999999916,10.700000000000077
2022-03-22,region_5,1.404,0.543,0.9,30.6,29.1,0,3,81,0,2.399999999999916,11.200000000000077
2022-03-23,region_5,1.404,0.543,0.1,29.9,30.0,0,3,82,0,1.7999999999999161,8.100000000000078
2022-03-24,region_5,1.404,0.543,0.2,29.3,26.8,0,3,83,0,1.199999999999916,6.100000000000078
2022-03-25,region_5,1.404,0.543,24.8,28.8,27.4,0,3,84,0,25.099999999999916,29.200000000000077
2022-03-26,region_5,1.404,0.543,0.0,45.3,28.9,0,3,85,0,24.999999999999915,27.500000000000078
2022-03-27,region_5,1.404,0.543,1.8,44.1,27.1,0,3,86,0,26.599999999999916,28.60000000000008
2022-03-28,region_5,1.404,0.543,1.2,44.9,27.1,0,3,87,0,2.9999999999999147,29.000000000000078
2022-03-29,region_5,1.404,0.543,1.3,43.4,25.9,0,3,88,0,4.299999999999915,29.400000000000077
2022-03-30,region_5,1.404,0.543,0.1,40.5,25.8,0,3,89,0,2.599999999999915,29.400000000000077
2022-03-31,region_5,1.404,0.543,2.2,38.9,23.1,0,3,90,0,3.599999999999915,31.40000000000008
2022-04-01,region_5,1.404,0.543,0.8,40.4,24.1,0,4,91,0,3.0999999999999144,7.4000000000000785
2022-04-02,region_5,1.404,0.543,5.6,39.3,23.0,0,4,92,0,8.599999999999914,13.000000000000078
2022-04-03,region_5,1.404,0.543,3.6,39.8,22.9,0,4,93,0,9.999999999999915,14.800000000000077
2022-04-04,region_5,1.404,0.543,0.9,41.0,21.0,0,4,94,0,10.099999999999914,14.500000000000078
2022-04-05,region_5,1.404,0.543,13.7,39.5,23.2,0,4,95,0,18.199999999999914,26.900000000000077
2022-04-06,region_5,1.404,0.543,5.9,44.6,23.7,0,4,96,0,20.499999999999915,32.70000000000008
2022-04-07,region_5,1.404,0.543,28.1,46.6,24.4,0,4,97,0,47.69999999999992,58.60000000000008
2022-04-08,region_5,1.404,0.543,4.4,64.9,27.0,0,4,98,0,38.39999999999992,62.20000000000008
2022-04-09,region_5,1.404,0.543,0.4,66.1,27.3,0,4,99,0,32.89999999999991,57.00000000000008
2022-04-10,region_5,1.404,0.543,5.4,60.0,28.5,0,4,100,0,10.199999999999916,58.80000000000008
2022-04-11,region_5,1.404,0.543,0.0,60.0,27.5,0,4,101,0,5.7999999999999154,57.900000000000084
2022-04-12,region_5,1.404,0.543,76.1,57.1,26.8,0,4,102,0,81.49999999999991,120.30000000000008
2022-04-13,region_5,1.404,0.543,2.4,97.3,41.6,0,4,103,0,78.49999999999991,116.80000000000008
2022-04-14,region_5,1.404,0.543,0.4,94.0,40.7,0,4,104,0,78.8999999999999,89.10000000000007
2022-04-15,region_5,1.404,0.543,2.5,89.6,40.0,0,4,105,0,5.299999999999915,87.20000000000007
2022-04-16,region_5,1.404,0.543,5.6,88.6,41.0,0,4,106,0,8.499999999999915,92.40000000000008
2022-04-17,region_5,1.404,0.543,1.8,88.5,44.1,0,4,107,0,9.899999999999915,88.80000000000008
2022-04-18,region_5,1.404,0.543,4.2,85.0,42.0,0,4,108,0,11.599999999999914,93.00000000000009
2022-04-19,region_5,1.404,0.543,1.0,84.4,42.9,0,4,109,0,6.999999999999915,17.900000000000084
2022-04-20,region_5,1.404,0.543,2.2,83.1,43.8,0,4,110,0,7.399999999999915,17.700000000000085
2022-04-21,region_5,1.404,0.543,2.0,78.7,42.5,0,4,111,0,5.199999999999915,19.300000000000086
2022-04-22,region_5,1.404,0.543,2.3,75.3,42.2,0,4,112,0,6.499999999999915,19.100000000000087
2022-04-23,region_5,1.404,0.543,1.5,74.2,42.3,0,4,113,0,5.799999999999915,15.000000000000085
2022-04-24,region_5,1.404,0.543,25.5,69.6,40.4,0,4,114,0,29.299999999999915,38.70000000000009
2022-04-25,region_5,1.404,0.543,10.4,86.3,49.5,0,4,115,0,37.39999999999991,44.900000000000084
2022-04-26,region_5,1.404,0.543,0.7,86.8,54.3,0,4,116,0,36.599999999999916,44.60000000000009
2022-04-27,region_5,1.404,0.543,1.3,81.2,52.5,0,4,117,0,12.399999999999915,43.70000000000009
2022-04-28,region_5,1.404,0.543,0.4,80.1,51.3,0,4,118,0,2.3999999999999146,42.10000000000009
2022-04-29,region_5,1.404,0.543,2.9,76.5,49.4,0,4,119,0,4.599999999999914,42.70000000000009
2022-04-30,region_5,1.404,0.543,33.2,74.3,50.0,0,4,120,0,36.499999999999915,74.40000000000009
2022-05-01,region_5,1.404,0.543,6.1,96.6,66.8,0,5,121,0,42.19999999999992,55.00000000000009
2022-05-02,region_5,1.404,0.543,0.4,94.0,68.8,0,5,122,0,39.69999999999992,45.00000000000009
2022-05-03,region_5,1.404,0.543,60.7,90.2,68.4,0,5,123,0,67.19999999999992,105.0000000000001
2022-05-04,region_5,1.404,0.543,41.0,98.0,100.0,0,5,124,0,102.09999999999991,144.7000000000001
2022-05-05,region_5,1.404,0.543,2.9,100.0,100.0,0,5,125,0,104.59999999999992,147.2000000000001
2022-05-06,region_5,1.404,0.543,0.9,97.5,98.8,0,5,126,0,44.79999999999991,145.2000000000001
2022-05-07,region_5,1.404,0.543,2.5,94.8,97.4,0,5,127,0,6.299999999999915,114.5000000000001
2022-05-08,region_5,1.404,0.543,44.4,91.5,95.1,0,5,128,0,47.79999999999991,152.8000000000001
2022-05-09,region_5,1.404,0.543,7.4,97.1,100.0,0,5,129,0,54.29999999999991,159.8000000000001
2022-05-10,region_5,1.404,0.543,72.0,98.2,98.3,0,5,130,0,123.79999999999991,171.10000000000008
2022-05-11,region_5,1.404,0.543,0.8,98.4,99.6,0,5,131,0,80.19999999999992,130.9000000000001
2022-05-12,region_5,1.404,0.543,17.0,95.7,97.7,0,5,132,0,89.79999999999991,145.00000000000009
2022-05-13,region_5,1.404,0.543,13.0,100.0,100.0,0,5,133,0,30.799999999999915,157.10000000000008
2022-05-14,region_5,1.404,0.543,31.0,99.6,99.8,0,5,134,0,60.999999999999915,185.60000000000008
2022-05-15,region_5,1.404,0.543,1.3,100.0,99.5,0,5,135,1,45.29999999999991,142.5000000000001
2022-05-16,region_5,1.404,0.543,108.3,94.1,98.2,1,5,136,1,140.5999999999999,243.4000000000001
2022-05-17,region_5,1.404,0.543,0.9,99.0,99.7,0,5,137,1,110.49999999999991,172.3000000000001
2022-05-18,region_5,1.404,0.543,143.8,96.1,98.9,1,5,138,1,252.99999999999994,315.30000000000007
2022-05-19,region_5,1.404,0.543,1.6,100.0,100.0,0,5,139,1,146.29999999999993,299.9000000000001
2022-05-20,region_5,1.404,0.543,13.7,96.5,98.6,0,5,140,1,159.09999999999997,300.6000000000001
2022-05-21,region_5,1.404,0.543,0.8,99.0,99.2,0,5,141,1,16.09999999999994,270.4000000000001
2022-05-22,region_5,1.404,0.543,13.6,94.2,96.2,0,5,142,1,28.099999999999945,282.7000000000001
2022-05-23,region_5,1.404,0.543,145.1,97.8,99.6,0,5,143,1,159.49999999999994,319.5000000000001
2022-05-24,region_5,1.404,0.543,3.5,100.0,100.0,0,5,144,1,162.19999999999993,322.10000000000014
2022-05-25,region_5,1.404,0.543,37.3,100.0,100.0,0,5,145,1,185.89999999999992,215.60000000000008
2022-05-26,region_5,1.404,0.543,57.8,99.7,100.0,0,5,146,1,98.59999999999994,271.80000000000007
2022-05-27,region_5,1.404,0.543,0.2,100.0,99.8,0,5,147,1,95.29999999999994,258.30000000000007
2022-05-28,region_5,1.404,0.543,3.0,96.4,98.1,0,5,148,1,60.99999999999994,260.50000000000006
2022-05-29,region_5,1.404,0.543,5.5,93.1,95.7,0,5,149,1,8.699999999999942,252.40000000000006
2022-05-30,region_5,1.404,0.543,62.0,92.6,95.8,0,5,150,1,70.49999999999994,169.30000000000007
2022-05-31,region_5,1.404,0.543,34.8,100.0,99.3,0,5,151,1,102.29999999999994,200.60000000000008
2022-06-01,region_5,1.404,0.543,0.6,100.0,100.0,0,6,152,1,97.39999999999993,163.90000000000006
2022-06-02,region_5,1.404,0.543,8.9,95.4,97.5,0,6,153,1,44.29999999999994,115.00000000000009
2022-06-03,region_5,1.404,0.543,1.1,93.2,100.0,0,6,154,1,10.599999999999943,115.90000000000008
2022-06-04,region_5,1.404,0.543,16.2,89.9,98.8,0,6,155,1,26.199999999999942,129.10000000000008
2022-06-05,region_5,1.404,0.543,77.5,98.9,98.9,1,6,156,1,94.79999999999994,201.10000000000008
2022-06-06,region_5,1.404,0.543,0.7,99.0,99.4,0,6,157,1,94.39999999999995,139.80000000000007
2022-06-07,region_5,1.404,0.543,54.0,94.3,97.7,0,6,158,1,132.19999999999993,159.00000000000009
2022-06-08,region_5,1.404,0.543,1.2,100.0,98.7,0,6,159,1,55.89999999999995,159.60000000000008
2022-06-09,region_5,1.404,0.543,5.0,96.1,97.2,0,6,160,1,60.199999999999946,155.70000000000007
2022-06-10,region_5,1.404,0.543,36.5,95.6,97.7,0,6,161,1,42.699999999999946,191.10000000000008
2022-06-11,region_5,1.404,0.543,17.7,96.6,100.0,0,6,162,1,59.199999999999946,192.60000000000008
2022-06-12,region_5,1.404,0.543,0.5,100.0,100.0,0,6,163,1,54.699999999999946,115.6000000000001
2022-06-13,region_5,1.404,0.543,139.4,93.5,97.4,0,6,164,1,157.59999999999997,254.3000000000001
2022-06-14,region_5,1.404,0.543,16.3,100.0,100.0,0,6,165,1,156.19999999999996,216.6000000000001
2022-06-15,region_5,1.404,0.543,7.7,99.1,98.7,0,6,166,1,163.39999999999995,223.1000000000001
2022-06-16,region_5,1.404,0.543,8.5,98.3,100.0,0,6,167,1,32.49999999999994,226.6000000000001
2022-06-17,region_5,1.404,0.543,6.9,100.0,100.0,0,6,168,1,23.099999999999945,197.00000000000009
2022-06-18,region_5,1.404,0.543,8.3,97.7,100.0,0,6,169,1,23.699999999999946,187.60000000000008
2022-06-19,region_5,1.404,0.543,6.8,99.7,100.0,0,6,170,1,21.999999999999943,193.9000000000001
2022-06-20,region_5,1.404,0.543,2.6,97.7,100.0,0,6,171,1,17.699999999999942,57.10000000000009
2022-06-21,region_5,1.404,0.543,138.6,100.0,97.4,0,6,172,1,147.99999999999994,179.4000000000001
2022-06-22,region_5,1.404,0.543,6.4,98.6,99.7,0,6,173,1,147.59999999999994,178.10000000000008
2022-06-23,region_5,1.404,0.543,5.7,100.0,100.0,0,6,174,1,150.69999999999993,175.30000000000007
2022-06-24,region_5,1.404,0.543,1.5,99.4,98.6,0,6,175,1,13.599999999999945,169.90000000000006
2022-06-25,region_5,1.404,0.543,3.3,96.0,99.5,0,6,176,1,10.499999999999943,164.90000000000006
2022-06-26,region_5,1.404,0.543,51.3,92.1,98.2,0,6,177,1,56.09999999999994,209.40000000000006
2022-06-27,region_5,1.404,0.543,49.7,100.0,100.0,0,6,178,1,104.29999999999994,256.50000000000006
2022-06-28,region_5,1.404,0.543,18.4,100.0,99.7,0,6,179,1,119.39999999999995,136.30000000000007
2022-06-29,region_5,1.404,0.543,106.4,99.9,100.0,0,6,180,1,174.49999999999994,236.30000000000007
2022-06-30,region_5,1.404,0.543,24.3,99.1,99.7,0,6,181,1,149.09999999999997,254.9000000000001
2022-07-01,region_5,1.404,0.543,16.2,98.7,98.7,0,7,182,1,146.89999999999995,269.6000000000001
2022-07-02,region_5,1.404,0.543,1.1,100.0,100.0,0,7,183,1,41.599999999999945,267.4000000000001
2022-07-03,region_5,1.404,0.543,12.6,95.0,98.3,0,7,184,1,29.89999999999994,228.7000000000001
2022-07-04,region_5,1.404,0.543,77.1,97.9,100.0,1,7,185,1,90.79999999999994,256.1000000000001
2022-07-05,region_5,1.404,0.543,0.5,100.0,99.9,0,7,186,1,90.19999999999995,238.2000000000001
2022-07-06,region_5,1.404,0.543,90.3,93.9,96.5,0,7,187,1,167.89999999999992,222.10000000000008
2022-07-07,region_5,1.404,0.543,68.2,100.0,99.8,0,7,188,1,158.99999999999994,266.0000000000001
2022-07-08,region_5,1.404,0.543,3.2,98.7,99.6,0,7,189,1,161.69999999999993,253.00000000000009
2022-07-09,region_5,1.404,0.543,30.7,99.1,100.0,0,7,190,1,102.09999999999994,282.6000000000001
2022-07-10,region_5,1.404,0.543,1.1,98.0,99.3,0,7,191,1,34.99999999999994,271.1000000000001
2022-07-11,region_5,1.404,0.543,2.8,94.8,99.0,0,7,192,1,34.599999999999945,196.8000000000001
2022-07-12,region_5,1.404,0.543,28.7,95.5,97.5,0,7,193,1,32.59999999999994,225.00000000000009
2022-07-13,region_5,1.404,0.543,8.5,99.1,100.0,0,7,194,1,39.99999999999994,143.2000000000001
2022-07-14,region_5,1.404,0.543,28.7,99.1,99.6,0,7,195,1,65.89999999999995,103.70000000000007
2022-07-15,region_5,1.404,0.543,18.7,99.6,98.8,0,7,196,1,55.899999999999935,119.20000000000007
2022-07-16,region_5,1.404,0.543,72.7,100.0,100.0,0,7,197,1,120.09999999999994,161.2000000000001
2022-07-17,region_5,1.404,0.543,95.7,97.6,100.0,1,7,198,1,187.09999999999997,255.8000000000001
2022-07-18,region_5,1.404,0.543,28.8,100.0,100.0,0,7,199,1,197.19999999999993,281.80000000000007
2022-07-19,region_5,1.404,0.543,136.7,97.7,100.0,0,7,200,1,261.19999999999993,389.80000000000007
2022-07-20,region_5,1.404,0.543,14.0,100.0,99.5,0,7,201,1,179.49999999999994,395.30000000000007
2022-07-21,region_5,1.404,0.543,101.3,99.3,100.0,1,7,202,1,251.99999999999994,467.9000000000001
2022-07-22,region_5,1.404,0.543,27.5,95.7,100.0,0,7,203,1,142.79999999999995,476.70000000000005
2022-07-23,region_5,1.404,0.543,6.6,100.0,100.0,0,7,204,1,135.39999999999995,410.6000000000001
2022-07-24,region_5,1.404,0.543,7.9,100.0,100.0,0,7,205,1,41.99999999999994,322.80000000000007
2022-07-25,region_5,1.404,0.543,71.7,98.9,100.0,0,7,206,1,86.19999999999995,365.70000000000005
2022-07-26,region_5,1.404,0.543,0.2,98.3,99.3,0,7,207,1,79.79999999999995,229.20000000000007
2022-07-27,region_5,1.404,0.543,180.8,93.2,98.9,1,7,208,1,252.69999999999996,396.0000000000001
2022-07-28,region_5,1.404,0.543,27.3,98.5,100.0,0,7,209,1,208.29999999999995,322.00000000000006
2022-07-29,region_5,1.404,0.543,66.0,100.0,99.9,1,7,210,1,274.09999999999997,360.50000000000006
2022-07-30,region_5,1.404,0.543,1.2,100.0,99.7,0,7,211,1,94.49999999999994,355.1000000000001
2022-07-31,region_5,1.404,0.543,6.5,92.2,96.7,0,7,212,1,73.69999999999995,353.70000000000005
2022-08-01,region_5,1.404,0.543,36.6,95.2,100.0,0,8,213,1,44.29999999999995,318.6000000000001
2022-08-02,region_5,1.404,0.543,58.0,100.0,99.9,0,8,214,1,101.09999999999994,376.4000000000001
2022-08-03,region_5,1.404,0.543,3.2,98.2,98.9,0,8,215,1,97.79999999999994,198.8000000000001
2022-08-04,region_5,1.404,0.543,0.1,98.5,100.0,0,8,216,1,61.29999999999994,171.60000000000008
2022-08-05,region_5,1.404,0.543,18.1,89.0,95.8,0,8,217,1,21.399999999999945,123.70000000000009
2022-08-06,region_5,1.404,0.543,206.5,99.0,99.6,1,8,218,1,224.69999999999993,329.0000000000001
2022-08-07,region_5,1.404,0.543,0.7,100.0,100.0,0,8,219,1,225.29999999999993,323.2000000000001
2022-08-08,region_5,1.404,0.543,7.4,95.0,95.4,0,8,220,1,214.59999999999994,294.00000000000006
2022-08-09,region_5,1.404,0.543,1.8,93.2,100.0,0,8,221,1,9.899999999999944,237.8000000000001
2022-08-10,region_5,1.404,0.543,1.5,91.7,98.4,0,8,222,1,10.699999999999944,236.10000000000008
2022-08-11,region_5,1.404,0.543,31.9,86.0,95.1,0,8,223,1,35.19999999999994,267.9000000000001
2022-08-12,region_5,1.404,0.543,13.0,100.0,100.0,0,8,224,1,46.39999999999995,262.80000000000007
2022-08-13,region_5,1.404,0.543,11.4,98.0,99.3,0,8,225,1,56.29999999999995,67.70000000000009
2022-08-14,region_5,1.404,0.543,48.8,100.0,97.9,0,8,226,1,73.19999999999995,115.80000000000008
2022-08-15,region_5,1.404,0.543,11.3,100.0,99.7,0,8,227,1,71.49999999999994,119.70000000000009
2022-08-16,region_5,1.404,0.543,6.1,100.0,99.4,0,8,228,1,66.19999999999995,124.00000000000009
2022-08-17,region_5,1.404,0.543,49.6,98.3,100.0,1,8,229,1,66.99999999999994,172.10000000000008
2022-08-18,region_5,1.404,0.543,107.3,100.0,99.3,1,8,230,1,162.99999999999994,247.50000000000006
2022-08-19,region_5,1.404,0.543,7.0,98.1,99.9,0,8,231,1,163.89999999999998,241.50000000000006
2022-08-20,region_5,1.404,0.543,0.8,100.0,100.0,0,8,232,1,115.09999999999995,230.9000000000001
2022-08-21,region_5,1.404,0.543,45.9,94.7,97.4,0,8,233,1,53.69999999999995,228.00000000000009
2022-08-22,region_5,1.404,0.543,35.0,100.0,99.2,0,8,234,1,81.69999999999996,251.70000000000007
2022-08-23,region_5,1.404,0.543,62.5,100.0,100.0,1,8,235,1,143.39999999999995,308.1000000000001
2022-08-24,region_5,1.404,0.543,0.7,99.7,99.6,0,8,236,1,98.19999999999995,259.2000000000001
2022-08-25,region_5,1.404,0.543,0.9,95.3,98.2,0,8,237,1,64.09999999999995,152.8000000000001
2022-08-26,region_5,1.404,0.543,0.6,91.0,94.2,0,8,238,1,2.1999999999999575,146.40000000000006
2022-08-27,region_5,1.404,0.543,39.7,86.7,92.3,0,8,239,1,41.19999999999996,185.3000000000001
2022-08-28,region_5,1.404,0.543,8.1,100.0,100.0,0,8,240,1,48.39999999999996,147.50000000000009
2022-08-29,region_5,1.404,0.543,4.0,98.4,100.0,0,8,241,1,51.79999999999996,116.50000000000009
2022-08-30,region_5,1.404,0.543,45.8,98.5,100.0,0,8,242,1,57.899999999999956,99.8000000000001
2022-08-31,region_5,1.404,0.543,12.7,100.0,99.3,0,8,243,1,62.49999999999996,111.80000000000008
2022-09-01,region_5,1.404,0.543,2.5,97.7,98.7,0,9,244,1,60.99999999999996,113.40000000000009
2022-09-02,region_5,1.404,0.543,30.6,98.9,100.0,0,9,245,1,45.799999999999955,143.4000000000001
2022-09-03,region_5,1.404,0.543,102.7,96.7,99.1,0,9,246,1,135.79999999999995,206.4000000000001
2022-09-04,region_5,1.404,0.543,2.6,100.0,99.5,0,9,247,1,135.89999999999995,200.9000000000001
2022-09-05,region_5,1.404,0.543,4.4,95.9,99.1,0,9,248,1,109.69999999999996,201.3000000000001
2022-09-06,region_5,1.404,0.543,1.0,92.9,98.2,0,9,249,1,7.999999999999957,156.50000000000009
2022-09-07,region_5,1.404,0.543,0.8,89.9,96.1,0,9,250,1,6.1999999999999575,144.6000000000001
2022-09-08,region_5,1.404,0.543,3.1,85.1,92.6,0,9,251,1,4.899999999999958,145.2000000000001
2022-09-09,region_5,1.404,0.543,4.7,85.5,92.1,0,9,252,1,8.599999999999959,119.30000000000008
2022-09-10,region_5,1.404,0.543,7.7,79.5,92.4,0,9,253,1,15.499999999999957,24.300000000000086
2022-09-11,region_5,1.404,0.543,3.9,83.1,93.2,0,9,254,1,16.299999999999958,25.600000000000083
2022-09-12,region_5,1.404,0.543,3.7,83.6,90.8,0,9,255,1,15.299999999999958,24.900000000000087
2022-09-13,region_5,1.404,0.543,36.9,80.6,90.3,0,9,256,1,44.49999999999996,60.80000000000008
2022-09-14,region_5,1.404,0.543,25.0,99.7,99.8,0,9,257,1,65.59999999999997,85.00000000000009
2022-09-15,region_5,1.404,0.543,4.9,100.0,99.6,0,9,258,1,66.79999999999995,86.80000000000008
2022-09-16,region_5,1.404,0.543,8.6,97.1,98.8,0,9,259,1,38.49999999999996,90.7000000000001
2022-09-17,region_5,1.404,0.543,123.8,98.3,100.0,0,9,260,1,137.29999999999995,206.80000000000007
2022-09-18,region_5,1.404,0.543,3.2,97.8,99.0,0,9,261,1,135.59999999999994,206.10000000000008
2022-09-19,region_5,1.404,0.543,21.6,95.4,99.8,0,9,262,1,148.59999999999997,224.00000000000009
2022-09-20,region_5,1.404,0.543,0.2,100.0,99.2,0,9,263,1,24.999999999999957,187.3000000000001
2022-09-21,region_5,1.404,0.543,60.9,94.5,99.0,1,9,264,1,82.69999999999996,223.20000000000007
2022-09-22,region_5,1.404,0.543,12.5,98.7,100.0,0,9,265,1,73.59999999999995,230.80000000000007
2022-09-23,region_5,1.404,0.543,99.6,97.7,98.6,1,9,266,0,172.99999999999994,321.80000000000007
2022-09-24,region_5,1.404,0.543,45.2,99.0,99.9,0,9,267,0,157.29999999999995,243.20000000000005
2022-09-25,region_5,1.404,0.543,10.3,99.2,99.9,0,9,268,0,155.09999999999994,250.30000000000007
2022-09-26,region_5,1.404,0.543,2.2,97.0,99.8,0,9,269,0,57.699999999999946,230.9000000000001
2022-09-27,region_5,1.404,0.543,6.0,96.6,100.0,0,9,270,0,18.499999999999943,236.70000000000007
2022-09-28,region_5,1.404,0.543,2.3,94.1,100.0,0,9,271,0,10.499999999999943,178.10000000000008
2022-09-29,region_5,1.404,0.543,18.1,91.0,98.3,0,9,272,0,26.399999999999945,183.70000000000007
2022-09-30,region_5,1.404,0.543,15.9,97.9,100.0,0,9,273,0,36.29999999999995,100.00000000000009
2022-10-01,region_5,1.404,0.543,29.3,100.0,99.4,0,10,274,0,63.29999999999994,84.10000000000008
2022-10-02,region_5,1.404,0.543,5.2,97.3,98.9,0,10,275,0,50.39999999999995,79.00000000000009
2022-10-03,region_5,1.404,0.543,41.8,96.6,100.0,0,10,276,0,76.29999999999994,118.60000000000008
2022-10-04,region_5,1.404,0.543,6.8,98.7,99.5,0,10,277,0,53.79999999999994,119.40000000000009
2022-10-05,region_5,1.404,0.543,2.6,96.7,100.0,0,10,278,0,51.19999999999994,119.70000000000009
2022-10-06,region_5,1.404,0.543,3.6,97.1,99.0,0,10,279,0,12.999999999999943,105.20000000000007
2022-10-07,region_5,1.404,0.543,2.0,94.5,98.1,0,10,280,0,8.199999999999942,91.3000000000001
2022-10-08,region_5,1.404,0.543,0.9,89.3,98.0,0,10,281,0,6.499999999999944,62.900000000000084
2022-10-09,region_5,1.404,0.543,2.1,85.5,96.5,0,10,282,0,4.999999999999943,59.80000000000008
2022-10-10,region_5,1.404,0.543,4.3,85.3,93.0,0,10,283,0,7.299999999999943,22.300000000000086
2022-10-11,region_5,1.404,0.543,5.3,80.9,92.9,0,10,284,0,11.699999999999942,20.800000000000082
2022-10-12,region_5,1.404,0.543,2.5,79.7,91.2,0,10,285,0,12.099999999999943,20.700000000000088
2022-10-13,region_5,1.404,0.543,3.3,79.7,90.9,0,10,286,0,11.099999999999943,20.400000000000084
2022-10-14,region_5,1.404,0.543,25.2,75.7,87.5,0,10,287,0,30.999999999999943,43.60000000000008
2022-10-15,region_5,1.404,0.543,3.7,95.5,98.5,0,10,288,0,32.199999999999946,46.400000000000084
2022-10-16,region_5,1.404,0.543,0.7,91.2,97.4,0,10,289,0,29.59999999999994,45.000000000000085
2022-10-17,region_5,1.404,0.543,6.1,87.3,95.4,0,10,290,0,10.499999999999943,46.80000000000008
2022-10-18,region_5,1.404,0.543,44.6,88.1,94.5,0,10,291,0,51.39999999999994,86.10000000000008
2022-10-19,region_5,1.404,0.543,1.0,97.4,99.0,0,10,292,0,51.69999999999994,84.60000000000008
2022-10-20,region_5,1.404,0.543,1.1,97.6,96.3,0,10,293,0,46.699999999999946,82.40000000000009
2022-10-21,region_5,1.404,0.543,0.5,91.6,95.0,0,10,294,0,2.5999999999999432,57.70000000000009
2022-10-22,region_5,1.404,0.543,36.8,85.9,93.3,0,10,295,0,38.39999999999994,90.8000000000001
2022-10-23,region_5,1.404,0.543,3.3,98.1,99.1,0,10,296,0,40.59999999999994,93.40000000000009
2022-10-24,region_5,1.404,0.543,25.7,94.1,98.8,0,10,297,0,65.79999999999994,113.00000000000009
2022-10-25,region_5,1.404,0.543,0.7,100.0,99.3,0,10,298,0,29.699999999999942,69.10000000000008
2022-10-26,region_5,1.404,0.543,1.7,95.2,97.8,0,10,299,0,28.09999999999994,69.80000000000008
2022-10-27,region_5,1.404,0.543,1.1,88.0,94.7,0,10,300,0,3.499999999999943,69.8000000000001
2022-10-28,region_5,1.404,0.543,23.8,88.1,93.6,0,10,301,0,26.599999999999945,93.1000000000001
2022-10-29,region_5,1.404,0.543,32.9,100.0,100.0,0,10,302,0,57.79999999999994,89.20000000000007
2022-10-30,region_5,1.404,0.543,1.7,100.0,99.6,0,10,303,0,58.39999999999995,87.60000000000008
2022-10-31,region_5,1.404,0.543,2.4,99.6,99.0,0,10,304,0,36.99999999999995,64.30000000000008
2022-11-01,region_5,1.404,0.543,2.8,93.1,96.2,0,11,305,0,6.899999999999943,66.40000000000008
2022-11-02,region_5,1.404,0.543,11.5,92.3,98.2,0,11,306,0,16.699999999999942,76.20000000000007
2022-11-03,region_5,1.404,0.543,51.9,94.4,97.2,0,11,307,0,66.19999999999995,127.00000000000009
2022-11-04,region_5,1.404,0.543,0.3,100.0,97.6,0,11,308,0,63.69999999999994,103.50000000000009
2022-11-05,region_5,1.404,0.543,1.4,93.6,97.7,0,11,309,0,53.59999999999994,72.00000000000007
2022-11-06,region_5,1.404,0.543,0.0,91.9,94.9,0,11,310,0,1.6999999999999431,70.30000000000007
2022-11-07,region_5,1.404,0.543,0.7,86.3,92.4,0,11,311,0,2.099999999999943,68.60000000000008
2022-11-08,region_5,1.404,0.543,1.9,82.0,89.2,0,11,312,0,2.599999999999943,67.70000000000007
2022-11-09,region_5,1.404,0.543,36.2,80.2,88.9,0,11,313,0,38.79999999999995,92.40000000000008
2022-11-10,region_5,1.404,0.543,1.2,99.5,98.5,0,11,314,0,39.29999999999995,41.70000000000008
2022-11-11,region_5,1.404,0.543,0.2,93.4,98.8,0,11,315,0,37.599999999999945,41.60000000000008
2022-11-12,region_5,1.404,0.543,14.8,89.2,97.1,0,11,316,0,16.199999999999946,55.00000000000008
2022-11-13,region_5,1.404,0.543,0.2,97.8,98.0,0,11,317,0,15.199999999999944,55.200000000000074
2022-11-14,region_5,1.404,0.543,0.3,92.9,97.8,0,11,318,0,15.299999999999944,54.80000000000008
2022-11-15,region_5,1.404,0.543,3.6,89.1,96.4,0,11,319,0,4.099999999999943,56.500000000000085
2022-11-16,region_5,1.404,0.543,24.2,86.0,94.3,0,11,320,0,28.09999999999994,44.50000000000008
2022-11-17,region_5,1.404,0.543,11.9,100.0,99.5,0,11,321,0,39.69999999999994,55.200000000000074
2022-11-18,region_5,1.404,0.543,3.8,100.0,99.1,0,11,322,0,39.89999999999994,58.80000000000008
2022-11-19,region_5,1.404,0.543,1.1,98.5,99.7,0,11,323,0,16.799999999999944,45.10000000000007
2022-11-20,region_5,1.404,0.543,13.3,89.7,97.8,0,11,324,0,18.199999999999946,58.20000000000008
2022-11-21,region_5,1.404,0.543,0.5,98.7,99.0,0,11,325,0,14.899999999999944,58.40000000000008
2022-11-22,region_5,1.404,0.543,5.8,95.5,98.2,0,11,326,0,19.599999999999945,60.60000000000007
2022-11-23,region_5,1.404,0.543,1.6,92.4,99.0,0,11,327,0,7.8999999999999435,38.00000000000008
2022-11-24,region_5,1.404,0.543,1.7,87.6,94.6,0,11,328,0,9.099999999999943,27.800000000000082
2022-11-25,region_5,1.404,0.543,9.1,86.5,95.3,0,11,329,0,12.399999999999942,33.10000000000008
2022-11-26,region_5,1.404,0.543,3.9,89.7,94.6,0,11,330,0,14.699999999999944,35.90000000000008
2022-11-27,region_5,1.404,0.543,0.7,87.4,95.4,0,11,331,0,13.699999999999942,23.30000000000008
2022-11-28,region_5,1.404,0.543,2.3,78.8,94.6,0,11,332,0,6.899999999999943,25.100000000000076
2022-11-29,region_5,1.404,0.543,0.7,80.4,92.0,0,11,333,0,3.6999999999999424,20.000000000000075
2022-11-30,region_5,1.404,0.543,0.4,76.2,88.5,0,11,334,0,3.3999999999999426,18.80000000000008
2022-12-01,region_5,1.404,0.543,0.1,71.2,87.5,0,12,335,0,1.1999999999999427,17.200000000000074
2022-12-02,region_5,1.404,0.543,0.7,70.6,83.9,0,12,336,0,1.1999999999999427,8.800000000000077
2022-12-03,region_5,1.404,0.543,13.6,63.3,83.2,0,12,337,0,14.399999999999942,18.500000000000078
2022-12-04,region_5,1.404,0.543,0.5,73.8,82.5,0,12,338,0,14.799999999999942,18.300000000000075
2022-12-05,region_5,1.404,0.543,3.9,70.4,80.6,0,12,339,0,17.99999999999994,19.900000000000077
2022-12-06,region_5,1.404,0.543,0.7,68.5,80.0,0,12,340,0,5.099999999999941,19.900000000000077
2022-12-07,region_5,1.404,0.543,0.2,66.5,78.9,0,12,341,0,4.799999999999941,19.700000000000077
2022-12-08,region_5,1.404,0.543,0.1,65.6,75.5,0,12,342,0,0.9999999999999414,19.700000000000077
2022-12-09,region_5,1.404,0.543,1.0,59.4,73.6,0,12,343,0,1.2999999999999414,20.000000000000078
2022-12-10,region_5,1.404,0.543,0.1,56.8,71.3,0,12,344,0,1.1999999999999416,6.500000000000078
2022-12-11,region_5,1.404,0.543,0.1,53.8,70.6,0,12,345,0,1.1999999999999413,6.100000000000078
2022-12-12,region_5,1.404,0.543,0.6,49.7,65.5,0,12,346,0,0.7999999999999414,2.800000000000078
2022-12-13,region_5,1.404,0.543,0.5,49.2,63.9,0,12,347,0,1.1999999999999416,2.600000000000078
2022-12-14,region_5,1.404,0.543,0.6,45.1,62.6,0,12,348,0,1.6999999999999413,3.000000000000078
2022-12-15,region_5,1.404,0.543,3.0,44.5,62.7,0,12,349,0,4.099999999999941,5.9000000000000785
2022-12-16,region_5,1.404,0.543,4.4,46.1,60.9,0,12,350,0,7.999999999999941,9.300000000000079
2022-12-17,region_5,1.404,0.543,0.9,46.2,60.6,0,12,351,0,8.299999999999942,10.10000000000008
2022-12-18,region_5,1.404,0.543,53.3,42.1,58.2,0,12,352,0,58.59999999999994,63.300000000000075
2022-12-19,region_5,1.404,0.543,0.1,76.1,64.4,0,12,353,0,54.29999999999994,62.800000000000075
2022-12-20,region_5,1.404,0.543,65.9,73.4,62.0,0,12,354,0,119.29999999999995,128.20000000000007
2022-12-21,region_5,1.404,0.543,0.8,99.0,91.2,0,12,355,0,66.79999999999995,128.4000000000001
2022-12-22,region_5,1.404,0.543,0.3,96.0,87.0,0,12,356,0,66.99999999999996,125.70000000000007
2022-12-23,region_5,1.404,0.543,0.7,89.4,87.6,0,12,357,0,1.7999999999999574,122.00000000000007
2022-12-24,region_5,1.404,0.543,1.1,88.3,84.2,0,12,358,0,2.0999999999999575,122.20000000000007
2022-12-25,region_5,1.404,0.543,1.1,82.4,83.4,0,12,359,0,2.8999999999999577,70.00000000000009
2022-12-26,region_5,1.404,0.543,20.8,80.4,81.4,0,12,360,0,22.999999999999957,90.70000000000007
2022-12-27,region_5,1.404,0.543,0.1,91.7,86.5,0,12,361,0,21.999999999999957,24.900000000000073
2022-12-28,region_5,1.404,0.543,0.1,88.7,83.2,0,12,362,0,20.999999999999957,24.20000000000007
2022-12-29,region_5,1.404,0.543,0.7,83.3,82.5,0,12,363,0,0.8999999999999573,24.60000000000007
2022-12-30,region_5,1.404,0.543,9.7,78.4,78.3,0,12,364,0,10.499999999999957,33.60000000000007
2022-12-31,region_5,1.404,0.543,1.6,79.5,81.7,0,12,365,0,11.999999999999957,34.10000000000007
2023-01-01,region_5,1.404,0.543,0.1,75.2,77.7,0,1,1,0,11.399999999999956,33.100000000000065
2023-01-02,region_5,1.404,0.543,0.1,70.9,77.8,0,1,2,0,1.7999999999999574,12.400000000000071
2023-01-03,region_5,1.404,0.543,0.3,67.8,76.0,0,1,3,0,0.49999999999995737,12.60000000000007
2023-01-04,region_5,1.404,0.543,0.7,63.6,73.7,0,1,4,0,1.0999999999999575,13.200000000000072
2023-01-05,region_5,1.404,0.543,0.1,61.9,70.7,0,1,5,0,1.0999999999999572,12.60000000000007
2023-01-06,region_5,1.404,0.543,0.4,58.6,68.4,0,1,6,0,1.1999999999999573,3.300000000000071
2023-01-07,region_5,1.404,0.543,0.1,58.0,67.9,0,1,7,0,0.5999999999999573,1.800000000000071
2023-01-08,region_5,1.404,0.543,0.8,55.2,66.4,0,1,8,0,1.2999999999999574,2.500000000000071
2023-01-09,region_5,1.404,0.543,0.8,49.7,61.5,0,1,9,0,1.6999999999999575,3.200000000000071
2023-01-10,region_5,1.404,0.543,0.0,46.9,61.5,0,1,10,0,1.5999999999999575,2.900000000000071
2023-01-11,region_5,1.404,0.543,1.4,46.0,60.0,0,1,11,0,2.1999999999999575,3.600000000000071
2023-01-12,region_5,1.404,0.543,0.5,46.1,57.7,0,1,12,0,1.8999999999999575,4.000000000000071
2023-01-13,region_5,1.404,0.543,0.9,40.5,57.9,0,1,13,0,2.7999999999999576,4.500000000000071
2023-01-14,region_5,1.404,0.543,0.0,45.3,55.5,0,1,14,0,1.3999999999999577,4.400000000000071
2023-01-15,region_5,1.404,0.543,0.5,40.5,53.7,0,1,15,0,1.3999999999999577,4.100000000000071
2023-01-16,region_5,1.404,0.543,0.0,37.8,51.7,0,1,16,0,0.4999999999999576,3.300000000000071
2023-01-17,region_5,1.404,0.543,0.4,34.3,50.9,0,1,17,0,0.8999999999999576,3.7000000000000712
2023-01-18,region_5,1.404,0.543,0.4,35.7,48.8,0,1,18,0,0.7999999999999576,2.7000000000000712
2023-01-19,region_5,1.404,0.543,0.6,32.1,46.8,0,1,19,0,1.3999999999999577,2.800000000000071
2023-01-20,region_5,1.404,0.543,0.7,29.2,45.8,0,1,20,0,1.6999999999999575,2.600000000000071
2023-01-21,region_5,1.404,0.543,2.0,29.8,44.2,0,1,21,0,3.2999999999999576,4.600000000000071
2023-01-22,region_5,1.404,0.543,0.9,30.9,43.8,0,1,22,0,3.5999999999999575,5.000000000000071
2023-01-23,region_5,1.404,0.543,0.8,29.7,43.5,0,1,23,0,3.699999999999958,5.800000000000071
2023-01-24,region_5,1.404,0.543,0.1,30.1,39.9,0,1,24,0,1.7999999999999579,5.500000000000071
2023-01-25,region_5,1.404,0.543,1.7,26.0,40.4,0,1,25,0,2.599999999999958,6.800000000000072
2023-01-26,region_5,1.404,0.543,0.1,25.7,41.4,0,1,26,0,1.8999999999999577,6.300000000000071
2023-01-27,region_5,1.404,0.543,0.2,25.0,38.5,0,1,27,0,1.9999999999999576,5.800000000000071
2023-01-28,region_5,1.404,0.543,0.1,23.2,37.1,0,1,28,0,0.3999999999999576,3.900000000000071
2023-01-29,region_5,1.404,0.543,1.6,23.5,37.4,0,1,29,0,1.8999999999999577,4.600000000000071
2023-01-30,region_5,1.404,0.543,6.0,21.5,32.6,0,1,30,0,7.6999999999999575,9.80000000000007
2023-01-31,region_5,1.404,0.543,5.3,24.9,35.6,0,1,31,0,12.899999999999956,15.000000000000071
2023-02-01,region_5,1.404,0.543,0.6,28.9,32.4,0,2,32,0,11.899999999999958,13.900000000000071
2023-02-02,region_5,1.404,0.543,0.0,28.3,32.6,0,2,33,0,5.899999999999957,13.80000000000007
2023-02-03,region_5,1.404,0.543,0.1,24.8,30.0,0,2,34,0,0.6999999999999573,13.70000000000007
2023-02-04,region_5,1.404,0.543,0.2,24.8,28.9,0,2,35,0,0.2999999999999574,13.80000000000007
2023-02-05,region_5,1.404,0.543,0.1,25.5,29.2,0,2,36,0,0.3999999999999574,12.300000000000072
2023-02-06,region_5,1.404,0.543,15.3,26.2,28.8,0,2,37,0,15.599999999999959,21.600000000000072
2023-02-07,region_5,1.404,0.543,1.2,33.4,28.5,0,2,38,0,16.59999999999996,17.50000000000007
2023-02-08,region_5,1.404,0.543,0.4,30.5,28.9,0,2,39,0,16.89999999999996,17.300000000000075
2023-02-09,region_5,1.404,0.543,2.3,29.1,24.8,0,2,40,0,3.8999999999999573,19.600000000000072
2023-02-10,region_5,1.404,0.543,0.2,31.0,25.9,0,2,41,0,2.8999999999999577,19.700000000000074
2023-02-11,region_5,1.404,0.543,0.2,29.1,23.7,0,2,42,0,2.699999999999957,19.700000000000074
2023-02-12,region_5,1.404,0.543,4.4,27.1,24.7,0,2,43,0,4.799999999999958,24.00000000000007
2023-02-13,region_5,1.404,0.543,0.1,26.2,26.4,0,2,44,0,4.6999999999999575,8.800000000000072
2023-02-14,region_5,1.404,0.543,0.4,27.7,24.8,0,2,45,0,4.899999999999958,8.000000000000071
2023-02-15,region_5,1.404,0.543,0.6,26.4,21.7,0,2,46,0,1.0999999999999575,8.200000000000072
2023-02-16,region_5,1.404,0.543,1.3,24.6,22.3,0,2,47,0,2.299999999999957,7.20000000000007
2023-02-17,region_5,1.404,0.543,0.8,25.9,21.0,0,2,48,0,2.6999999999999575,7.800000000000072
2023-02-18,region_5,1.404,0.543,0.2,25.2,22.6,0,2,49,0,2.299999999999957,7.800000000000072
2023-02-19,region_5,1.404,0.543,0.1,21.2,21.0,0,2,50,0,1.0999999999999572,3.500000000000071
2023-02-20,region_5,1.404,0.543,0.2,22.6,18.6,0,2,51,0,0.49999999999995715,3.600000000000071
2023-02-21,region_5,1.404,0.543,1.6,22.7,19.5,0,2,52,0,1.8999999999999573,4.800000000000071
2023-02-22,region_5,1.404,0.543,4.2,21.7,18.9,0,2,53,0,5.999999999999957,8.400000000000071
2023-02-23,region_5,1.404,0.543,1.0,23.6,18.6,0,2,54,0,6.799999999999957,8.10000000000007
2023-02-24,region_5,1.404,0.543,2.0,21.1,17.9,0,2,55,0,7.1999999999999575,9.300000000000072
2023-02-25,region_5,1.404,0.543,0.8,21.8,18.4,0,2,56,0,3.799999999999957,9.900000000000071
2023-02-26,region_5,1.404,0.543,0.7,22.2,17.6,0,2,57,0,3.4999999999999574,10.500000000000071
2023-02-27,region_5,1.404,0.543,0.0,21.6,16.6,0,2,58,0,1.4999999999999574,10.300000000000072
2023-02-28,region_5,1.404,0.543,0.4,18.5,15.5,0,2,59,0,1.0999999999999575,9.10000000000007
2023-03-01,region_5,1.404,0.543,0.0,19.8,15.4,0,3,60,0,0.3999999999999574,4.900000000000071
2023-03-02,region_5,1.404,0.543,0.4,18.7,14.6,0,3,61,0,0.7999999999999574,4.300000000000071
2023-03-03,region_5,1.404,0.543,0.7,16.2,13.8,0,3,62,0,1.0999999999999575,3.000000000000071
2023-03-04,region_5,1.404,0.543,1.4,18.3,13.0,0,3,63,0,2.4999999999999574,3.600000000000071
2023-03-05,region_5,1.404,0.543,0.1,16.5,14.2,0,3,64,0,2.1999999999999575,3.000000000000071
2023-03-06,region_5,1.404,0.543,0.1,17.1,14.7,0,3,65,0,1.5999999999999572,3.100000000000071
2023-03-07,region_5,1.404,0.543,0.0,14.9,13.4,0,3,66,0,0.19999999999995738,2.7000000000000712
2023-03-08,region_5,1.404,0.543,0.2,14.7,11.6,0,3,67,0,0.2999999999999574,2.900000000000071
2023-03-09,region_5,1.404,0.543,27.9,14.1,11.3,0,3,68,0,28.099999999999955,30.40000000000007
2023-03-10,region_5,1.404,0.543,0.9,31.9,13.0,0,3,69,0,28.999999999999954,30.60000000000007
2023-03-11,region_5,1.404,0.543,0.9,28.4,11.3,0,3,70,0,29.699999999999957,30.10000000000007
2023-03-12,region_5,1.404,0.543,1.0,30.9,11.6,0,3,71,0,2.799999999999957,31.00000000000007
2023-03-13,region_5,1.404,0.543,42.5,30.9,11.1,0,3,72,0,44.399999999999956,73.40000000000006
2023-03-14,region_5,1.404,0.543,1.2,62.4,12.5,0,3,73,0,44.69999999999996,74.60000000000007
2023-03-15,region_5,1.404,0.543,0.3,64.2,14.4,0,3,74,0,43.99999999999996,74.70000000000006
2023-03-16,region_5,1.404,0.543,1.2,61.7,13.0,0,3,75,0,2.6999999999999575,48.00000000000008
2023-03-17,region_5,1.404,0.543,1.3,53.2,11.9,0,3,76,0,2.799999999999957,48.40000000000007
2023-03-18,region_5,1.404,0.543,13.3,52.7,13.5,0,3,77,0,15.799999999999958,60.80000000000007
2023-03-19,region_5,1.404,0.543,1.1,65.0,16.5,0,3,78,0,15.699999999999958,60.90000000000007
2023-03-20,region_5,1.404,0.543,1.5,59.3,18.0,0,3,79,0,15.899999999999958,19.900000000000073
2023-03-21,region_5,1.404,0.543,21.9,56.3,16.2,0,3,80,0,24.499999999999957,40.60000000000007
2023-03-22,region_5,1.404,0.543,0.2,72.5,20.3,0,3,81,0,23.599999999999955,40.50000000000008
2023-03-23,region_5,1.404,0.543,1.1,66.5,23.1,0,3,82,0,23.199999999999957,40.40000000000007
2023-03-24,region_5,1.404,0.543,2.8,65.7,22.0,0,3,83,0,4.099999999999957,41.90000000000007
2023-03-25,region_5,1.404,0.543,0.5,66.2,21.0,0,3,84,0,4.399999999999957,29.100000000000072
2023-03-26,region_5,1.404,0.543,0.2,58.3,23.6,0,3,85,0,3.4999999999999574,28.20000000000007
2023-03-27,region_5,1.404,0.543,0.9,58.1,20.3,0,3,86,0,1.5999999999999575,27.60000000000007
2023-03-28,region_5,1.404,0.543,0.4,53.7,21.7,0,3,87,0,1.4999999999999574,6.100000000000071
2023-03-29,region_5,1.404,0.543,6.3,54.5,19.9,0,3,88,0,7.599999999999957,12.20000000000007
2023-03-30,region_5,1.404,0.543,0.8,54.2,21.6,0,3,89,0,7.4999999999999565,11.900000000000071
2023-03-31,region_5,1.404,0.543,0.7,52.7,19.0,0,3,90,0,7.799999999999957,9.800000000000072
2023-04-01,region_5,1.404,0.543,0.2,49.1,19.0,0,4,91,0,1.6999999999999573,9.500000000000071
2023-04-02,region_5,1.404,0.543,0.2,49.0,18.3,0,4,92,0,1.0999999999999575,9.500000000000071
2023-04-03,region_5,1.404,0.543,12.9,43.0,17.0,0,4,93,0,13.299999999999958,21.50000000000007
2023-04-04,region_5,1.404,0.543,0.2,52.3,18.0,0,4,94,0,13.299999999999958,21.30000000000007
2023-04-05,region_5,1.404,0.543,1.7,50.9,16.7,0,4,95,0,14.799999999999958,16.70000000000007
2023-04-06,region_5,1.404,0.543,1.9,49.1,19.2,0,4,96,0,3.799999999999957,17.80000000000007
2023-04-07,region_5,1.404,0.543,28.7,48.4,19.1,0,4,97,0,32.299999999999955,45.80000000000007
2023-04-08,region_5,1.404,0.543,3.1,67.4,22.7,0,4,98,0,33.69999999999996,48.70000000000007
2023-04-09,region_5,1.404,0.543,1.6,67.1,21.5,0,4,99,0,33.39999999999996,50.10000000000007
2023-04-10,region_5,1.404,0.543,35.8,67.2,20.3,0,4,100,0,40.49999999999996,73.00000000000007
2023-04-11,region_5,1.404,0.543,0.3,85.1,32.7,0,4,101,0,37.69999999999995,73.10000000000007
2023-04-12,region_5,1.404,0.543,1.5,80.5,33.3,0,4,102,0,37.59999999999995,72.90000000000006
2023-04-13,region_5,1.404,0.543,0.4,76.4,32.2,0,4,103,0,2.1999999999999575,71.40000000000008
2023-04-14,region_5,1.404,0.543,0.2,69.9,30.6,0,4,104,0,2.0999999999999575,42.90000000000007
2023-04-15,region_5,1.404,0.543,2.6,65.3,32.5,0,4,105,0,3.1999999999999575,42.40000000000007
2023-04-16,region_5,1.404,0.543,1.1,68.4,30.0,0,4,106,0,3.8999999999999577,41.90000000000007
2023-04-17,region_5,1.404,0.543,1.1,63.6,31.6,0,4,107,0,4.799999999999958,7.200000000000071
2023-04-18,region_5,1.404,0.543,3.9,63.0,28.9,0,4,108,0,6.099999999999957,10.800000000000072
2023-04-19,region_5,1.404,0.543,0.8,60.4,29.3,0,4,109,0,5.799999999999958,10.10000000000007
2023-04-20,region_5,1.404,0.543,0.8,57.9,29.1,0,4,110,0,5.499999999999957,10.500000000000071
2023-04-21,region_5,1.404,0.543,0.5,54.3,28.4,0,4,111,0,2.0999999999999575,10.800000000000072
2023-04-22,region_5,1.404,0.543,71.6,51.0,28.3,0,4,112,0,72.89999999999995,79.80000000000007
2023-04-23,region_5,1.404,0.543,2.8,100.0,40.9,0,4,113,0,74.89999999999995,81.50000000000007
2023-04-24,region_5,1.404,0.543,5.9,96.2,42.3,0,4,114,0,80.29999999999995,86.30000000000007
2023-04-25,region_5,1.404,0.543,14.2,95.8,41.7,0,4,115,0,22.899999999999956,96.60000000000008
2023-04-26,region_5,1.404,0.543,8.3,100.0,52.2,0,4,116,0,28.399999999999956,104.10000000000007
2023-04-27,region_5,1.404,0.543,1.3,100.0,57.9,0,4,117,0,23.799999999999958,104.60000000000007
2023-04-28,region_5,1.404,0.543,4.7,95.2,55.3,0,4,118,0,14.299999999999958,108.80000000000007
2023-04-29,region_5,1.404,0.543,34.6,94.3,58.1,0,4,119,0,40.59999999999996,71.80000000000007
2023-04-30,region_5,1.404,0.543,1.3,99.4,73.8,0,4,120,0,40.59999999999996,70.30000000000007
2023-05-01,region_5,1.404,0.543,9.2,95.3,74.7,0,5,121,0,45.09999999999996,73.60000000000007
2023-05-02,region_5,1.404,0.543,12.0,97.8,75.5,0,5,122,0,22.499999999999957,71.40000000000006
2023-05-03,region_5,1.404,0.543,10.8,100.0,83.3,0,5,123,0,31.999999999999957,73.90000000000008
2023-05-04,region_5,1.404,0.543,1.3,100.0,86.8,0,5,124,0,24.09999999999996,73.90000000000008
2023-05-05,region_5,1.404,0.543,16.6,94.6,86.5,0,5,125,0,28.69999999999996,85.80000000000007
2023-05-06,region_5,1.404,0.543,14.2,98.9,94.9,0,5,126,0,32.09999999999996,65.40000000000006
2023-05-07,region_5,1.404,0.543,12.5,99.0,100.0,0,5,127,0,43.299999999999955,76.60000000000007
2023-05-08,region_5,1.404,0.543,2.8,100.0,100.0,0,5,128,0,29.499999999999957,70.20000000000006
2023-05-09,region_5,1.404,0.543,0.5,96.9,98.2,0,5,129,0,15.799999999999958,58.70000000000007
2023-05-10,region_5,1.404,0.543,1.8,94.5,96.5,0,5,130,0,5.099999999999957,49.70000000000006
2023-05-11,region_5,1.404,0.543,8.8,88.9,95.3,0,5,131,0,11.099999999999959,57.20000000000007
2023-05-12,region_5,1.404,0.543,39.3,92.5,98.5,0,5,132,0,49.899999999999956,79.90000000000006
2023-05-13,region_5,1.404,0.543,0.7,100.0,100.0,0,5,133,0,48.79999999999996,66.40000000000006
2023-05-14,region_5,1.404,0.543,42.3,95.0,98.5,0,5,134,0,82.29999999999995,96.20000000000006
2023-05-15,region_5,1.404,0.543,93.9,100.0,99.9,0,5,135,1,136.89999999999998,187.30000000000007
2023-05-16,region_5,1.404,0.543,1.7,99.0,98.9,0,5,136,1,137.89999999999998,188.50000000000006
2023-05-17,region_5,1.404,0.543,12.2,95.3,97.5,0,5,137,1,107.79999999999995,198.90000000000006
2023-05-18,region_5,1.404,0.543,3.5,99.3,99.8,0,5,138,1,17.399999999999956,193.60000000000008
2023-05-19,region_5,1.404,0.543,0.5,97.9,99.6,0,5,139,1,16.199999999999957,154.80000000000007
2023-05-20,region_5,1.404,0.543,35.9,91.9,97.2,0,5,140,1,39.899999999999956,190.00000000000006
2023-05-21,region_5,1.404,0.543,10.7,99.9,100.0,0,5,141,1,47.09999999999995,158.40000000000006
2023-05-22,region_5,1.404,0.543,10.7,98.7,100.0,0,5,142,1,57.299999999999955,75.20000000000005
2023-05-23,region_5,1.404,0.543,4.3,100.0,100.0,0,5,143,1,25.699999999999957,77.80000000000005
2023-05-24,region_5,1.404,0.543,88.7,97.1,100.0,0,5,144,1,103.69999999999996,154.30000000000007
2023-05-25,region_5,1.404,0.543,5.1,100.0,100.0,0,5,145,1,98.09999999999995,155.90000000000006
2023-05-26,region_5,1.404,0.543,30.1,97.6,99.0,0,5,146,1,123.89999999999996,185.50000000000006
2023-05-27,region_5,1.404,0.543,5.1,100.0,100.0,0,5,147,1,40.29999999999996,154.70000000000007
2023-05-28,region_5,1.404,0.543,3.5,98.1,100.0,0,5,148,1,38.69999999999996,147.50000000000006
2023-05-29,region_5,1.404,0.543,6.3,95.6,98.2,0,5,149,1,14.899999999999956,143.10000000000008
2023-05-30,region_5,1.404,0.543,33.7,94.9,99.4,0,5,150,1,43.49999999999996,172.50000000000006
2023-05-31,region_5,1.404,0.543,1.1,100.0,99.5,0,5,151,1,41.09999999999996,84.90000000000006
2023-06-01,region_5,1.404,0.543,54.8,94.2,98.7,0,6,152,1,89.59999999999997,134.60000000000008
2023-06-02,region_5,1.404,0.543,6.8,99.4,99.2,0,6,153,1,62.69999999999995,111.30000000000005
2023-06-03,region_5,1.404,0.543,4.0,100.0,99.5,0,6,154,1,65.59999999999995,110.20000000000006
2023-06-04,region_5,1.404,0.543,5.5,99.8,99.4,0,6,155,1,16.299999999999958,112.20000000000006
2023-06-05,region_5,1.404,0.543,4.2,95.9,99.1,0,6,156,1,13.699999999999957,110.10000000000005
2023-06-06,region_5,1.404,0.543,0.1,93.5,98.2,0,6,157,1,9.799999999999956,76.50000000000006
2023-06-07,region_5,1.404,0.543,58.2,90.2,96.6,0,6,158,1,62.49999999999996,133.60000000000005
2023-06-08,region_5,1.404,0.543,26.2,99.0,100.0,0,6,159,1,84.49999999999996,105.00000000000006
2023-06-09,region_5,1.404,0.543,72.8,100.0,98.5,1,6,160,1,157.19999999999996,171.00000000000006
2023-06-10,region_5,1.404,0.543,3.9,100.0,100.0,0,6,161,1,102.89999999999996,170.90000000000006
2023-06-11,region_5,1.404,0.543,20.8,99.8,100.0,0,6,162,1,97.49999999999996,186.20000000000005
2023-06-12,region_5,1.404,0.543,4.8,100.0,99.4,0,6,163,1,29.499999999999957,186.80000000000007
2023-06-13,region_5,1.404,0.543,0.9,97.4,100.0,0,6,164,1,26.499999999999957,187.60000000000005
2023-06-14,region_5,1.404,0.543,10.3,92.5,98.3,0,6,165,1,15.999999999999957,139.70000000000005
2023-06-15,region_5,1.404,0.543,45.2,97.8,99.1,0,6,166,1,56.39999999999996,158.70000000000005
2023-06-16,region_5,1.404,0.543,4.0,100.0,100.0,0,6,167,1,59.499999999999964,89.90000000000006
2023-06-17,region_5,1.404,0.543,0.2,99.2,98.6,0,6,168,1,49.39999999999996,86.20000000000006
2023-06-18,region_5,1.404,0.543,5.5,93.5,97.2,0,6,169,1,9.699999999999957,70.90000000000006
2023-06-19,region_5,1.404,0.543,24.1,94.1,100.0,0,6,170,1,29.799999999999958,90.20000000000006
2023-06-20,region_5,1.404,0.543,96.6,100.0,100.0,1,6,171,1,126.19999999999996,185.90000000000003
2023-06-21,region_5,1.404,0.543,9.5,98.7,98.5,0,6,172,1,130.19999999999996,185.10000000000008
2023-06-22,region_5,1.404,0.543,3.3,99.2,98.7,0,6,173,1,109.39999999999996,143.20000000000005
2023-06-23,region_5,1.404,0.543,86.0,99.6,99.9,0,6,174,1,98.79999999999997,225.20000000000005
2023-06-24,region_5,1.404,0.543,135.5,100.0,100.0,0,6,175,1,224.79999999999995,360.50000000000006
2023-06-25,region_5,1.404,0.543,48.6,100.0,100.0,1,6,176,1,270.09999999999997,403.6000000000001
2023-06-26,region_5,1.404,0.543,9.9,98.1,100.0,0,6,177,1,193.99999999999994,389.40000000000003
2023-06-27,region_5,1.404,0.543,4.3,99.1,99.3,0,6,178,1,62.79999999999995,297.1000000000001
2023-06-28,region_5,1.404,0.543,15.0,100.0,100.0,0,6,179,1,29.199999999999942,302.6000000000001
2023-06-29,region_5,1.404,0.543,63.3,100.0,98.4,0,6,180,1,82.59999999999994,362.6
2023-06-30,region_5,1.404,0.543,10.0,100.0,99.7,0,6,181,1,88.29999999999994,286.6
2023-07-01,region_5,1.404,0.543,13.1,99.0,99.8,0,7,182,1,86.39999999999993,164.20000000000005
2023-07-02,region_5,1.404,0.543,156.3,98.6,99.0,1,7,183,1,179.39999999999995,271.9000000000001
2023-07-03,region_5,1.404,0.543,0.9,99.7,99.6,0,7,184,1,170.29999999999995,262.90000000000003
2023-07-04,region_5,1.404,0.543,46.0,96.0,98.1,0,7,185,1,203.19999999999996,304.6000000000001
2023-07-05,region_5,1.404,0.543,82.9,99.0,100.0,1,7,186,1,129.79999999999995,372.5000000000001
2023-07-06,region_5,1.404,0.543,0.6,99.8,100.0,0,7,187,1,129.49999999999994,309.80000000000007
2023-07-07,region_5,1.404,0.543,1.6,95.5,99.5,0,7,188,1,85.09999999999995,301.4000000000001
2023-07-08,region_5,1.404,0.543,2.9,88.7,95.6,0,7,189,1,5.099999999999943,291.20000000000005
2023-07-09,region_5,1.404,0.543,5.7,89.9,94.4,0,7,190,1,10.199999999999944,140.60000000000008
2023-07-10,region_5,1.404,0.543,6.0,87.9,95.4,0,7,191,1,14.599999999999945,145.70000000000007
2023-07-11,region_5,1.404,0.543,3.5,90.0,95.6,0,7,192,1,15.199999999999944,103.20000000000006
2023-07-12,region_5,1.404,0.543,206.6,86.0,96.9,0,7,193,1,216.09999999999994,226.90000000000003
2023-07-13,region_5,1.404,0.543,86.8,97.9,99.5,0,7,194,1,296.8999999999999,313.1000000000001
2023-07-14,region_5,1.404,0.543,11.0,97.9,100.0,0,7,195,1,304.3999999999999,322.50000000000006
2023-07-15,region_5,1.404,0.543,22.1,97.7,99.3,0,7,196,1,119.89999999999995,341.70000000000005
2023-07-16,region_5,1.404,0.543,20.6,98.2,100.0,0,7,197,1,53.699999999999946,356.6000000000001
2023-07-17,region_5,1.404,0.543,104.5,99.2,100.0,1,7,198,1,147.19999999999993,455.1000000000001
2023-07-18,region_5,1.404,0.543,2.6,100.0,100.0,0,7,199,1,127.69999999999995,454.2000000000001
2023-07-19,region_5,1.404,0.543,62.0,92.6,99.3,1,7,200,1,169.09999999999994,309.6000000000001
2023-07-20,region_5,1.404,0.543,205.5,98.5,100.0,1,7,201,1,270.0999999999999,428.30000000000007
2023-07-21,region_5,1.404,0.543,48.0,100.0,99.4,1,7,202,1,315.4999999999999,465.30000000000007
2023-07-22,region_5,1.404,0.543,2.0,99.3,100.0,0,7,203,1,255.49999999999994,445.20000000000005
2023-07-23,region_5,1.404,0.543,110.5,97.2,97.1,1,7,204,1,160.49999999999994,535.1
2023-07-24,region_5,1.404,0.543,58.8,100.0,99.9,1,7,205,1,171.29999999999995,489.40000000000003
2023-07-25,region_5,1.404,0.543,81.9,98.9,99.9,0,7,206,1,251.19999999999993,568.7
2023-07-26,region_5,1.404,0.543,12.0,99.3,100.0,0,7,207,1,152.69999999999993,518.7
2023-07-27,region_5,1.404,0.543,18.9,100.0,99.7,0,7,208,1,112.79999999999995,332.1
2023-07-28,region_5,1.404,0.543,63.4,100.0,98.7,0,7,209,1,94.29999999999994,347.5
2023-07-29,region_5,1.404,0.543,4.5,97.6,100.0,0,7,210,1,86.79999999999994,350.0
2023-07-30,region_5,1.404,0.543,21.3,100.0,100.0,0,7,211,1,89.19999999999995,260.80000000000007
2023-07-31,region_5,1.404,0.543,38.1,97.2,99.3,0,7,212,1,63.89999999999995,240.10000000000005
2023-08-01,region_5,1.404,0.543,13.6,100.0,99.1,0,8,213,1,72.99999999999994,171.80000000000004
2023-08-02,region_5,1.404,0.543,5.9,100.0,99.9,0,8,214,1,57.59999999999995,165.70000000000007
2023-08-03,region_5,1.404,0.543,1.7,99.1,98.7,0,8,215,1,21.199999999999942,148.50000000000006
2023-08-04,region_5,1.404,0.543,3.2,94.6,98.7,0,8,216,1,10.799999999999944,88.30000000000007
2023-08-05,region_5,1.404,0.543,4.4,94.7,97.7,0,8,217,1,9.299999999999944,88.20000000000006
2023-08-06,region_5,1.404,0.543,247.9,90.5,96.8,0,8,218,1,255.49999999999994,314.80000000000007
2023-08-07,region_5,1.404,0.543,26.9,100.0,100.0,0,8,219,1,279.19999999999993,303.6
2023-08-08,region_5,1.404,0.543,5.7,99.0,100.0,0,8,220,1,280.49999999999994,295.7000000000001
2023-08-09,region_5,1.404,0.543,111.5,100.0,98.8,0,8,221,1,144.09999999999994,401.30000000000007
2023-08-10,region_5,1.404,0.543,18.2,100.0,99.7,0,8,222,1,135.39999999999992,417.80000000000007
2023-08-11,region_5,1.404,0.543,17.5,100.0,99.8,0,8,223,1,147.19999999999993,432.1000000000001
2023-08-12,region_5,1.404,0.543,0.7,96.6,100.0,0,8,224,1,36.39999999999994,428.40000000000003
2023-08-13,region_5,1.404,0.543,77.8,94.6,97.6,0,8,225,1,95.99999999999994,258.30000000000007
2023-08-14,region_5,1.404,0.543,126.5,98.7,100.0,0,8,226,1,204.99999999999994,357.90000000000003
2023-08-15,region_5,1.404,0.543,44.5,98.6,100.0,0,8,227,1,248.79999999999995,396.70000000000005
2023-08-16,region_5,1.404,0.543,1.0,100.0,100.0,0,8,228,1,171.99999999999994,286.20000000000005
2023-08-17,region_5,1.404,0.543,107.9,93.9,96.1,0,8,229,1,153.39999999999995,375.9000000000001
2023-08-18,region_5,1.404,0.543,11.0,100.0,100.0,0,8,230,1,119.89999999999995,369.4000000000001
2023-08-19,region_5,1.404,0.543,2.5,100.0,100.0,0,8,231,1,121.39999999999995,371.2000000000001
2023-08-20,region_5,1.404,0.543,9.6,96.5,97.6,0,8,232,1,23.099999999999945,303.00000000000006
2023-08-21,region_5,1.404,0.543,68.3,96.2,98.6,0,8,233,1,80.39999999999995,244.80000000000007
2023-08-22,region_5,1.404,0.543,106.8,100.0,100.0,1,8,234,1,184.69999999999993,307.1000000000001
2023-08-23,region_5,1.404,0.543,1.6,99.3,99.8,0,8,235,1,176.69999999999993,307.70000000000005
2023-08-24,region_5,1.404,0.543,1.4,95.5,98.3,0,8,236,1,109.79999999999994,201.20000000000005
2023-08-25,region_5,1.404,0.543,4.3,89.7,96.8,0,8,237,1,7.299999999999943,194.50000000000003
2023-08-26,region_5,1.404,0.543,1.1,92.4,97.3,0,8,238,1,6.799999999999942,193.10000000000005
2023-08-27,region_5,1.404,0.543,3.4,88.2,93.6,0,8,239,1,8.799999999999944,186.90000000000003
2023-08-28,region_5,1.404,0.543,1.9,85.5,91.4,0,8,240,1,6.3999999999999435,120.50000000000006
2023-08-29,region_5,1.404,0.543,4.8,83.3,91.9,0,8,241,1,10.099999999999943,18.500000000000057
2023-08-30,region_5,1.404,0.543,17.9,81.3,92.0,0,8,242,1,24.59999999999994,34.800000000000054
2023-08-31,region_5,1.404,0.543,8.7,89.3,96.2,0,8,243,1,31.39999999999994,42.10000000000005
2023-09-01,region_5,1.404,0.543,7.6,90.4,97.5,0,9,244,1,34.19999999999994,45.400000000000055
2023-09-02,region_5,1.404,0.543,26.0,93.6,100.0,0,9,245,1,42.29999999999994,70.30000000000005
2023-09-03,region_5,1.404,0.543,74.4,100.0,100.0,0,9,246,1,107.99999999999994,141.30000000000007
2023-09-04,region_5,1.404,0.543,1.9,99.9,99.5,0,9,247,1,102.29999999999995,141.30000000000004
2023-09-05,region_5,1.404,0.543,5.4,93.1,97.8,0,9,248,1,81.69999999999995,141.90000000000006
2023-09-06,region_5,1.404,0.543,0.6,94.9,99.2,0,9,249,1,7.8999999999999435,124.60000000000007
2023-09-07,region_5,1.404,0.543,11.8,87.9,97.7,0,9,250,1,17.799999999999944,127.70000000000006
2023-09-08,region_5,1.404,0.543,4.1,94.4,99.2,0,9,251,1,16.499999999999943,124.20000000000006
2023-09-09,region_5,1.404,0.543,15.6,88.9,99.9,0,9,252,1,31.499999999999943,113.80000000000007
2023-09-10,region_5,1.404,0.543,12.4,100.0,98.9,0,9,253,1,32.099999999999945,51.800000000000054
2023-09-11,region_5,1.404,0.543,2.4,100.0,100.0,0,9,254,1,30.39999999999994,52.30000000000006
2023-09-12,region_5,1.404,0.543,3.2,95.1,97.8,0,9,255,1,17.999999999999943,50.10000000000006
2023-09-13,region_5,1.404,0.543,18.0,94.5,97.0,0,9,256,1,23.599999999999945,67.50000000000006
2023-09-14,region_5,1.404,0.543,4.8,100.0,99.3,0,9,257,1,25.999999999999947,60.50000000000006
2023-09-15,region_5,1.404,0.543,6.0,98.8,99.7,0,9,258,1,28.799999999999944,62.40000000000006
2023-09-16,region_5,1.404,0.543,8.4,95.2,98.5,0,9,259,1,19.199999999999942,55.20000000000006
2023-09-17,region_5,1.404,0.543,69.8,96.9,100.0,0,9,260,1,84.19999999999993,112.60000000000005
2023-09-18,region_5,1.404,0.543,0.6,99.4,99.9,0,9,261,1,78.79999999999994,110.80000000000005
2023-09-19,region_5,1.404,0.543,129.3,94.1,97.0,1,9,262,1,199.69999999999996,236.90000000000006
2023-09-20,region_5,1.404,0.543,17.3,97.4,100.0,0,9,263,1,147.19999999999996,236.20000000000007
2023-09-21,region_5,1.404,0.543,12.4,100.0,100.0,0,9,264,1,158.99999999999994,243.80000000000004
2023-09-22,region_5,1.404,0.543,28.5,98.9,99.2,0,9,265,1,58.199999999999946,266.30000000000007
2023-09-23,region_5,1.404,0.543,6.8,97.4,100.0,0,9,266,0,47.699999999999946,264.7000000000001
2023-09-24,region_5,1.404,0.543,17.2,97.3,99.9,0,9,267,0,52.49999999999994,212.10000000000008
2023-09-25,region_5,1.404,0.543,12.2,98.8,99.0,0,9,268,0,36.199999999999946,223.70000000000007
2023-09-26,region_5,1.404,0.543,2.8,95.1,98.4,0,9,269,0,32.19999999999994,97.20000000000006
2023-09-27,region_5,1.404,0.543,3.8,98.4,98.9,0,9,270,0,18.79999999999994,83.70000000000006
2023-09-28,region_5,1.404,0.543,6.2,95.7,97.1,0,9,271,0,12.799999999999944,77.50000000000006
2023-09-29,region_5,1.404,0.543,1.5,95.3,98.6,0,9,272,0,11.499999999999943,50.50000000000006
2023-09-30,region_5,1.404,0.543,2.5,89.4,97.0,0,9,273,0,10.199999999999942,46.20000000000006
2023-10-01,region_5,1.404,0.543,1.5,89.5,98.3,0,10,274,0,5.499999999999943,30.500000000000057
2023-10-02,region_5,1.404,0.543,3.0,84.6,96.2,0,10,275,0,6.999999999999943,21.300000000000058
2023-10-03,region_5,1.404,0.543,19.9,84.5,93.5,0,10,276,0,24.39999999999994,38.400000000000055
2023-10-04,region_5,1.404,0.543,0.7,86.5,97.1,0,10,277,0,23.59999999999994,35.30000000000006
2023-10-05,region_5,1.404,0.543,3.3,84.1,96.2,0,10,278,0,23.89999999999994,32.400000000000055
2023-10-06,region_5,1.404,0.543,51.1,82.0,94.6,0,10,279,0,55.099999999999945,82.00000000000006
2023-10-07,region_5,1.404,0.543,6.0,98.1,100.0,0,10,280,0,60.39999999999994,85.50000000000006
2023-10-08,region_5,1.404,0.543,2.3,100.0,100.0,0,10,281,0,59.39999999999994,86.30000000000005
2023-10-09,region_5,1.404,0.543,1.0,97.4,99.6,0,10,282,0,9.299999999999944,84.30000000000005
2023-10-10,region_5,1.404,0.543,107.8,92.6,95.8,0,10,283,0,111.09999999999994,172.20000000000005
2023-10-11,region_5,1.404,0.543,2.4,100.0,100.0,0,10,284,0,111.19999999999995,173.90000000000003
2023-10-12,region_5,1.404,0.543,13.4,96.7,98.9,0,10,285,0,123.59999999999994,184.00000000000006
2023-10-13,region_5,1.404,0.543,5.3,100.0,99.1,0,10,286,0,21.099999999999945,138.20000000000005
2023-10-14,region_5,1.404,0.543,0.0,97.0,100.0,0,10,287,0,18.699999999999946,132.20000000000005
2023-10-15,region_5,1.404,0.543,1.7,93.5,96.3,0,10,288,0,6.999999999999943,131.60000000000005
2023-10-16,region_5,1.404,0.543,4.4,89.3,95.2,0,10,289,0,6.099999999999944,135.00000000000006
2023-10-17,region_5,1.404,0.543,6.5,85.2,95.3,0,10,290,0,12.599999999999945,33.70000000000006
2023-10-18,region_5,1.404,0.543,1.3,91.8,95.4,0,10,291,0,12.199999999999944,32.60000000000006
2023-10-19,region_5,1.404,0.543,2.3,85.5,92.4,0,10,292,0,10.099999999999943,21.500000000000057
2023-10-20,region_5,1.404,0.543,5.5,80.7,92.2,0,10,293,0,9.099999999999943,21.700000000000056
2023-10-21,region_5,1.404,0.543,0.0,81.9,89.9,0,10,294,0,7.799999999999943,21.700000000000056
2023-10-22,region_5,1.404,0.543,0.7,79.1,89.0,0,10,295,0,6.199999999999943,20.700000000000056
2023-10-23,region_5,1.404,0.543,1.7,75.1,87.9,0,10,296,0,2.399999999999943,18.000000000000053
2023-10-24,region_5,1.404,0.543,2.0,71.7,85.1,0,10,297,0,4.3999999999999435,13.500000000000057
2023-10-25,region_5,1.404,0.543,1.0,72.3,82.3,0,10,298,0,4.6999999999999424,13.200000000000056
2023-10-26,region_5,1.404,0.543,15.6,66.7,82.1,0,10,299,0,18.59999999999994,26.500000000000057
2023-10-27,region_5,1.404,0.543,2.4,77.2,83.2,0,10,300,0,18.999999999999943,23.400000000000055
2023-10-28,region_5,1.404,0.543,1.3,75.1,82.2,0,10,301,0,19.299999999999944,24.700000000000056
2023-10-29,region_5,1.404,0.543,0.1,71.9,81.7,0,10,302,0,3.799999999999943,24.10000000000006
2023-10-30,region_5,1.404,0.543,2.1,66.5,78.7,0,10,303,0,3.499999999999943,24.500000000000057
2023-10-31,region_5,1.404,0.543,0.9,63.2,77.2,0,10,304,0,3.0999999999999432,23.40000000000006
2023-11-01,region_5,1.404,0.543,0.4,59.2,73.9,0,11,305,0,3.3999999999999435,22.800000000000058
2023-11-02,region_5,1.404,0.543,2.4,59.6,71.3,0,11,306,0,3.699999999999943,9.600000000000056
2023-11-03,region_5,1.404,0.543,1.2,58.4,70.8,0,11,307,0,3.999999999999943,8.400000000000055
2023-11-04,region_5,1.404,0.543,23.1,54.7,68.8,0,11,308,0,26.699999999999946,30.200000000000056
2023-11-05,region_5,1.404,0.543,2.1,73.4,72.3,0,11,309,0,26.39999999999995,32.20000000000005
2023-11-06,region_5,1.404,0.543,1.6,72.6,71.6,0,11,310,0,26.799999999999947,31.700000000000056
2023-11-07,region_5,1.404,0.543,43.7,67.1,68.4,0,11,311,0,47.39999999999995,74.50000000000006
2023-11-08,region_5,1.404,0.543,0.9,89.9,81.8,0,11,312,0,46.199999999999946,75.00000000000007
2023-11-09,region_5,1.404,0.543,1.3,84.4,80.6,0,11,313,0,45.89999999999995,73.90000000000006
2023-11-10,region_5,1.404,0.543,0.4,82.4,76.7,0,11,314,0,2.5999999999999432,73.10000000000005
2023-11-11,region_5,1.404,0.543,0.0,80.0,77.5,0,11,315,0,1.6999999999999433,50.000000000000064
2023-11-12,region_5,1.404,0.543,0.9,74.3,72.6,0,11,316,0,1.2999999999999432,48.80000000000006
2023-11-13,region_5,1.404,0.543,0.7,71.6,71.6,0,11,317,0,1.5999999999999432,47.90000000000006
2023-11-14,region_5,1.404,0.543,1.9,66.7,72.3,0,11,318,0,3.499999999999943,6.1000000000000565
2023-11-15,region_5,1.404,0.543,1.5,68.6,69.8,0,11,319,0,4.099999999999943,6.700000000000056
2023-11-16,region_5,1.404,0.543,1.2,65.6,68.5,0,11,320,0,4.599999999999943,6.6000000000000565
2023-11-17,region_5,1.404,0.543,2.4,60.3,65.3,0,11,321,0,5.099999999999943,8.600000000000056
2023-11-18,region_5,1.404,0.543,41.4,60.9,64.4,0,11,322,0,44.99999999999994,50.00000000000006
2023-11-19,region_5,1.404,0.543,1.1,89.9,74.8,0,11,323,0,44.89999999999994,50.20000000000006
2023-11-20,region_5,1.404,0.543,1.1,88.3,73.9,0,11,324,0,43.599999999999945,50.60000000000006
2023-11-21,region_5,1.404,0.543,0.2,83.1,72.5,0,11,325,0,2.3999999999999435,48.900000000000055
2023-11-22,region_5,1.404,0.543,0.4,79.4,70.4,0,11,326,0,1.6999999999999433,47.800000000000054
2023-11-23,region_5,1.404,0.543,0.5,73.8,68.0,0,11,327,0,1.0999999999999432,47.10000000000005
2023-11-24,region_5,1.404,0.543,1.9,70.5,66.2,0,11,328,0,2.799999999999943,46.60000000000006
2023-11-25,region_5,1.404,0.543,13.5,68.9,65.0,0,11,329,0,15.899999999999944,18.700000000000056
2023-11-26,region_5,1.404,0.543,11.4,73.8,66.4,0,11,330,0,26.799999999999944,29.000000000000057
2023-11-27,region_5,1.404,0.543,11.0,81.0,66.9,0,11,331,0,35.89999999999995,38.900000000000055
2023-11-28,region_5,1.404,0.543,0.7,83.4,72.1,0,11,332,0,23.099999999999945,39.400000000000055
2023-11-29,region_5,1.404,0.543,1.0,80.7,72.5,0,11,333,0,12.699999999999942,40.00000000000006
2023-11-30,region_5,1.404,0.543,1.8,74.5,68.9,0,11,334,0,3.499999999999943,41.300000000000054
2023-12-01,region_5,1.404,0.543,0.1,72.4,67.4,0,12,335,0,2.899999999999943,39.50000000000006
2023-12-02,region_5,1.404,0.543,0.2,69.1,65.5,0,12,336,0,2.0999999999999432,26.200000000000056
2023-12-03,region_5,1.404,0.543,0.2,67.1,63.4,0,12,337,0,0.49999999999994316,15.000000000000057
2023-12-04,region_5,1.404,0.543,4.0,64.9,61.8,0,12,338,0,4.3999999999999435,8.000000000000057
2023-12-05,region_5,1.404,0.543,2.5,60.7,60.8,0,12,339,0,6.699999999999943,9.800000000000058
2023-12-06,region_5,1.404,0.543,0.2,60.2,60.6,0,12,340,0,6.699999999999943,9.000000000000057
2023-12-07,region_5,1.404,0.543,2.9,58.4,59.4,0,12,341,0,5.599999999999944,10.100000000000056
2023-12-08,region_5,1.404,0.543,0.7,57.8,56.7,0,12,342,0,3.799999999999944,10.700000000000058
2023-12-09,region_5,1.404,0.543,0.5,57.1,56.9,0,12,343,0,4.099999999999944,11.000000000000057
2023-12-10,region_5,1.404,0.543,2.6,53.2,55.0,0,12,344,0,3.7999999999999434,13.400000000000057
2023-12-11,region_5,1.404,0.543,0.3,51.3,52.3,0,12,345,0,3.3999999999999435,9.700000000000058
2023-12-12,region_5,1.404,0.543,0.4,48.8,52.9,0,12,346,0,3.299999999999944,7.600000000000057
2023-12-13,region_5,1.404,0.543,1.0,47.5,50.9,0,12,347,0,1.6999999999999431,8.400000000000057
2023-12-14,region_5,1.404,0.543,0.4,49.4,48.3,0,12,348,0,1.799999999999943,5.900000000000056
2023-12-15,region_5,1.404,0.543,0.5,44.0,47.6,0,12,349,0,1.899999999999943,5.700000000000057
2023-12-16,region_5,1.404,0.543,2.1,42.9,47.5,0,12,350,0,2.999999999999943,7.3000000000000576
2023-12-17,region_5,1.404,0.543,0.4,42.0,45.5,0,12,351,0,2.999999999999943,5.100000000000057
2023-12-18,region_5,1.404,0.543,0.5,38.8,43.6,0,12,352,0,2.999999999999943,5.3000000000000576
2023-12-19,region_5,1.404,0.543,0.6,34.2,43.1,0,12,353,0,1.4999999999999432,5.500000000000057
2023-12-20,region_5,1.404,0.543,0.3,34.8,41.1,0,12,354,0,1.3999999999999433,4.800000000000057
2023-12-21,region_5,1.404,0.543,0.0,33.9,40.2,0,12,355,0,0.8999999999999431,4.400000000000057
2023-12-22,region_5,1.404,0.543,1.3,32.9,39.2,0,12,356,0,1.5999999999999432,5.200000000000057
2023-12-23,region_5,1.404,0.543,8.3,32.4,39.8,0,12,357,0,9.599999999999945,11.400000000000057
2023-12-24,region_5,1.404,0.543,0.0,36.2,37.0,0,12,358,0,9.599999999999945,11.000000000000057
2023-12-25,region_5,1.404,0.543,4.3,29.6,37.8,0,12,359,0,12.599999999999945,14.800000000000058
2023-12-26,region_5,1.404,0.543,0.5,35.2,33.1,0,12,360,0,4.799999999999943,14.700000000000056
2023-12-27,region_5,1.404,0.543,0.1,33.5,34.7,0,12,361,0,4.899999999999943,14.500000000000057
2023-12-28,region_5,1.404,0.543,0.2,30.5,34.1,0,12,362,0,0.7999999999999432,14.700000000000056
2023-12-29,region_5,1.404,0.543,0.1,31.0,33.7,0,12,363,0,0.3999999999999432,13.500000000000057
2023-12-30,region_5,1.404,0.543,1.1,29.7,32.4,0,12,364,0,1.3999999999999433,6.300000000000057
2023-12-31,region_5,1.404,0.543,3.4,27.1,28.2,0,12,365,0,4.599999999999943,9.700000000000056
2024-01-01,region_5,1.404,0.543,0.2,30.3,31.5,0,1,1,0,4.699999999999943,5.6000000000000565
2024-01-02,region_5,1.404,0.543,0.1,25.2,28.4,0,1,2,0,3.699999999999943,5.200000000000057
2024-01-03,region_5,1.404,0.543,1.2,24.9,27.6,0,1,3,0,1.4999999999999432,6.3000000000000576
2024-01-04,region_5,1.404,0.543,0.3,26.9,26.2,0,1,4,0,1.5999999999999432,6.400000000000057
2024-01-05,region_5,1.404,0.543,0.3,25.5,27.5,0,1,5,0,1.799999999999943,6.6000000000000565
2024-01-06,region_5,1.404,0.543,0.1,24.7,26.6,0,1,6,0,0.6999999999999431,5.6000000000000565
2024-01-07,region_5,1.404,0.543,0.1,23.0,25.0,0,1,7,0,0.49999999999994316,2.3000000000000567
2024-01-08,region_5,1.404,0.543,0.3,21.1,23.6,0,1,8,0,0.49999999999994316,2.4000000000000568
2024-01-09,region_5,1.404,0.543,1.9,19.2,24.2,0,1,9,0,2.299999999999943,4.200000000000057
2024-01-10,region_5,1.404,0.543,23.1,20.5,21.6,0,1,10,0,25.299999999999944,26.10000000000006
2024-01-11,region_5,1.404,0.543,0.0,39.6,26.1,0,1,11,0,24.999999999999943,25.800000000000058
2024-01-12,region_5,1.404,0.543,15.5,37.8,22.6,0,1,12,0,38.599999999999945,41.00000000000006
2024-01-13,region_5,1.404,0.543,0.3,47.0,25.0,0,1,13,0,15.799999999999944,41.20000000000005
2024-01-14,region_5,1.404,0.543,0.7,47.9,23.7,0,1,14,0,16.499999999999943,41.80000000000006
2024-01-15,region_5,1.404,0.543,0.1,47.4,22.2,0,1,15,0,1.0999999999999432,41.60000000000006
2024-01-16,region_5,1.404,0.543,0.8,39.2,21.1,0,1,16,0,1.5999999999999432,40.50000000000006
2024-01-17,region_5,1.404,0.543,0.1,39.4,22.2,0,1,17,0,0.9999999999999432,17.500000000000057
2024-01-18,region_5,1.404,0.543,1.4,36.1,20.7,0,1,18,0,2.299999999999943,18.900000000000055
2024-01-19,region_5,1.404,0.543,7.0,39.5,21.2,0,1,19,0,8.499999999999943,10.400000000000057
2024-01-20,region_5,1.404,0.543,20.1,38.4,20.1,0,1,20,0,28.499999999999943,30.20000000000006
2024-01-21,region_5,1.404,0.543,10.5,54.8,23.7,0,1,21,0,37.599999999999945,40.00000000000006
2024-01-22,region_5,1.404,0.543,0.0,62.0,23.7,0,1,22,0,30.599999999999945,39.90000000000006
2024-01-23,region_5,1.404,0.543,2.5,58.2,21.8,0,1,23,0,12.999999999999943,41.600000000000065
2024-01-24,region_5,1.404,0.543,7.0,55.4,23.7,0,1,24,0,9.499999999999943,48.50000000000006
2024-01-25,region_5,1.404,0.543,0.3,57.9,24.1,0,1,25,0,9.799999999999944,47.40000000000006
2024-01-26,region_5,1.404,0.543,0.6,55.2,22.6,0,1,26,0,7.8999999999999435,41.000000000000064
2024-01-27,region_5,1.404,0.543,0.2,51.9,22.3,0,1,27,0,1.099999999999943,21.100000000000062
2024-01-28,region_5,1.404,0.543,0.1,51.9,21.2,0,1,28,0,0.8999999999999431,10.70000000000006
2024-01-29,region_5,1.404,0.543,0.5,49.2,20.6,0,1,29,0,0.7999999999999432,11.20000000000006
2024-01-30,region_5,1.404,0.543,0.3,45.5,21.5,0,1,30,0,0.8999999999999433,9.00000000000006
2024-01-31,region_5,1.404,0.543,0.6,43.5,21.8,0,1,31,0,1.399999999999943,2.60000000000006
2024-02-01,region_5,1.404,0.543,0.3,41.4,20.2,0,2,32,0,1.1999999999999431,2.6000000000000605
2024-02-02,region_5,1.404,0.543,0.2,38.0,19.1,0,2,33,0,1.099999999999943,2.2000000000000606
2024-02-03,region_5,1.404,0.543,4.5,38.2,18.5,0,2,34,0,4.999999999999943,6.50000000000006
2024-02-04,region_5,1.404,0.543,0.3,40.2,18.8,0,2,35,0,4.999999999999943,6.700000000000061
2024-02-05,region_5,1.404,0.543,2.2,35.6,18.4,0,2,36,0,6.999999999999943,8.40000000000006
2024-02-06,region_5,1.404,0.543,0.0,35.9,16.7,0,2,37,0,2.499999999999943,8.10000000000006
2024-02-07,region_5,1.404,0.543,13.6,37.4,17.0,0,2,38,0,15.799999999999944,21.10000000000006
2024-02-08,region_5,1.404,0.543,3.6,46.6,18.3,0,2,39,0,17.199999999999942,24.40000000000006
2024-02-09,region_5,1.404,0.543,0.5,46.2,16.9,0,2,40,0,17.699999999999942,24.70000000000006
2024-02-10,region_5,1.404,0.543,0.0,44.3,18.9,0,2,41,0,4.099999999999941,20.20000000000006
2024-02-11,region_5,1.404,0.543,0.3,41.6,19.6,0,2,42,0,0.7999999999999414,20.20000000000006
2024-02-12,region_5,1.404,0.543,0.3,41.4,17.5,0,2,43,0,0.5999999999999414,18.30000000000006
2024-02-13,region_5,1.404,0.543,0.2,37.0,15.0,0,2,44,0,0.7999999999999414,18.50000000000006
2024-02-14,region_5,1.404,0.543,0.6,35.3,16.1,0,2,45,0,1.0999999999999412,5.50000000000006
2024-02-15,region_5,1.404,0.543,2.1,34.2,15.7,0,2,46,0,2.8999999999999413,4.00000000000006
2024-02-16,region_5,1.404,0.543,1.0,35.0,14.1,0,2,47,0,3.6999999999999416,4.50000000000006
2024-02-17,region_5,1.404,0.543,26.4,35.7,13.8,0,2,48,0,29.49999999999994,30.90000000000006
2024-02-18,region_5,1.404,0.543,19.4,49.4,15.6,0,2,49,0,46.79999999999994,50.00000000000006
2024-02-19,region_5,1.404,0.543,2.0,66.7,18.8,0,2,50,0,47.79999999999994,51.70000000000006
2024-02-20,region_5,1.404,0.543,0.1,63.3,18.0,0,2,51,0,21.49999999999994,51.60000000000006
2024-02-21,region_5,1.404,0.543,0.2,62.9,18.1,0,2,52,0,2.2999999999999394,51.20000000000005
2024-02-22,region_5,1.404,0.543,1.5,56.8,18.8,0,2,53,0,1.7999999999999396,50.60000000000005
2024-02-23,region_5,1.404,0.543,0.4,58.6,17.0,0,2,54,0,2.0999999999999397,50.00000000000006
2024-02-24,region_5,1.404,0.543,11.8,54.5,18.4,0,2,55,0,13.69999999999994,35.40000000000006
2024-02-25,region_5,1.404,0.543,1.2,61.1,18.3,0,2,56,0,13.39999999999994,17.20000000000006
2024-02-26,region_5,1.404,0.543,0.1,56.6,19.7,0,2,57,0,13.099999999999941,15.300000000000061
2024-02-27,region_5,1.404,0.543,0.6,53.0,19.1,0,2,58,0,1.8999999999999395,15.800000000000061
2024-02-28,region_5,1.404,0.543,2.5,52.1,18.1,0,2,59,0,3.19999999999994,18.10000000000006
2024-02-29,region_5,1.404,0.543,1.3,50.4,17.7,0,2,60,0,4.39999999999994,17.90000000000006
2024-03-01,region_5,1.404,0.543,0.1,48.6,17.8,0,3,61,0,3.89999999999994,17.600000000000062
2024-03-02,region_5,1.404,0.543,0.4,48.2,18.1,0,3,62,0,1.79999999999994,6.200000000000061
2024-03-03,region_5,1.404,0.543,1.2,42.6,15.9,0,3,63,0,1.69999999999994,6.20000000000006
2024-03-04,region_5,1.404,0.543,1.7,43.4,16.5,0,3,64,0,3.29999999999994,7.80000000000006
2024-03-05,region_5,1.404,0.543,0.3,43.5,15.8,0,3,65,0,3.19999999999994,7.5000000000000595
2024-03-06,region_5,1.404,0.543,1.2,39.3,15.9,0,3,66,0,3.19999999999994,6.200000000000061
2024-03-07,region_5,1.404,0.543,0.8,41.2,15.1,0,3,67,0,2.2999999999999403,5.70000000000006
2024-03-08,region_5,1.404,0.543,0.8,34.5,15.9,0,3,68,0,2.7999999999999403,6.400000000000061
2024-03-09,region_5,1.404,0.543,1.4,35.1,13.3,0,3,69,0,2.99999999999994,7.40000000000006
2024-03-10,region_5,1.404,0.543,0.5,33.8,14.2,0,3,70,0,2.69999999999994,6.70000000000006
2024-03-11,region_5,1.404,0.543,1.6,30.7,14.1,0,3,71,0,3.49999999999994,6.600000000000061
2024-03-12,region_5,1.404,0.543,0.1,34.5,12.9,0,3,72,0,2.1999999999999402,6.400000000000061
2024-03-13,region_5,1.404,0.543,0.1,33.6,11.9,0,3,73,0,1.79999999999994,5.300000000000061
2024-03-14,region_5,1.404,0.543,0.3,30.9,13.9,0,3,74,0,0.49999999999994005,4.80000000000006
2024-03-15,region_5,1.404,0.543,0.7,30.0,12.3,0,3,75,0,1.0999999999999401,4.70000000000006
2024-03-16,region_5,1.404,0.543,0.3,27.7,11.4,0,3,76,0,1.2999999999999399,3.6000000000000605
2024-03-17,region_5,1.404,0.543,1.0,24.2,12.1,0,3,77,0,1.99999999999994,4.10000000000006
2024-03-18,region_5,1.404,0.543,46.7,25.1,11.1,0,3,78,0,47.99999999999994,49.20000000000006
2024-03-19,region_5,1.404,0.543,1.5,53.0,12.9,0,3,79,0,49.199999999999946,50.60000000000006
2024-03-20,region_5,1.404,0.543,24.1,50.8,13.4,0,3,80,0,72.29999999999995,74.60000000000005
2024-03-21,region_5,1.404,0.543,66.2,67.1,18.0,0,3,81,0,91.79999999999994,140.50000000000006
2024-03-22,region_5,1.404,0.543,1.3,96.7,46.3,0,3,82,0,91.59999999999994,141.10000000000008
2024-03-23,region_5,1.404,0.543,0.3,100.0,44.8,0,3,83,0,67.79999999999994,141.10000000000008
2024-03-24,region_5,1.404,0.543,28.1,90.1,42.5,0,3,84,0,29.699999999999932,168.20000000000007
2024-03-25,region_5,1.404,0.543,105.4,100.0,61.5,0,3,85,0,133.79999999999993,226.9000000000001
2024-03-26,region_5,1.404,0.543,0.5,100.0,99.7,0,3,86,0,133.99999999999994,225.9000000000001
2024-03-27,region_5,1.404,0.543,5.1,93.8,99.0,0,3,87,0,110.99999999999993,206.9000000000001
2024-03-28,region_5,1.404,0.543,4.8,94.4,96.6,0,3,88,0,10.399999999999928,145.50000000000006
2024-03-29,region_5,1.404,0.543,1.7,92.9,97.1,0,3,89,0,11.599999999999929,145.90000000000006
2024-03-30,region_5,1.404,0.543,36.9,92.7,94.4,0,3,90,0,43.39999999999993,182.50000000000006
2024-03-31,region_5,1.404,0.543,1.7,98.9,99.4,0,3,91,0,40.29999999999993,156.10000000000005
2024-04-01,region_5,1.404,0.543,13.0,96.1,100.0,0,4,92,0,51.59999999999992,63.70000000000006
2024-04-02,region_5,1.404,0.543,0.9,98.9,99.8,0,4,93,0,15.599999999999929,64.10000000000005
2024-04-03,region_5,1.404,0.543,7.2,96.3,98.2,0,4,94,0,21.09999999999993,66.20000000000006
2024-04-04,region_5,1.404,0.543,1.7,93.7,99.1,0,4,95,0,9.79999999999993,63.10000000000006
2024-04-05,region_5,1.404,0.543,1.4,92.0,98.0,0,4,96,0,10.29999999999993,62.800000000000054
2024-04-06,region_5,1.404,0.543,1.7,86.3,96.3,0,4,97,0,4.799999999999929,27.60000000000006
2024-04-07,region_5,1.404,0.543,0.7,84.7,95.1,0,4,98,0,3.7999999999999288,26.60000000000006
2024-04-08,region_5,1.404,0.543,7.0,79.3,91.5,0,4,99,0,9.39999999999993,20.60000000000006
2024-04-09,region_5,1.404,0.543,0.5,82.6,92.7,0,4,100,0,8.199999999999928,20.20000000000006
2024-04-10,region_5,1.404,0.543,0.7,76.8,88.5,0,4,101,0,8.199999999999928,13.700000000000056
2024-04-11,region_5,1.404,0.543,4.4,78.1,86.8,0,4,102,0,5.5999999999999295,16.400000000000055
2024-04-12,region_5,1.404,0.543,2.4,74.2,85.3,0,4,103,0,7.499999999999929,17.400000000000055
2024-04-13,region_5,1.404,0.543,82.3,69.1,84.3,0,4,104,0,89.09999999999992,98.00000000000006
2024-04-14,region_5,1.404,0.543,0.1,100.0,100.0,0,4,105,0,84.79999999999991,97.40000000000005
2024-04-15,region_5,1.404,0.543,0.1,93.8,98.7,0,4,106,0,82.49999999999993,90.50000000000006
2024-04-16,region_5,1.404,0.543,22.4,92.3,95.3,0,4,107,0,22.599999999999927,112.40000000000005
2024-04-17,region_5,1.404,0.543,0.3,99.0,100.0,0,4,108,0,22.799999999999926,112.00000000000004
2024-04-18,region_5,1.404,0.543,1.2,92.8,96.8,0,4,109,0,23.899999999999928,108.80000000000005
2024-04-19,region_5,1.404,0.543,1.0,90.4,95.1,0,4,110,0,2.499999999999929,107.40000000000005
2024-04-20,region_5,1.404,0.543,0.6,87.4,92.7,0,4,111,0,2.799999999999929,25.700000000000056
2024-04-21,region_5,1.404,0.543,4.2,80.8,90.8,0,4,112,0,5.79999999999993,29.800000000000054
2024-04-22,region_5,1.404,0.543,5.4,81.4,91.5,0,4,113,0,10.199999999999928,35.10000000000006
2024-04-23,region_5,1.404,0.543,2.4,81.6,91.0,0,4,114,0,11.999999999999929,15.100000000000056
2024-04-24,region_5,1.404,0.543,1.6,77.1,90.1,0,4,115,0,9.39999999999993,16.400000000000055
2024-04-25,region_5,1.404,0.543,0.0,73.4,85.7,0,4,116,0,3.999999999999929,15.200000000000056
2024-04-26,region_5,1.404,0.543,1.2,71.8,85.1,0,4,117,0,2.7999999999999288,15.400000000000057
2024-04-27,region_5,1.404,0.543,2.4,70.7,81.2,0,4,118,0,3.599999999999929,17.200000000000056
2024-04-28,region_5,1.404,0.543,5.4,66.6,81.1,0,4,119,0,8.999999999999929,18.40000000000006
2024-04-29,region_5,1.404,0.543,1.3,68.5,80.1,0,4,120,0,9.099999999999929,14.300000000000056
2024-04-30,region_5,1.404,0.543,8.0,64.7,79.0,0,4,121,0,14.699999999999928,19.900000000000055
2024-05-01,region_5,1.404,0.543,3.9,68.8,80.1,0,5,122,0,13.199999999999928,22.200000000000056
2024-05-02,region_5,1.404,0.543,17.4,69.6,77.4,0,5,123,0,29.299999999999926,39.60000000000005
2024-05-03,region_5,1.404,0.543,72.7,75.5,81.0,0,5,124,0,93.99999999999993,111.10000000000005
2024-05-04,region_5,1.404,0.543,1.4,100.0,99.4,0,5,125,0,91.49999999999993,110.10000000000007
2024-05-05,region_5,1.404,0.543,60.5,93.3,99.0,1,5,126,0,134.59999999999994,165.20000000000007
2024-05-06,region_5,1.404,0.543,3.8,98.5,100.0,0,5,127,0,65.69999999999993,167.70000000000005
2024-05-07,region_5,1.404,0.543,2.0,95.1,99.0,0,5,128,0,66.29999999999993,161.70000000000005
2024-05-08,region_5,1.404,0.543,16.1,94.2,99.2,0,5,129,0,21.89999999999993,173.90000000000006
2024-05-09,region_5,1.404,0.543,13.9,97.6,100.0,0,5,130,0,31.99999999999993,170.40000000000006
2024-05-10,region_5,1.404,0.543,1.8,100.0,100.0,0,5,131,0,31.79999999999993,99.50000000000006
2024-05-11,region_5,1.404,0.543,16.3,94.5,97.5,0,5,132,0,31.99999999999993,114.40000000000005
2024-05-12,region_5,1.404,0.543,1.9,99.0,100.0,0,5,133,0,19.99999999999993,55.80000000000006
2024-05-13,region_5,1.404,0.543,6.4,97.7,97.9,0,5,134,0,24.59999999999993,58.40000000000006
2024-05-14,region_5,1.404,0.543,6.4,96.6,100.0,0,5,135,1,14.69999999999993,62.80000000000006
2024-05-15,region_5,1.404,0.543,9.5,95.2,99.0,0,5,136,1,22.29999999999993,56.20000000000006
2024-05-16,region_5,1.404,0.543,1.2,97.7,99.4,0,5,137,1,17.09999999999993,43.50000000000006
2024-05-17,region_5,1.404,0.543,25.7,94.2,98.3,0,5,138,1,36.39999999999993,67.40000000000006
2024-05-18,region_5,1.404,0.543,3.2,98.4,99.6,0,5,139,1,30.09999999999993,54.30000000000006
2024-05-19,region_5,1.404,0.543,0.9,96.4,100.0,0,5,140,1,29.799999999999933,53.300000000000054
2024-05-20,region_5,1.404,0.543,0.8,94.0,99.0,0,5,141,1,4.899999999999933,47.70000000000006
2024-05-21,region_5,1.404,0.543,14.4,86.8,93.4,0,5,142,1,16.099999999999934,55.70000000000006
2024-05-22,region_5,1.404,0.543,13.5,95.8,99.2,0,5,143,1,28.699999999999932,59.70000000000006
2024-05-23,region_5,1.404,0.543,11.4,98.6,100.0,0,5,144,1,39.29999999999993,69.90000000000006
2024-05-24,region_5,1.404,0.543,0.5,100.0,99.5,0,5,145,1,25.399999999999935,44.70000000000005
2024-05-25,region_5,1.404,0.543,64.1,96.4,98.1,1,5,146,1,75.99999999999993,105.60000000000005
2024-05-26,region_5,1.404,0.543,0.9,100.0,100.0,0,5,147,1,65.49999999999993,105.60000000000005
2024-05-27,region_5,1.404,0.543,1.0,93.1,96.9,0,5,148,1,65.99999999999993,105.80000000000005
2024-05-28,region_5,1.404,0.543,4.4,90.8,94.8,0,5,149,1,6.29999999999993,95.80000000000005
2024-05-29,region_5,1.404,0.543,27.9,89.9,95.0,0,5,150,1,33.299999999999926,110.20000000000005
2024-05-30,region_5,1.404,0.543,0.5,100.0,100.0,0,5,151,1,32.799999999999926,99.30000000000005
2024-05-31,region_5,1.404,0.543,99.2,93.3,96.9,1,5,152,1,127.59999999999994,198.00000000000006
2024-06-01,region_5,1.404,0.543,47.4,98.6,100.0,0,6,153,1,147.0999999999999,181.30000000000007
2024-06-02,region_5,1.404,0.543,1.0,98.0,100.0,0,6,154,1,147.5999999999999,181.40000000000006
2024-06-03,region_5,1.404,0.543,10.4,95.2,97.1,0,6,155,1,58.799999999999926,190.80000000000007
2024-06-04,region_5,1.404,0.543,1.6,98.1,100.0,0,6,156,1,12.999999999999929,188.00000000000006
2024-06-05,region_5,1.404,0.543,6.0,93.5,98.1,0,6,157,1,17.99999999999993,166.10000000000008
2024-06-06,region_5,1.404,0.543,57.3,94.1,99.1,0,6,158,1,64.89999999999992,222.90000000000006
2024-06-07,region_5,1.404,0.543,2.9,96.9,100.0,0,6,159,1,66.19999999999993,126.60000000000005
2024-06-08,region_5,1.404,0.543,67.4,96.2,98.2,0,6,160,1,127.59999999999994,146.60000000000005
2024-06-09,region_5,1.404,0.543,6.0,100.0,99.8,0,6,161,1,76.29999999999994,151.60000000000005
2024-06-10,region_5,1.404,0.543,46.1,99.6,99.0,0,6,162,1,119.49999999999994,187.30000000000004
2024-06-11,region_5,1.404,0.543,2.6,100.0,100.0,0,6,163,1,54.69999999999993,188.30000000000004
2024-06-12,region_5,1.404,0.543,20.4,98.3,98.6,0,6,164,1,69.09999999999994,202.70000000000005
2024-06-13,region_5,1.404,0.543,17.6,100.0,99.8,0,6,165,1,40.59999999999993,163.00000000000006
2024-06-14,region_5,1.404,0.543,14.8,98.1,98.6,0,6,166,1,52.799999999999926,174.90000000000006
2024-06-15,region_5,1.404,0.543,34.4,99.3,100.0,0,6,167,1,66.79999999999993,141.90000000000006
2024-06-16,region_5,1.404,0.543,9.8,99.3,99.7,0,6,168,1,58.99999999999993,145.70000000000007
2024-06-17,region_5,1.404,0.543,39.4,100.0,99.7,0,6,169,1,83.59999999999994,139.00000000000006
2024-06-18,region_5,1.404,0.543,3.4,100.0,98.3,0,6,170,1,52.59999999999993,139.80000000000007
2024-06-19,region_5,1.404,0.543,32.3,96.2,100.0,0,6,171,1,75.09999999999992,151.70000000000007
2024-06-20,region_5,1.404,0.543,88.4,100.0,99.7,1,6,172,1,124.09999999999994,222.50000000000009
2024-06-21,region_5,1.404,0.543,13.0,99.8,99.7,0,6,173,1,133.69999999999993,220.70000000000007
2024-06-22,region_5,1.404,0.543,5.6,99.1,100.0,0,6,174,1,106.99999999999994,191.90000000000006
2024-06-23,region_5,1.404,0.543,58.1,97.4,99.2,0,6,175,1,76.69999999999995,240.20000000000005
2024-06-24,region_5,1.404,0.543,54.8,97.8,100.0,0,6,176,1,118.49999999999994,255.60000000000008
2024-06-25,region_5,1.404,0.543,0.5,98.8,100.0,0,6,177,1,113.39999999999995,252.70000000000007
2024-06-26,region_5,1.404,0.543,26.0,97.8,97.5,0,6,178,1,81.29999999999994,246.40000000000006
2024-06-27,region_5,1.404,0.543,11.6,100.0,100.0,0,6,179,1,38.099999999999945,169.60000000000005
2024-06-28,region_5,1.404,0.543,37.4,100.0,100.0,0,6,180,1,74.99999999999994,194.00000000000006
2024-06-29,region_5,1.404,0.543,5.8,100.0,100.0,0,6,181,1,54.79999999999994,194.20000000000007
2024-06-30,region_5,1.404,0.543,1.5,98.0,99.8,0,6,182,1,44.69999999999994,137.60000000000008
2024-07-01,region_5,1.404,0.543,191.0,95.2,98.4,0,7,183,1,198.29999999999995,273.80000000000007
2024-07-02,region_5,1.404,0.543,14.4,100.0,100.0,0,7,184,1,206.89999999999995,287.70000000000005
2024-07-03,region_5,1.404,0.543,197.5,100.0,99.8,0,7,185,1,402.9,459.20000000000005
2024-07-04,region_5,1.404,0.543,2.7,100.0,100.0,0,7,186,1,214.59999999999994,450.30000000000007
2024-07-05,region_5,1.404,0.543,109.5,94.3,100.0,1,7,187,1,309.69999999999993,522.4000000000001
2024-07-06,region_5,1.404,0.543,20.6,100.0,100.0,0,7,188,1,132.79999999999995,537.2000000000002
2024-07-07,region_5,1.404,0.543,55.4,99.7,99.9,1,7,189,1,185.49999999999994,591.1000000000001
2024-07-08,region_5,1.404,0.543,96.9,99.1,99.1,0,7,190,1,172.89999999999995,497.00000000000006
2024-07-09,region_5,1.404,0.543,49.5,96.0,99.5,0,7,191,1,201.79999999999995,532.1000000000001
2024-07-10,region_5,1.404,0.543,11.5,97.5,99.2,0,7,192,1,157.89999999999995,346.1000000000001
2024-07-11,region_5,1.404,0.543,1.6,100.0,99.6,0,7,193,1,62.599999999999945,345.00000000000006
2024-07-12,region_5,1.404,0.543,2.5,94.9,99.4,0,7,194,1,15.599999999999943,238.00000000000006
2024-07-13,region_5,1.404,0.543,8.7,91.3,98.4,0,7,195,1,12.799999999999942,226.10000000000005
2024-07-14,region_5,1.404,0.543,17.2,95.9,100.0,0,7,196,1,28.39999999999994,187.90000000000003
2024-07-15,region_5,1.404,0.543,5.1,100.0,99.2,0,7,197,1,30.999999999999943,96.10000000000005
2024-07-16,region_5,1.404,0.543,30.6,97.7,99.8,0,7,198,1,52.89999999999995,77.20000000000006
2024-07-17,region_5,1.404,0.543,67.2,96.9,98.3,1,7,199,1,102.89999999999995,132.90000000000006
2024-07-18,region_5,1.404,0.543,62.8,99.1,100.0,0,7,200,1,160.59999999999997,194.10000000000008
2024-07-19,region_5,1.404,0.543,5.7,98.1,100.0,0,7,201,1,135.69999999999996,197.30000000000007
2024-07-20,region_5,1.404,0.543,1.9,99.7,99.0,0,7,202,1,70.39999999999993,190.50000000000006
2024-07-21,region_5,1.404,0.543,2.1,94.3,100.0,0,7,203,1,9.699999999999942,175.40000000000006
2024-07-22,region_5,1.404,0.543,313.5,90.4,97.3,0,7,204,1,317.49999999999994,483.80000000000007
2024-07-23,region_5,1.404,0.543,99.1,100.0,100.0,0,7,205,1,414.69999999999993,552.3000000000001
2024-07-24,region_5,1.404,0.543,256.0,98.8,98.9,1,7,206,1,668.5999999999999,741.1
2024-07-25,region_5,1.404,0.543,0.0,100.0,100.0,0,7,207,1,355.0999999999999,678.3000000000001
2024-07-26,region_5,1.404,0.543,22.2,91.9,98.3,0,7,208,1,278.19999999999993,694.8000000000001
2024-07-27,region_5,1.404,0.543,2.1,100.0,99.3,0,7,209,1,24.299999999999915,695.0000000000001
2024-07-28,region_5,1.404,0.543,80.8,96.9,99.3,0,7,210,1,105.09999999999991,773.7
2024-07-29,region_5,1.404,0.543,31.7,98.7,100.0,0,7,211,1,114.59999999999991,491.90000000000003
2024-07-30,region_5,1.404,0.543,38.4,99.8,100.0,0,7,212,1,150.89999999999992,431.20000000000005
2024-07-31,region_5,1.404,0.543,59.3,99.9,100.0,0,7,213,1,129.39999999999992,234.50000000000006
2024-08-01,region_5,1.404,0.543,2.4,100.0,100.0,0,8,214,1,100.09999999999991,236.90000000000006
2024-08-02,region_5,1.404,0.543,33.4,97.9,99.6,0,8,215,1,95.09999999999991,248.10000000000008
2024-08-03,region_5,1.404,0.543,76.5,100.0,100.0,0,8,216,1,112.29999999999991,322.50000000000006
2024-08-04,region_5,1.404,0.543,105.4,100.0,98.2,1,8,217,1,215.2999999999999,347.1000000000001
2024-08-05,region_5,1.404,0.543,14.2,98.9,100.0,0,8,218,1,196.09999999999994,329.6000000000001
2024-08-06,region_5,1.404,0.543,31.9,97.9,99.5,0,8,219,1,151.49999999999991,323.1000000000001
2024-08-07,region_5,1.404,0.543,70.5,100.0,99.6,1,8,220,1,116.59999999999991,334.30000000000007
2024-08-08,region_5,1.404,0.543,62.3,100.0,99.3,0,8,221,1,164.6999999999999,394.20000000000005
2024-08-09,region_5,1.404,0.543,119.4,98.3,99.5,0,8,222,1,252.1999999999999,480.2000000000001
2024-08-10,region_5,1.404,0.543,15.7,100.0,98.2,0,8,223,1,197.39999999999992,419.4000000000001
2024-08-11,region_5,1.404,0.543,1.4,98.1,99.4,0,8,224,1,136.49999999999991,315.4000000000001
2024-08-12,region_5,1.404,0.543,5.3,95.9,97.1,0,8,225,1,22.399999999999913,306.50000000000006
2024-08-13,region_5,1.404,0.543,2.9,94.3,98.6,0,8,226,1,9.599999999999914,277.5000000000001
2024-08-14,region_5,1.404,0.543,2.8,93.1,98.5,0,8,227,1,10.999999999999913,209.8000000000001
2024-08-15,region_5,1.404,0.543,6.6,88.7,98.2,0,8,228,1,12.299999999999914,154.1000000000001
2024-08-16,region_5,1.404,0.543,5.6,89.2,98.9,0,8,229,1,14.999999999999913,40.30000000000008
2024-08-17,region_5,1.404,0.543,91.1,89.8,99.0,0,8,230,1,103.29999999999991,115.70000000000007
2024-08-18,region_5,1.404,0.543,10.8,98.5,99.2,0,8,231,1,107.49999999999991,125.10000000000007
2024-08-19,region_5,1.404,0.543,3.0,98.9,99.2,0,8,232,1,104.8999999999999,122.80000000000007
2024-08-20,region_5,1.404,0.543,117.1,96.2,99.7,0,8,233,1,130.89999999999992,237.00000000000006
2024-08-21,region_5,1.404,0.543,4.8,99.7,100.0,0,8,234,1,124.8999999999999,239.00000000000006
2024-08-22,region_5,1.404,0.543,2.9,94.9,100.0,0,8,235,1,124.79999999999991,235.30000000000007
2024-08-23,region_5,1.404,0.543,10.5,95.5,99.8,0,8,236,1,18.199999999999914,240.20000000000007
2024-08-24,region_5,1.404,0.543,19.6,96.2,100.0,0,8,237,1,32.999999999999915,168.70000000000007
2024-08-25,region_5,1.404,0.543,111.4,100.0,100.0,1,8,238,1,141.49999999999991,269.30000000000007
2024-08-26,region_5,1.404,0.543,80.7,97.4,100.0,0,8,239,1,211.69999999999993,347.00000000000006
2024-08-27,region_5,1.404,0.543,103.9,99.0,100.0,0,8,240,1,295.99999999999994,333.8000000000001
2024-08-28,region_5,1.404,0.543,0.7,97.5,100.0,0,8,241,1,185.29999999999993,329.7000000000001
2024-08-29,region_5,1.404,0.543,53.7,95.6,97.9,0,8,242,1,158.29999999999993,380.5000000000001
2024-08-30,region_5,1.404,0.543,1.6,100.0,99.9,0,8,243,1,55.99999999999992,371.60000000000014
2024-08-31,region_5,1.404,0.543,0.5,98.0,97.1,0,8,244,1,55.79999999999992,352.5000000000001
2024-09-01,region_5,1.404,0.543,2.4,92.9,94.4,0,9,245,1,4.499999999999915,243.5000000000001
2024-09-02,region_5,1.404,0.543,21.8,87.3,94.9,0,9,246,1,24.699999999999914,184.6000000000001
2024-09-03,region_5,1.404,0.543,41.3,100.0,100.0,0,9,247,1,65.49999999999991,122.00000000000009
2024-09-04,region_5,1.404,0.543,21.0,98.5,100.0,0,9,248,1,84.09999999999991,142.30000000000007
2024-09-05,region_5,1.404,0.543,21.6,100.0,99.8,0,9,249,1,83.89999999999992,110.20000000000007
2024-09-06,region_5,1.404,0.543,11.0,99.8,99.3,0,9,250,1,53.59999999999992,119.60000000000008
2024-09-07,region_5,1.404,0.543,52.6,100.0,99.0,0,9,251,1,85.19999999999993,171.7000000000001
2024-09-08,region_5,1.404,0.543,2.9,99.8,100.0,0,9,252,1,66.49999999999993,172.20000000000007
2024-09-09,region_5,1.404,0.543,108.6,97.7,98.8,0,9,253,1,164.0999999999999,259.00000000000006
2024-09-10,region_5,1.404,0.543,2.5,99.1,99.5,0,9,254,1,113.99999999999993,220.2000000000001
2024-09-11,region_5,1.404,0.543,62.3,96.8,100.0,0,9,255,1,173.39999999999992,261.5000000000001
2024-09-12,region_5,1.404,0.543,36.3,100.0,100.0,0,9,256,1,101.09999999999992,276.2000000000001
2024-09-13,region_5,1.404,0.543,30.2,99.6,99.5,0,9,257,1,128.79999999999993,295.4000000000001
2024-09-14,region_5,1.404,0.543,32.8,99.1,100.0,0,9,258,1,99.29999999999993,275.6000000000001
2024-09-15,region_5,1.404,0.543,2.9,99.7,99.5,0,9,259,1,65.89999999999993,275.6000000000001
2024-09-16,region_5,1.404,0.543,13.9,96.0,100.0,0,9,260,1,49.59999999999992,180.90000000000006
2024-09-17,region_5,1.404,0.543,1.2,100.0,100.0,0,9,261,1,17.99999999999993,179.6000000000001
2024-09-18,region_5,1.404,0.543,0.2,98.4,95.9,0,9,262,1,15.29999999999993,117.50000000000009
2024-09-19,region_5,1.404,0.543,7.2,87.9,95.3,0,9,263,1,8.59999999999993,88.40000000000009
2024-09-20,region_5,1.404,0.543,9.0,88.4,97.9,0,9,264,1,16.39999999999993,67.20000000000009
2024-09-21,region_5,1.404,0.543,8.3,92.2,98.6,0,9,265,1,24.499999999999932,42.70000000000009
2024-09-22,region_5,1.404,0.543,5.4,93.2,99.6,0,9,266,0,22.699999999999932,45.20000000000009
2024-09-23,region_5,1.404,0.543,84.4,90.0,99.8,0,9,267,0,98.09999999999994,115.70000000000009
2024-09-24,region_5,1.404,0.543,0.8,100.0,99.8,0,9,268,0,90.59999999999994,115.30000000000008
2024-09-25,region_5,1.404,0.543,41.1,96.8,96.6,0,9,269,0,126.29999999999993,156.20000000000007
2024-09-26,region_5,1.404,0.543,5.2,100.0,99.8,0,9,270,0,47.09999999999993,154.2000000000001
2024-09-27,region_5,1.404,0.543,2.8,99.0,99.0,0,9,271,0,49.09999999999993,148.00000000000009
2024-09-28,region_5,1.404,0.543,0.4,97.0,99.5,0,9,272,0,8.39999999999993,140.10000000000008
2024-09-29,region_5,1.404,0.543,0.2,91.7,95.3,0,9,273,0,3.399999999999929,134.90000000000006
2024-09-30,region_5,1.404,0.543,4.8,88.1,92.6,0,9,274,0,5.399999999999929,55.30000000000008
2024-10-01,region_5,1.404,0.543,2.8,83.6,94.8,0,10,275,0,7.799999999999928,57.30000000000008
2024-10-02,region_5,1.404,0.543,0.9,83.8,92.9,0,10,276,0,8.499999999999929,17.100000000000083
2024-10-03,region_5,1.404,0.543,0.7,78.1,90.7,0,10,277,0,4.399999999999928,12.600000000000085
2024-10-04,region_5,1.404,0.543,23.3,75.1,87.5,0,10,278,0,24.899999999999928,33.10000000000009
2024-10-05,region_5,1.404,0.543,0.7,87.7,92.3,0,10,279,0,24.699999999999932,33.400000000000084
2024-10-06,region_5,1.404,0.543,43.8,87.2,91.8,0,10,280,0,67.79999999999993,77.00000000000009
2024-10-07,region_5,1.404,0.543,0.4,100.0,98.1,0,10,281,0,44.89999999999993,72.60000000000008
2024-10-08,region_5,1.404,0.543,7.3,95.2,97.8,0,10,282,0,51.49999999999993,77.10000000000008
2024-10-09,region_5,1.404,0.543,9.4,96.3,100.0,0,10,283,0,17.09999999999993,85.60000000000008
2024-10-10,region_5,1.404,0.543,12.1,99.6,98.9,0,10,284,0,28.799999999999933,97.00000000000007
2024-10-11,region_5,1.404,0.543,59.0,98.9,99.6,1,10,285,0,80.49999999999993,132.70000000000007
2024-10-12,region_5,1.404,0.543,0.4,100.0,99.1,0,10,286,0,71.49999999999993,132.4000000000001
2024-10-13,region_5,1.404,0.543,60.2,92.5,96.2,0,10,287,0,119.59999999999994,148.80000000000007
2024-10-14,region_5,1.404,0.543,2.1,100.0,98.3,0,10,288,0,62.69999999999993,150.50000000000009
2024-10-15,region_5,1.404,0.543,0.5,92.2,99.0,0,10,289,0,62.79999999999993,143.7000000000001
2024-10-16,region_5,1.404,0.543,9.3,93.8,97.1,0,10,290,0,11.89999999999993,143.60000000000008
2024-10-17,region_5,1.404,0.543,1.4,91.6,100.0,0,10,291,0,11.19999999999993,132.9000000000001
2024-10-18,region_5,1.404,0.543,9.0,91.2,97.4,0,10,292,0,19.699999999999932,82.90000000000008
2024-10-19,region_5,1.404,0.543,1.7,87.9,98.7,0,10,293,0,12.099999999999929,84.20000000000007
2024-10-20,region_5,1.404,0.543,1.0,89.9,96.8,0,10,294,0,11.699999999999928,25.000000000000078
2024-10-21,region_5,1.404,0.543,7.5,83.2,96.0,0,10,295,0,10.199999999999928,30.400000000000077
2024-10-22,region_5,1.404,0.543,0.3,83.4,96.0,0,10,296,0,8.79999999999993,30.200000000000077
2024-10-23,region_5,1.404,0.543,9.1,79.4,94.6,0,10,297,0,16.899999999999928,30.000000000000078
2024-10-24,region_5,1.404,0.543,6.4,85.7,99.7,0,10,298,0,15.79999999999993,35.00000000000008
2024-10-25,region_5,1.404,0.543,3.9,81.9,97.8,0,10,299,0,19.399999999999928,29.900000000000077
2024-10-26,region_5,1.404,0.543,1.9,83.8,95.4,0,10,300,0,12.199999999999928,30.10000000000008
2024-10-27,region_5,1.404,0.543,6.8,81.2,97.4,0,10,301,0,12.599999999999929,35.90000000000008
2024-10-28,region_5,1.404,0.543,0.3,81.0,93.6,0,10,302,0,8.999999999999929,28.700000000000077
2024-10-29,region_5,1.404,0.543,2.1,76.5,93.2,0,10,303,0,9.199999999999928,30.500000000000078
2024-10-30,region_5,1.404,0.543,1.5,74.3,91.0,0,10,304,0,3.899999999999929,22.900000000000077
2024-10-31,region_5,1.404,0.543,7.8,70.9,87.7,0,10,305,0,11.39999999999993,24.300000000000075
2024-11-01,region_5,1.404,0.543,16.6,71.3,87.2,0,11,306,0,25.89999999999993,37.00000000000008
2024-11-02,region_5,1.404,0.543,0.5,83.6,93.4,0,11,307,0,24.89999999999993,35.60000000000008
2024-11-03,region_5,1.404,0.543,4.3,79.9,89.2,0,11,308,0,21.39999999999993,33.10000000000007
2024-11-04,region_5,1.404,0.543,0.4,77.0,87.1,0,11,309,0,5.199999999999929,33.20000000000008
2024-11-05,region_5,1.404,0.543,1.0,73.0,87.0,0,11,310,0,5.699999999999929,32.10000000000008
2024-11-06,region_5,1.404,0.543,0.6,71.0,84.5,0,11,311,0,1.999999999999929,31.200000000000077
2024-11-07,region_5,1.404,0.543,16.2,67.3,80.0,0,11,312,0,17.79999999999993,39.60000000000008
2024-11-08,region_5,1.404,0.543,36.4,73.0,84.5,0,11,313,0,53.19999999999993,59.40000000000007
2024-11-09,region_5,1.404,0.543,0.4,96.9,98.9,0,11,314,0,52.99999999999992,59.30000000000007
2024-11-10,region_5,1.404,0.543,24.7,94.7,96.8,0,11,315,0,61.49999999999993,79.70000000000007
2024-11-11,region_5,1.404,0.543,0.1,99.2,100.0,0,11,316,0,25.19999999999992,79.40000000000006
2024-11-12,region_5,1.404,0.543,0.4,92.9,96.1,0,11,317,0,25.19999999999992,78.80000000000007
2024-11-13,region_5,1.404,0.543,2.8,91.7,94.7,0,11,318,0,3.2999999999999217,81.00000000000007
2024-11-14,region_5,1.404,0.543,0.5,85.7,93.4,0,11,319,0,3.6999999999999216,65.30000000000007
2024-11-15,region_5,1.404,0.543,1.4,82.3,91.7,0,11,320,0,4.699999999999921,30.300000000000068
2024-11-16,region_5,1.404,0.543,43.7,81.6,88.3,0,11,321,0,45.59999999999992,73.60000000000008
2024-11-17,region_5,1.404,0.543,0.0,100.0,100.0,0,11,322,0,45.09999999999992,48.90000000000007
2024-11-18,region_5,1.404,0.543,9.5,92.0,98.5,0,11,323,0,53.199999999999925,58.300000000000075
2024-11-19,region_5,1.404,0.543,1.3,96.6,100.0,0,11,324,0,10.799999999999923,59.200000000000074
2024-11-20,region_5,1.404,0.543,2.9,91.6,97.7,0,11,325,0,13.699999999999921,59.300000000000075
2024-11-21,region_5,1.404,0.543,17.2,93.1,94.7,0,11,326,0,21.39999999999992,76.00000000000007
2024-11-22,region_5,1.404,0.543,0.2,100.0,100.0,0,11,327,0,20.29999999999992,74.80000000000007
2024-11-23,region_5,1.404,0.543,2.0,93.9,95.6,0,11,328,0,19.39999999999992,33.10000000000007
2024-11-24,region_5,1.404,0.543,0.5,90.7,94.0,0,11,329,0,2.699999999999922,33.60000000000007
2024-11-25,region_5,1.404,0.543,0.5,87.3,92.7,0,11,330,0,2.999999999999922,24.60000000000007
2024-11-26,region_5,1.404,0.543,3.2,84.6,90.0,0,11,331,0,4.199999999999922,26.50000000000007
2024-11-27,region_5,1.404,0.543,0.2,81.5,89.9,0,11,332,0,3.899999999999922,23.80000000000007
2024-11-28,region_5,1.404,0.543,0.2,74.9,88.2,0,11,333,0,3.599999999999922,6.800000000000072
2024-11-29,region_5,1.404,0.543,6.3,74.3,85.2,0,11,334,0,6.699999999999921,12.900000000000071
2024-11-30,region_5,1.404,0.543,1.2,74.0,83.4,0,11,335,0,7.699999999999922,12.10000000000007
2024-12-01,region_5,1.404,0.543,17.6,69.6,81.6,0,12,336,0,25.099999999999923,29.200000000000074
2024-12-02,region_5,1.404,0.543,1.0,84.5,85.3,0,12,337,0,19.799999999999923,29.700000000000074
2024-12-03,region_5,1.404,0.543,0.4,80.5,83.3,0,12,338,0,18.999999999999922,26.900000000000073
2024-12-04,region_5,1.404,0.543,1.4,73.0,81.9,0,12,339,0,2.7999999999999217,28.100000000000076
2024-12-05,region_5,1.404,0.543,1.8,72.9,80.0,0,12,340,0,3.5999999999999215,29.700000000000074
2024-12-06,region_5,1.404,0.543,1.2,71.4,77.9,0,12,341,0,4.399999999999922,24.600000000000076
2024-12-07,region_5,1.404,0.543,0.1,68.2,74.7,0,12,342,0,3.099999999999922,23.50000000000007
2024-12-08,region_5,1.404,0.543,0.3,62.3,70.6,0,12,343,0,1.599999999999922,6.200000000000071
2024-12-09,region_5,1.404,0.543,0.1,58.5,70.1,0,12,344,0,0.49999999999992184,5.300000000000071
2024-12-10,region_5,1.404,0.543,0.3,56.3,70.6,0,12,345,0,0.6999999999999219,5.20000000000007
2024-12-11,region_5,1.404,0.543,9.9,53.3,69.9,0,12,346,0,10.299999999999923,13.70000000000007
2024-12-12,region_5,1.404,0.543,0.0,56.1,65.2,0,12,347,0,10.199999999999923,11.900000000000071
2024-12-13,region_5,1.404,0.543,0.6,57.7,63.7,0,12,348,0,10.499999999999922,11.300000000000072
2024-12-14,region_5,1.404,0.543,0.4,52.6,64.9,0,12,349,0,0.9999999999999218,11.600000000000072
2024-12-15,region_5,1.404,0.543,0.9,51.3,61.6,0,12,350,0,1.8999999999999218,12.200000000000072
2024-12-16,region_5,1.404,0.543,1.0,51.0,60.9,0,12,351,0,2.2999999999999217,13.100000000000072
2024-12-17,region_5,1.404,0.543,1.8,49.1,57.2,0,12,352,0,3.699999999999922,14.600000000000072
2024-12-18,region_5,1.404,0.543,3.1,47.6,57.0,0,12,353,0,5.899999999999922,7.800000000000072
2024-12-19,region_5,1.404,0.543,0.0,47.9,57.8,0,12,354,0,4.899999999999922,7.800000000000072
2024-12-20,region_5,1.404,0.543,0.9,45.3,54.1,0,12,355,0,3.999999999999922,8.100000000000072
2024-12-21,region_5,1.404,0.543,0.2,43.9,52.7,0,12,356,0,1.0999999999999215,7.900000000000071
2024-12-22,region_5,1.404,0.543,1.5,39.9,52.1,0,12,357,0,2.5999999999999215,8.500000000000071
2024-12-23,region_5,1.404,0.543,1.4,38.8,51.5,0,12,358,0,3.0999999999999215,8.900000000000071
2024-12-24,region_5,1.404,0.543,0.5,35.6,49.2,0,12,359,0,3.3999999999999213,7.600000000000071
2024-12-25,region_5,1.404,0.543,0.4,36.1,47.7,0,12,360,0,2.299999999999921,4.900000000000071
2024-12-26,region_5,1.404,0.543,1.7,32.4,45.2,0,12,361,0,2.5999999999999215,6.600000000000072
2024-12-27,region_5,1.404,0.543,0.3,32.9,45.5,0,12,362,0,2.3999999999999213,6.000000000000071
2024-12-28,region_5,1.404,0.543,1.1,35.2,44.0,0,12,363,0,3.0999999999999215,6.900000000000071
2024-12-29,region_5,1.404,0.543,1.2,30.2,43.0,0,12,364,0,2.5999999999999215,6.600000000000071
2020-01-01,region_6,0.869,0.219,0.3,25.8,35.0,0,1,1,0,0.3,0.3
2020-01-02,region_6,0.869,0.219,0.0,20.3,32.4,0,1,2,0,0.3,0.3
2020-01-03,region_6,0.869,0.219,0.9,21.1,30.8,0,1,3,0,1.2,1.2
2020-01-04,region_6,0.869,0.219,0.5,20.9,30.5,0,1,4,0,1.4,1.7000000000000002
2020-01-05,region_6,0.869,0.219,0.7,22.0,31.0,0,1,5,0,2.1,2.4
2020-01-06,region_6,0.869,0.219,0.1,17.8,30.5,0,1,6,0,1.3,2.5
2020-01-07,region_6,0.869,0.219,0.5,21.5,30.1,0,1,7,0,1.3,3.0
2020-01-08,region_6,0.869,0.219,0.1,17.1,27.4,0,1,8,0,0.7000000000000001,2.8000000000000003
2020-01-09,region_6,0.869,0.219,0.1,16.9,28.7,0,1,9,0,0.7000000000000002,2.9000000000000004
2020-01-10,region_6,0.869,0.219,12.2,16.6,29.9,0,1,10,0,12.399999999999999,14.2
2020-01-11,region_6,0.869,0.219,0.1,25.3,25.9,0,1,11,0,12.399999999999999,13.799999999999999
2020-01-12,region_6,0.869,0.219,0.4,24.7,27.4,0,1,12,0,12.7,13.5
2020-01-13,region_6,0.869,0.219,0.1,21.4,25.2,0,1,13,0,0.6,13.5
2020-01-14,region_6,0.869,0.219,0.1,19.8,24.5,0,1,14,0,0.6000000000000001,13.1
2020-01-15,region_6,0.869,0.219,0.7,18.0,26.1,0,1,15,0,0.9,13.7
2020-01-16,region_6,0.869,0.219,0.7,19.1,25.5,0,1,16,0,1.5,14.299999999999999
2020-01-17,region_6,0.869,0.219,26.7,21.6,24.6,0,1,17,0,28.099999999999998,28.799999999999997
2020-01-18,region_6,0.869,0.219,0.3,33.7,24.3,0,1,18,0,27.7,29.0
2020-01-19,region_6,0.869,0.219,0.1,32.5,22.1,0,1,19,0,27.099999999999998,28.7
2020-01-20,region_6,0.869,0.219,0.9,29.9,23.2,0,1,20,0,1.3,29.5
2020-01-21,region_6,0.869,0.219,0.7,30.0,21.1,0,1,21,0,1.7,30.1
2020-01-22,region_6,0.869,0.219,0.3,28.6,21.1,0,1,22,0,1.9000000000000001,29.700000000000003
2020-01-23,region_6,0.869,0.219,0.6,27.0,21.3,0,1,23,0,1.5999999999999999,29.599999999999998
2020-01-24,region_6,0.869,0.219,0.9,27.4,20.8,0,1,24,0,1.7999999999999998,3.8
2020-01-25,region_6,0.869,0.219,3.5,25.8,19.7,0,1,25,0,5.0,7.0
2020-01-26,region_6,0.869,0.219,5.0,25.9,19.3,0,1,26,0,9.4,11.899999999999999
2020-01-27,region_6,0.869,0.219,0.4,30.6,19.2,0,1,27,0,8.9,11.399999999999999
2020-01-28,region_6,0.869,0.219,0.9,30.2,19.0,0,1,28,0,6.3,11.6
2020-01-29,region_6,0.869,0.219,1.1,28.2,18.6,0,1,29,0,2.4000000000000004,12.399999999999999
2020-01-30,region_6,0.869,0.219,0.5,29.5,20.9,0,1,30,0,2.5,12.299999999999999
2020-01-31,region_6,0.869,0.219,0.4,25.6,16.6,0,1,31,0,2.0,11.799999999999999
2020-02-01,region_6,0.869,0.219,0.1,24.9,16.8,0,2,32,0,1.0,8.4
2020-02-02,region_6,0.869,0.219,0.1,24.3,16.6,0,2,33,0,0.6000000000000001,3.5
2020-02-03,region_6,0.869,0.219,0.7,23.8,17.4,0,2,34,0,0.9,3.8000000000000003
2020-02-04,region_6,0.869,0.219,0.4,24.5,18.8,0,2,35,0,1.2000000000000002,3.3000000000000003
2020-02-05,region_6,0.869,0.219,0.9,23.6,16.4,0,2,36,0,2.0,3.1000000000000005
2020-02-06,region_6,0.869,0.219,0.4,22.1,16.1,0,2,37,0,1.7000000000000002,3.0000000000000004
2020-02-07,region_6,0.869,0.219,12.2,25.2,15.5,0,2,38,0,13.5,14.799999999999999
2020-02-08,region_6,0.869,0.219,4.0,30.5,16.1,0,2,39,0,16.6,18.7
2020-02-09,region_6,0.869,0.219,0.5,31.5,14.6,0,2,40,0,16.700000000000003,19.099999999999998
2020-02-10,region_6,0.869,0.219,7.8,28.2,14.8,0,2,41,0,12.3,26.2
2020-02-11,region_6,0.869,0.219,2.5,35.4,14.9,0,2,42,0,10.8,28.3
2020-02-12,region_6,0.869,0.219,2.2,35.9,16.0,0,2,43,0,12.5,29.599999999999998
2020-02-13,region_6,0.869,0.219,0.8,37.4,14.5,0,2,44,0,5.5,30.0
2020-02-14,region_6,0.869,0.219,5.5,33.8,15.0,0,2,45,0,8.5,23.3
2020-02-15,region_6,0.869,0.219,3.8,36.4,14.9,0,2,46,0,10.1,23.1
2020-02-16,region_6,0.869,0.219,18.2,37.7,14.3,0,2,47,0,27.5,40.8
2020-02-17,region_6,0.869,0.219,0.0,46.7,17.2,0,2,48,0,21.999999999999996,33.0
2020-02-18,region_6,0.869,0.219,0.1,45.3,14.9,0,2,49,0,18.299999999999997,30.599999999999998
2020-02-19,region_6,0.869,0.219,0.0,44.3,16.9,0,2,50,0,0.1,28.4
2020-02-20,region_6,0.869,0.219,0.1,38.2,16.4,0,2,51,0,0.2,27.699999999999996
2020-02-21,region_6,0.869,0.219,0.4,40.1,16.8,0,2,52,0,0.5,22.599999999999998
2020-02-22,region_6,0.869,0.219,0.4,35.2,14.3,0,2,53,0,0.9,19.199999999999996
2020-02-23,region_6,0.869,0.219,0.3,36.7,15.0,0,2,54,0,1.1,1.3
2020-02-24,region_6,0.869,0.219,0.2,34.0,13.3,0,2,55,0,0.9,1.5
2020-02-25,region_6,0.869,0.219,0.1,30.9,14.2,0,2,56,0,0.6,1.5
2020-02-26,region_6,0.869,0.219,0.1,29.5,13.5,0,2,57,0,0.4,1.6
2020-02-27,region_6,0.869,0.219,0.8,27.2,12.8,0,2,58,0,1.0,2.3000000000000003
2020-02-28,region_6,0.869,0.219,0.2,24.7,12.3,0,2,59,0,1.1,2.1
2020-02-29,region_6,0.869,0.219,0.0,25.7,14.2,0,2,60,0,1.0,1.7000000000000002
2020-03-01,region_6,0.869,0.219,0.4,25.4,12.3,0,3,61,0,0.5999999999999999,1.8
2020-03-02,region_6,0.869,0.219,1.4,23.1,13.1,0,3,62,0,1.7999999999999998,3.0
2020-03-03,region_6,0.869,0.219,1.1,22.5,12.6,0,3,63,0,2.9,4.0
2020-03-04,region_6,0.869,0.219,0.5,22.0,10.3,0,3,64,0,3.0,4.4
2020-03-05,region_6,0.869,0.219,0.7,20.1,11.1,0,3,65,0,2.3,4.3
2020-03-06,region_6,0.869,0.219,0.0,21.4,10.9,0,3,66,0,1.2,4.1
2020-03-07,region_6,0.869,0.219,0.5,23.0,12.2,0,3,67,0,1.2,4.6
2020-03-08,region_6,0.869,0.219,0.8,20.9,10.5,0,3,68,0,1.3,5.0
2020-03-09,region_6,0.869,0.219,1.5,21.0,12.3,0,3,69,0,2.8,5.1
2020-03-10,region_6,0.869,0.219,3.1,20.8,10.9,0,3,70,0,5.4,7.1
2020-03-11,region_6,0.869,0.219,0.0,22.2,10.1,0,3,71,0,4.6000000000000005,6.6
2020-03-12,region_6,0.869,0.219,0.3,21.2,9.2,0,3,72,0,3.4000000000000004,6.2
2020-03-13,region_6,0.869,0.219,0.2,17.8,11.4,0,3,73,0,0.5,6.4
2020-03-14,region_6,0.869,0.219,1.1,20.3,9.7,0,3,74,0,1.6,7.0
2020-03-15,region_6,0.869,0.219,45.6,15.3,9.2,0,3,75,0,46.9,51.800000000000004
2020-03-16,region_6,0.869,0.219,0.1,42.7,12.1,0,3,76,0,46.8,50.400000000000006
2020-03-17,region_6,0.869,0.219,10.0,43.1,11.5,0,3,77,0,55.7,57.300000000000004
2020-03-18,region_6,0.869,0.219,2.7,47.9,10.9,0,3,78,0,12.8,60.0
2020-03-19,region_6,0.869,0.219,1.2,47.1,10.3,0,3,79,0,13.9,60.900000000000006
2020-03-20,region_6,0.869,0.219,12.9,44.9,10.4,0,3,80,0,16.8,73.60000000000001
2020-03-21,region_6,0.869,0.219,0.5,53.6,13.2,0,3,81,0,14.600000000000001,73.00000000000001
2020-03-22,region_6,0.869,0.219,2.1,52.4,12.7,0,3,82,0,15.5,29.5
2020-03-23,region_6,0.869,0.219,0.1,47.8,13.2,0,3,83,0,2.7,29.5
2020-03-24,region_6,0.869,0.219,0.6,45.3,10.6,0,3,84,0,2.8,20.099999999999998
2020-03-25,region_6,0.869,0.219,1.2,49.5,11.7,0,3,85,0,1.9,18.6
2020-03-26,region_6,0.869,0.219,2.2,44.7,11.6,0,3,86,0,4.0,19.6
2020-03-27,region_6,0.869,0.219,1.9,42.2,12.8,0,3,87,0,5.300000000000001,8.6
2020-03-28,region_6,0.869,0.219,1.6,43.7,12.7,0,3,88,0,5.7,9.7
2020-03-29,region_6,0.869,0.219,1.1,43.5,13.0,0,3,89,0,4.6,8.700000000000001
2020-03-30,region_6,0.869,0.219,1.1,41.2,10.8,0,3,90,0,3.8000000000000003,9.700000000000001
2020-03-31,region_6,0.869,0.219,1.8,39.9,12.2,0,3,91,0,4.0,10.9
2020-04-01,region_6,0.869,0.219,2.2,37.6,12.8,0,4,92,0,5.1,11.9
2020-04-02,region_6,0.869,0.219,1.6,39.4,11.6,0,4,93,0,5.6,11.299999999999999
2020-04-03,region_6,0.869,0.219,1.6,39.0,11.7,0,4,94,0,5.4,11.0
2020-04-04,region_6,0.869,0.219,0.4,36.2,11.2,0,4,95,0,3.6,9.799999999999999
2020-04-05,region_6,0.869,0.219,0.3,33.8,11.8,0,4,96,0,2.3000000000000003,9.0
2020-04-06,region_6,0.869,0.219,0.1,33.3,11.1,0,4,97,0,0.8,8.0
2020-04-07,region_6,0.869,0.219,0.4,31.1,11.6,0,4,98,0,0.8,6.6000000000000005
2020-04-08,region_6,0.869,0.219,2.4,31.1,10.6,0,4,99,0,2.9,6.800000000000001
2020-04-09,region_6,0.869,0.219,1.8,27.1,10.5,0,4,100,0,4.6,7.000000000000001
2020-04-10,region_6,0.869,0.219,1.4,30.5,9.9,0,4,101,0,5.6,6.8
2020-04-11,region_6,0.869,0.219,0.3,30.4,12.5,0,4,102,0,3.5,6.699999999999999
2020-04-12,region_6,0.869,0.219,14.2,26.4,8.9,0,4,103,0,15.899999999999999,20.599999999999998
2020-04-13,region_6,0.869,0.219,3.3,38.0,10.9,0,4,104,0,17.799999999999997,23.799999999999997
2020-04-14,region_6,0.869,0.219,2.7,35.5,8.5,0,4,105,0,20.199999999999996,26.099999999999998
2020-04-15,region_6,0.869,0.219,13.8,36.4,10.3,0,4,106,0,19.8,37.5
2020-04-16,region_6,0.869,0.219,3.0,49.3,11.3,0,4,107,0,19.5,38.699999999999996
2020-04-17,region_6,0.869,0.219,2.1,46.0,11.4,0,4,108,0,18.900000000000002,39.4
2020-04-18,region_6,0.869,0.219,0.9,43.3,11.0,0,4,109,0,6.0,40.0
2020-04-19,region_6,0.869,0.219,2.3,44.6,10.5,0,4,110,0,5.3,28.099999999999998
2020-04-20,region_6,0.869,0.219,0.7,45.9,11.2,0,4,111,0,3.8999999999999995,25.5
2020-04-21,region_6,0.869,0.219,0.9,42.8,11.1,0,4,112,0,3.9,23.699999999999996
2020-04-22,region_6,0.869,0.219,26.2,41.1,14.6,0,4,113,0,27.8,36.099999999999994
2020-04-23,region_6,0.869,0.219,8.3,61.8,13.7,0,4,114,0,35.400000000000006,41.4
2020-04-24,region_6,0.869,0.219,0.5,66.2,17.3,0,4,115,0,35.0,39.8
2020-04-25,region_6,0.869,0.219,3.1,64.1,14.6,0,4,116,0,11.9,42.0
2020-04-26,region_6,0.869,0.219,5.7,60.9,16.6,0,4,117,0,9.3,45.400000000000006
2020-04-27,region_6,0.869,0.219,21.3,63.4,18.4,0,4,118,0,30.1,66.0
2020-04-28,region_6,0.869,0.219,32.2,75.8,22.4,0,4,119,0,59.2,97.3
2020-04-29,region_6,0.869,0.219,0.1,91.3,36.8,0,4,120,0,53.6,71.2
2020-04-30,region_6,0.869,0.219,6.9,88.4,33.2,0,4,121,0,39.2,69.80000000000001
2020-05-01,region_6,0.869,0.219,9.5,89.8,38.2,0,5,122,0,16.5,78.80000000000001
2020-05-02,region_6,0.869,0.219,0.4,92.1,40.5,0,5,123,0,16.799999999999997,76.10000000000001
2020-05-03,region_6,0.869,0.219,2.2,87.9,39.3,0,5,124,0,12.1,72.60000000000001
2020-05-04,region_6,0.869,0.219,6.1,83.8,41.1,0,5,125,0,8.7,57.400000000000006
2020-05-05,region_6,0.869,0.219,2.0,83.4,41.1,0,5,126,0,10.299999999999999,27.2
2020-05-06,region_6,0.869,0.219,4.2,79.6,42.1,0,5,127,0,12.3,31.299999999999997
2020-05-07,region_6,0.869,0.219,30.7,78.3,42.2,0,5,128,0,36.9,55.099999999999994
2020-05-08,region_6,0.869,0.219,6.3,95.4,56.6,0,5,129,0,41.2,51.9
2020-05-09,region_6,0.869,0.219,2.9,94.0,59.3,0,5,130,0,39.9,54.4
2020-05-10,region_6,0.869,0.219,1.9,92.6,57.4,0,5,131,0,11.100000000000003,54.099999999999994
2020-05-11,region_6,0.869,0.219,19.8,86.4,59.0,0,5,132,0,24.600000000000005,67.80000000000001
2020-05-12,region_6,0.869,0.219,2.3,97.9,69.3,0,5,133,0,24.000000000000007,68.10000000000001
2020-05-13,region_6,0.869,0.219,15.9,96.1,67.1,0,5,134,0,38.0,79.8
2020-05-14,region_6,0.869,0.219,1.9,100.0,77.5,0,5,135,1,20.1,51.0
2020-05-15,region_6,0.869,0.219,6.2,92.2,77.2,0,5,136,1,24.0,50.9
2020-05-16,region_6,0.869,0.219,2.1,95.6,78.3,0,5,137,1,10.200000000000003,50.1
2020-05-17,region_6,0.869,0.219,8.0,90.3,76.8,0,5,138,1,16.300000000000004,56.2
2020-05-18,region_6,0.869,0.219,5.7,97.2,80.6,0,5,139,1,15.800000000000004,42.1
2020-05-19,region_6,0.869,0.219,6.1,92.7,81.2,0,5,140,1,19.800000000000004,45.9
2020-05-20,region_6,0.869,0.219,30.3,90.2,83.6,0,5,141,1,42.10000000000001,60.3
2020-05-21,region_6,0.869,0.219,10.0,100.0,93.1,0,5,142,1,46.400000000000006,68.4
2020-05-22,region_6,0.869,0.219,0.1,100.0,97.2,0,5,143,1,40.400000000000006,62.3
2020-05-23,region_6,0.869,0.219,74.0,94.6,94.3,0,5,144,1,84.1,134.2
2020-05-24,region_6,0.869,0.219,36.9,100.0,100.0,0,5,145,1,111.0,163.1
2020-05-25,region_6,0.869,0.219,42.5,100.0,99.8,0,5,146,1,153.4,199.9
2020-05-26,region_6,0.869,0.219,0.7,100.0,99.1,0,5,147,1,80.1,194.5
2020-05-27,region_6,0.869,0.219,6.9,93.5,99.1,0,5,148,1,50.1,171.1
2020-05-28,region_6,0.869,0.219,0.3,95.6,99.1,0,5,149,1,7.9,161.4
2020-05-29,region_6,0.869,0.219,0.9,91.4,98.6,0,5,150,1,8.1,162.2
2020-05-30,region_6,0.869,0.219,34.0,86.4,96.6,0,5,151,1,35.2,122.19999999999999
2020-05-31,region_6,0.869,0.219,0.9,100.0,100.0,0,5,152,1,35.800000000000004,86.19999999999997
2020-06-01,region_6,0.869,0.219,54.1,93.5,99.0,0,6,153,1,89.0,97.79999999999998
2020-06-02,region_6,0.869,0.219,40.7,100.0,98.7,0,6,154,1,95.7,137.79999999999998
2020-06-03,region_6,0.869,0.219,33.4,100.0,100.0,0,6,155,1,128.2,164.29999999999998
2020-06-04,region_6,0.869,0.219,2.2,97.6,99.6,0,6,156,1,76.3,166.2
2020-06-05,region_6,0.869,0.219,98.3,100.0,97.8,0,6,157,1,133.89999999999998,263.59999999999997
2020-06-06,region_6,0.869,0.219,36.2,100.0,100.0,0,6,158,1,136.7,265.79999999999995
2020-06-07,region_6,0.869,0.219,37.1,100.0,99.2,0,6,159,1,171.6,302.0
2020-06-08,region_6,0.869,0.219,47.6,100.0,100.0,1,6,160,1,120.9,295.5
2020-06-09,region_6,0.869,0.219,9.4,100.0,100.0,0,6,161,1,94.10000000000001,264.2
2020-06-10,region_6,0.869,0.219,8.0,99.3,100.0,0,6,162,1,65.0,238.79999999999998
2020-06-11,region_6,0.869,0.219,46.1,99.6,98.3,0,6,163,1,63.5,282.7
2020-06-12,region_6,0.869,0.219,15.2,100.0,100.0,0,6,164,1,69.3,199.6
2020-06-13,region_6,0.869,0.219,50.0,100.0,99.3,0,6,165,1,111.3,213.39999999999998
2020-06-14,region_6,0.869,0.219,2.8,97.3,100.0,0,6,166,1,67.99999999999999,179.1
2020-06-15,region_6,0.869,0.219,11.9,98.4,99.6,0,6,167,1,64.7,143.39999999999998
2020-06-16,region_6,0.869,0.219,4.2,98.6,100.0,0,6,168,1,18.9,138.2
2020-06-17,region_6,0.869,0.219,83.1,97.2,100.0,0,6,169,1,99.19999999999999,213.29999999999998
2020-06-18,region_6,0.869,0.219,48.5,100.0,100.0,0,6,170,1,135.79999999999998,215.7
2020-06-19,region_6,0.869,0.219,0.7,100.0,100.0,0,6,171,1,132.29999999999998,201.2
2020-06-20,region_6,0.869,0.219,63.9,99.6,96.9,0,6,172,1,113.1,215.1
2020-06-21,region_6,0.869,0.219,7.6,99.0,99.3,0,6,173,1,72.2,219.89999999999998
2020-06-22,region_6,0.869,0.219,3.6,100.0,100.0,0,6,174,1,75.1,211.6
2020-06-23,region_6,0.869,0.219,0.4,98.2,100.0,0,6,175,1,11.6,207.79999999999998
2020-06-24,region_6,0.869,0.219,8.3,90.8,96.8,0,6,176,1,12.3,133.0
2020-06-25,region_6,0.869,0.219,1.0,95.7,100.0,0,6,177,1,9.700000000000001,85.49999999999999
2020-06-26,region_6,0.869,0.219,30.0,87.6,96.5,0,6,178,1,39.3,114.79999999999998
2020-06-27,region_6,0.869,0.219,5.0,100.0,100.0,0,6,179,1,36.0,55.899999999999984
2020-06-28,region_6,0.869,0.219,2.6,96.0,100.0,0,6,180,1,37.6,50.899999999999984
2020-06-29,region_6,0.869,0.219,143.6,95.3,100.0,1,6,181,1,151.2,190.89999999999998
2020-06-30,region_6,0.869,0.219,4.1,100.0,100.0,0,6,182,1,150.29999999999998,194.59999999999997
2020-07-01,region_6,0.869,0.219,41.6,99.5,98.9,0,7,183,1,189.3,227.89999999999998
2020-07-02,region_6,0.869,0.219,36.0,99.6,100.0,0,7,184,1,81.7,262.9
2020-07-03,region_6,0.869,0.219,49.1,100.0,100.0,0,7,185,1,126.70000000000002,282.0
2020-07-04,region_6,0.869,0.219,2.1,100.0,100.0,0,7,186,1,87.2,279.09999999999997
2020-07-05,region_6,0.869,0.219,10.2,99.0,96.9,0,7,187,1,61.4,286.7
2020-07-06,region_6,0.869,0.219,52.2,99.2,100.0,1,7,188,1,64.5,195.3
2020-07-07,region_6,0.869,0.219,72.6,100.0,100.0,1,7,189,1,135.0,263.8
2020-07-08,region_6,0.869,0.219,45.1,100.0,100.0,0,7,190,1,169.9,267.3
2020-07-09,region_6,0.869,0.219,16.1,99.0,98.6,0,7,191,1,133.8,247.39999999999998
2020-07-10,region_6,0.869,0.219,75.7,100.0,100.0,1,7,192,1,136.90000000000003,274.0
2020-07-11,region_6,0.869,0.219,19.9,99.8,98.3,0,7,193,1,111.70000000000002,291.8
2020-07-12,region_6,0.869,0.219,0.3,98.0,97.9,0,7,194,1,95.90000000000002,281.9
2020-07-13,region_6,0.869,0.219,0.1,94.8,98.1,0,7,195,1,20.30000000000001,229.8
2020-07-14,region_6,0.869,0.219,8.3,90.7,96.2,0,7,196,1,8.700000000000015,165.5
2020-07-15,region_6,0.869,0.219,9.1,91.4,100.0,0,7,197,1,17.500000000000014,129.5
2020-07-16,region_6,0.869,0.219,14.4,92.2,100.0,0,7,198,1,31.80000000000002,127.8
2020-07-17,region_6,0.869,0.219,30.1,100.0,100.0,0,7,199,1,53.600000000000016,82.2
2020-07-18,region_6,0.869,0.219,32.4,98.1,99.4,0,7,200,1,76.9,94.7
2020-07-19,region_6,0.869,0.219,24.3,99.5,100.0,0,7,201,1,86.80000000000001,118.7
2020-07-20,region_6,0.869,0.219,5.4,98.2,98.9,0,7,202,1,62.100000000000016,124.0
2020-07-21,region_6,0.869,0.219,4.0,96.1,100.0,0,7,203,1,33.70000000000002,119.7
2020-07-22,region_6,0.869,0.219,1.9,97.4,100.0,0,7,204,1,11.300000000000015,112.5
2020-07-23,region_6,0.869,0.219,1.5,93.7,99.3,0,7,205,1,7.400000000000015,99.6
2020-07-24,region_6,0.869,0.219,7.6,87.1,96.8,0,7,206,1,11.000000000000014,77.10000000000001
2020-07-25,region_6,0.869,0.219,12.9,88.4,99.9,0,7,207,1,22.000000000000014,57.6
2020-07-26,region_6,0.869,0.219,76.0,94.9,100.0,0,7,208,1,96.50000000000001,109.3
2020-07-27,region_6,0.869,0.219,28.2,99.6,99.7,0,7,209,1,117.10000000000002,132.1
2020-07-28,region_6,0.869,0.219,57.9,100.0,99.5,0,7,210,1,162.10000000000002,186.0
2020-07-29,region_6,0.869,0.219,68.4,100.0,99.0,1,7,211,1,154.5,252.5
2020-07-30,region_6,0.869,0.219,4.3,98.5,100.0,0,7,212,1,130.60000000000002,255.3
2020-07-31,region_6,0.869,0.219,3.2,100.0,100.0,0,7,213,1,75.90000000000002,250.9
2020-08-01,region_6,0.869,0.219,4.5,95.3,100.0,0,8,214,1,12.000000000000014,242.5
2020-08-02,region_6,0.869,0.219,27.8,96.1,100.0,0,8,215,1,35.500000000000014,194.3
2020-08-03,region_6,0.869,0.219,28.1,99.6,98.7,0,8,216,1,60.40000000000001,194.20000000000002
2020-08-04,region_6,0.869,0.219,94.4,99.6,99.8,0,8,217,1,150.3,230.70000000000002
2020-08-05,region_6,0.869,0.219,37.2,100.0,99.1,0,8,218,1,159.70000000000002,199.5
2020-08-06,region_6,0.869,0.219,1.6,100.0,98.7,0,8,219,1,133.20000000000002,196.8
2020-08-07,region_6,0.869,0.219,0.0,95.8,98.8,0,8,220,1,38.80000000000002,193.60000000000002
2020-08-08,region_6,0.869,0.219,11.9,92.7,97.1,0,8,221,1,13.500000000000014,201.0
2020-08-09,region_6,0.869,0.219,8.1,94.6,100.0,0,8,222,1,20.000000000000014,181.3
2020-08-10,region_6,0.869,0.219,122.2,96.8,99.5,0,8,223,1,142.20000000000002,275.4
2020-08-11,region_6,0.869,0.219,0.6,99.9,100.0,0,8,224,1,130.9,181.6
2020-08-12,region_6,0.869,0.219,5.2,94.6,97.4,0,8,225,1,128.00000000000003,149.6
2020-08-13,region_6,0.869,0.219,0.8,92.8,98.8,0,8,226,1,6.600000000000014,148.79999999999998
2020-08-14,region_6,0.869,0.219,24.6,93.4,96.0,0,8,227,1,30.600000000000016,173.39999999999998
2020-08-15,region_6,0.869,0.219,4.4,99.7,97.9,0,8,228,1,29.80000000000002,165.9
2020-08-16,region_6,0.869,0.219,21.3,98.2,100.0,0,8,229,1,50.30000000000001,179.1
2020-08-17,region_6,0.869,0.219,114.4,100.0,100.0,0,8,230,1,140.10000000000002,171.3
2020-08-18,region_6,0.869,0.219,1.4,100.0,99.0,0,8,231,1,137.10000000000002,172.10000000000002
2020-08-19,region_6,0.869,0.219,1.4,96.3,97.7,0,8,232,1,117.20000000000002,168.3
2020-08-20,region_6,0.869,0.219,5.8,93.1,94.0,0,8,233,1,8.600000000000014,173.3
2020-08-21,region_6,0.869,0.219,2.9,92.5,97.2,0,8,234,1,10.100000000000014,151.6
2020-08-22,region_6,0.869,0.219,76.0,89.2,96.8,0,8,235,1,84.70000000000002,223.20000000000002
2020-08-23,region_6,0.869,0.219,41.1,100.0,100.0,0,8,236,1,120.00000000000003,243.0
2020-08-24,region_6,0.869,0.219,18.6,97.0,100.0,0,8,237,1,135.70000000000002,147.2
2020-08-25,region_6,0.869,0.219,2.9,99.6,100.0,0,8,238,1,62.600000000000016,148.7
2020-08-26,region_6,0.869,0.219,137.1,96.7,97.7,1,8,239,1,158.60000000000002,284.4
2020-08-27,region_6,0.869,0.219,22.4,100.0,99.5,0,8,240,1,162.4,300.99999999999994
2020-08-28,region_6,0.869,0.219,8.3,100.0,100.0,0,8,241,1,167.79999999999998,306.4
2020-08-29,region_6,0.869,0.219,15.1,100.0,98.4,0,8,242,1,45.8,245.5
2020-08-30,region_6,0.869,0.219,5.5,99.7,99.2,0,8,243,1,28.9,209.9
2020-08-31,region_6,0.869,0.219,5.1,98.9,100.0,0,8,244,1,25.7,196.4
2020-09-01,region_6,0.869,0.219,100.3,97.3,99.1,1,9,245,1,110.89999999999999,293.79999999999995
2020-09-02,region_6,0.869,0.219,24.8,96.2,99.9,0,9,246,1,130.2,181.5
2020-09-03,region_6,0.869,0.219,142.7,100.0,100.0,1,9,247,1,267.79999999999995,301.79999999999995
2020-09-04,region_6,0.869,0.219,2.3,98.8,100.0,0,9,248,1,169.79999999999998,295.79999999999995
2020-09-05,region_6,0.869,0.219,2.0,96.3,99.6,0,9,249,1,147.0,282.7
2020-09-06,region_6,0.869,0.219,41.9,94.4,97.0,1,9,250,1,46.199999999999996,319.1
2020-09-07,region_6,0.869,0.219,2.5,100.0,99.2,0,9,251,1,46.4,316.5
2020-09-08,region_6,0.869,0.219,11.0,96.0,100.0,0,9,252,1,55.4,227.2
2020-09-09,region_6,0.869,0.219,4.0,99.9,100.0,0,9,253,1,17.5,206.39999999999998
2020-09-10,region_6,0.869,0.219,20.2,98.5,100.0,0,9,254,1,35.2,83.89999999999999
2020-09-11,region_6,0.869,0.219,48.1,98.9,100.0,0,9,255,1,72.3,129.7
2020-09-12,region_6,0.869,0.219,1.9,98.8,98.1,0,9,256,1,70.2,129.6
2020-09-13,region_6,0.869,0.219,2.4,98.6,97.2,0,9,257,1,52.39999999999999,90.1
2020-09-14,region_6,0.869,0.219,1.0,93.6,98.5,0,9,258,1,5.3,88.6
2020-09-15,region_6,0.869,0.219,31.3,89.9,96.9,0,9,259,1,34.7,108.9
2020-09-16,region_6,0.869,0.219,34.3,100.0,99.2,0,9,260,1,66.6,139.2
2020-09-17,region_6,0.869,0.219,14.0,100.0,100.0,0,9,261,1,79.6,133.0
2020-09-18,region_6,0.869,0.219,0.6,100.0,100.0,0,9,262,1,48.900000000000006,85.5
2020-09-19,region_6,0.869,0.219,37.4,94.7,98.3,0,9,263,1,52.00000000000001,121.0
2020-09-20,region_6,0.869,0.219,1.5,100.0,98.9,0,9,264,1,39.50000000000001,120.1
2020-09-21,region_6,0.869,0.219,20.1,93.8,98.7,0,9,265,1,59.00000000000001,139.2
2020-09-22,region_6,0.869,0.219,0.8,99.7,98.7,0,9,266,0,22.40000000000001,108.69999999999999
2020-09-23,region_6,0.869,0.219,2.5,94.0,97.3,0,9,267,0,23.40000000000001,76.9
2020-09-24,region_6,0.869,0.219,0.3,94.0,98.3,0,9,268,0,3.6000000000000068,63.2
2020-09-25,region_6,0.869,0.219,2.8,84.0,95.4,0,9,269,0,5.600000000000007,65.4
2020-09-26,region_6,0.869,0.219,44.9,84.0,94.0,0,9,270,0,48.00000000000001,72.9
2020-09-27,region_6,0.869,0.219,8.0,99.3,99.8,0,9,271,0,55.70000000000001,79.4
2020-09-28,region_6,0.869,0.219,5.0,100.0,100.0,0,9,272,0,57.900000000000006,64.3
2020-09-29,region_6,0.869,0.219,2.2,99.5,100.0,0,9,273,0,15.200000000000006,65.7
2020-09-30,region_6,0.869,0.219,1.0,94.6,98.2,0,9,274,0,8.200000000000006,64.2
2020-10-01,region_6,0.869,0.219,1.8,92.7,95.3,0,10,275,0,5.000000000000007,65.7
2020-10-02,region_6,0.869,0.219,6.4,85.7,96.2,0,10,276,0,9.200000000000006,69.3
2020-10-03,region_6,0.869,0.219,3.9,87.5,97.0,0,10,277,0,12.100000000000007,28.3
2020-10-04,region_6,0.869,0.219,0.4,86.2,99.7,0,10,278,0,10.700000000000006,20.7
2020-10-05,region_6,0.869,0.219,1.6,82.8,95.5,0,10,279,0,5.9000000000000075,17.3
2020-10-06,region_6,0.869,0.219,0.6,77.2,95.2,0,10,280,0,2.600000000000007,15.700000000000001
2020-10-07,region_6,0.869,0.219,13.8,74.1,93.0,0,10,281,0,16.000000000000007,28.5
2020-10-08,region_6,0.869,0.219,0.6,84.9,95.2,0,10,282,0,15.000000000000007,27.3
2020-10-09,region_6,0.869,0.219,2.3,79.9,92.7,0,10,283,0,16.700000000000006,23.2
2020-10-10,region_6,0.869,0.219,0.7,74.5,93.2,0,10,284,0,3.6000000000000068,20.000000000000004
2020-10-11,region_6,0.869,0.219,39.6,73.2,88.8,0,10,285,0,42.60000000000001,59.2
2020-10-12,region_6,0.869,0.219,3.8,98.4,99.7,0,10,286,0,44.10000000000001,61.4
2020-10-13,region_6,0.869,0.219,15.0,100.0,100.0,0,10,287,0,58.400000000000006,75.80000000000001
2020-10-14,region_6,0.869,0.219,6.7,100.0,100.0,0,10,288,0,25.500000000000007,68.7
2020-10-15,region_6,0.869,0.219,5.3,100.0,99.1,0,10,289,0,27.000000000000007,73.4
2020-10-16,region_6,0.869,0.219,1.4,96.3,99.2,0,10,290,0,13.400000000000007,72.5
2020-10-17,region_6,0.869,0.219,0.3,93.2,98.1,0,10,291,0,7.000000000000007,72.10000000000001
2020-10-18,region_6,0.869,0.219,0.1,90.1,96.7,0,10,292,0,1.800000000000007,32.6
2020-10-19,region_6,0.869,0.219,3.5,83.7,94.6,0,10,293,0,3.900000000000007,32.3
2020-10-20,region_6,0.869,0.219,0.2,81.7,94.4,0,10,294,0,3.8000000000000074,17.5
2020-10-21,region_6,0.869,0.219,0.3,76.5,94.9,0,10,295,0,4.000000000000007,11.100000000000001
2020-10-22,region_6,0.869,0.219,11.5,73.8,91.1,0,10,296,0,12.000000000000007,17.3
2020-10-23,region_6,0.869,0.219,0.9,78.6,93.3,0,10,297,0,12.700000000000008,16.8
2020-10-24,region_6,0.869,0.219,1.7,74.1,90.5,0,10,298,0,14.100000000000007,18.2
2020-10-25,region_6,0.869,0.219,0.7,73.7,88.5,0,10,299,0,3.300000000000007,18.8
2020-10-26,region_6,0.869,0.219,0.1,70.9,87.0,0,10,300,0,2.500000000000007,15.400000000000002
2020-10-27,region_6,0.869,0.219,4.2,66.0,86.5,0,10,301,0,5.000000000000007,19.400000000000002
2020-10-28,region_6,0.869,0.219,2.0,64.9,85.7,0,10,302,0,6.300000000000007,21.1
2020-10-29,region_6,0.869,0.219,13.0,65.6,83.7,0,10,303,0,19.200000000000006,22.6
2020-10-30,region_6,0.869,0.219,5.4,69.8,86.1,0,10,304,0,20.400000000000006,27.1
2020-10-31,region_6,0.869,0.219,0.4,69.2,85.8,0,10,305,0,18.800000000000008,25.8
2020-11-01,region_6,0.869,0.219,0.5,65.4,84.2,0,11,306,0,6.300000000000008,25.6
2020-11-02,region_6,0.869,0.219,122.6,66.0,81.6,0,11,307,0,123.5,148.1
2020-11-03,region_6,0.869,0.219,2.4,100.0,98.5,0,11,308,0,125.5,146.3
2020-11-04,region_6,0.869,0.219,0.1,97.6,98.8,0,11,309,0,125.1,144.4
2020-11-05,region_6,0.869,0.219,0.4,92.0,97.0,0,11,310,0,2.9,131.79999999999998
2020-11-06,region_6,0.869,0.219,21.6,86.9,93.7,0,11,311,0,22.1,148.0
2020-11-07,region_6,0.869,0.219,13.3,98.3,100.0,0,11,312,0,35.3,160.89999999999998
2020-11-08,region_6,0.869,0.219,0.0,100.0,99.6,0,11,313,0,34.900000000000006,160.39999999999998
2020-11-09,region_6,0.869,0.219,12.7,93.0,98.6,0,11,314,0,26.0,50.5
2020-11-10,region_6,0.869,0.219,0.4,100.0,100.0,0,11,315,0,13.1,48.5
2020-11-11,region_6,0.869,0.219,1.5,97.3,98.3,0,11,316,0,14.6,49.9
2020-11-12,region_6,0.869,0.219,0.4,93.7,96.9,0,11,317,0,2.3,49.9
2020-11-13,region_6,0.869,0.219,0.3,85.9,95.8,0,11,318,0,2.2,28.6
2020-11-14,region_6,0.869,0.219,1.7,84.1,92.5,0,11,319,0,2.4,17.0
2020-11-15,region_6,0.869,0.219,1.7,82.3,90.8,0,11,320,0,3.7,18.7
2020-11-16,region_6,0.869,0.219,0.3,76.0,89.5,0,11,321,0,3.6999999999999997,6.3
2020-11-17,region_6,0.869,0.219,0.1,73.0,89.3,0,11,322,0,2.1,5.999999999999999
2020-11-18,region_6,0.869,0.219,0.3,69.8,85.6,0,11,323,0,0.7,4.800000000000001
2020-11-19,region_6,0.869,0.219,0.4,69.1,85.8,0,11,324,0,0.8,4.8
2020-11-20,region_6,0.869,0.219,0.7,60.1,82.9,0,11,325,0,1.4,5.2
2020-11-21,region_6,0.869,0.219,0.3,62.7,80.9,0,11,326,0,1.4,3.8
2020-11-22,region_6,0.869,0.219,0.3,60.1,79.5,0,11,327,0,1.2999999999999998,2.3999999999999995
2020-11-23,region_6,0.869,0.219,1.2,57.1,78.6,0,11,328,0,1.8,3.3
2020-11-24,region_6,0.869,0.219,0.5,52.0,77.4,0,11,329,0,2.0,3.6999999999999997
2020-11-25,region_6,0.869,0.219,1.5,49.8,75.5,0,11,330,0,3.2,4.9
2020-11-26,region_6,0.869,0.219,1.3,47.7,77.1,0,11,331,0,3.3,5.8
2020-11-27,region_6,0.869,0.219,6.2,49.3,70.0,0,11,332,0,9.0,11.3
2020-11-28,region_6,0.869,0.219,0.4,50.1,71.0,0,11,333,0,7.9,11.4
2020-11-29,region_6,0.869,0.219,0.2,43.9,69.7,0,11,334,0,6.8,11.3
2020-11-30,region_6,0.869,0.219,1.0,46.2,68.9,0,11,335,0,1.6,11.1
2020-12-01,region_6,0.869,0.219,1.2,43.9,66.5,0,12,336,0,2.4000000000000004,11.8
2020-12-02,region_6,0.869,0.219,0.3,43.3,65.9,0,12,337,0,2.5,10.6
2020-12-03,region_6,0.869,0.219,0.6,41.3,63.5,0,12,338,0,2.0999999999999996,9.9
2020-12-04,region_6,0.869,0.219,0.2,38.1,62.9,0,12,339,0,1.0999999999999999,3.9
2020-12-05,region_6,0.869,0.219,0.2,36.6,60.2,0,12,340,0,0.9999999999999999,3.7
2020-12-06,region_6,0.869,0.219,1.1,34.7,58.4,0,12,341,0,1.5,4.6
2020-12-07,region_6,0.869,0.219,1.2,34.6,58.2,0,12,342,0,2.5,4.8
2020-12-08,region_6,0.869,0.219,8.7,34.2,57.8,0,12,343,0,11.0,12.299999999999999
2020-12-09,region_6,0.869,0.219,1.3,35.9,55.0,0,12,344,0,11.200000000000001,13.3
2020-12-10,region_6,0.869,0.219,0.0,35.9,56.4,0,12,345,0,10.0,12.7
2020-12-11,region_6,0.869,0.219,2.1,34.8,53.3,0,12,346,0,3.4000000000000004,14.6
2020-12-12,region_6,0.869,0.219,8.7,32.9,53.7,0,12,347,0,10.8,23.1
2020-12-13,region_6,0.869,0.219,0.2,39.9,53.1,0,12,348,0,11.0,22.2
2020-12-14,region_6,0.869,0.219,0.2,38.0,50.2,0,12,349,0,9.1,21.2
2020-12-15,region_6,0.869,0.219,4.1,36.1,49.3,0,12,350,0,4.5,16.6
2020-12-16,region_6,0.869,0.219,0.1,37.8,50.8,0,12,351,0,4.3999999999999995,15.399999999999999
2020-12-17,region_6,0.869,0.219,2.9,34.4,49.6,0,12,352,0,7.1,18.299999999999997
2020-12-18,region_6,0.869,0.219,53.3,36.5,46.9,0,12,353,0,56.3,69.5
2020-12-19,region_6,0.869,0.219,0.5,77.9,49.9,0,12,354,0,56.699999999999996,61.3
2020-12-20,region_6,0.869,0.219,0.3,76.5,49.7,0,12,355,0,54.099999999999994,61.39999999999999
2020-12-21,region_6,0.869,0.219,39.8,71.3,48.0,0,12,356,0,40.599999999999994,101.0
2020-12-22,region_6,0.869,0.219,1.3,99.1,57.6,0,12,357,0,41.39999999999999,98.19999999999999
2020-12-23,region_6,0.869,0.219,0.0,95.5,57.8,0,12,358,0,41.099999999999994,98.1
2020-12-24,region_6,0.869,0.219,0.6,87.1,54.7,0,12,359,0,1.9,95.79999999999998
2020-12-25,region_6,0.869,0.219,0.5,85.4,54.8,0,12,360,0,1.1,42.99999999999999
2020-12-26,region_6,0.869,0.219,0.3,80.8,54.2,0,12,361,0,1.4,42.8
2020-12-27,region_6,0.869,0.219,0.4,77.9,53.4,0,12,362,0,1.2,42.9
2020-12-28,region_6,0.869,0.219,0.7,77.7,52.5,0,12,363,0,1.4,3.8
2020-12-29,region_6,0.869,0.219,0.3,70.3,51.3,0,12,364,0,1.4,2.8000000000000003
2020-12-30,region_6,0.869,0.219,6.1,69.3,49.7,0,12,365,0,7.1,8.899999999999999
2020-12-31,region_6,0.869,0.219,6.1,67.2,52.5,0,12,366,0,12.5,14.399999999999999
2021-01-01,region_6,0.869,0.219,0.2,68.2,51.0,0,1,1,0,12.4,14.1
2021-01-02,region_6,0.869,0.219,0.4,64.2,48.5,0,1,2,0,6.699999999999999,14.2
2021-01-03,region_6,0.869,0.219,0.3,63.8,47.3,0,1,3,0,0.9,14.1
2021-01-04,region_6,0.869,0.219,0.2,58.1,48.0,0,1,4,0,0.8999999999999999,13.6
2021-01-05,region_6,0.869,0.219,9.8,53.2,48.4,0,1,5,0,10.3,23.1
2021-01-06,region_6,0.869,0.219,9.7,61.1,48.6,0,1,6,0,19.7,26.7
2021-01-07,region_6,0.869,0.219,0.1,66.5,49.9,0,1,7,0,19.6,20.700000000000003
2021-01-08,region_6,0.869,0.219,0.1,62.9,51.1,0,1,8,0,9.899999999999999,20.6
2021-01-09,region_6,0.869,0.219,0.5,57.0,46.7,0,1,9,0,0.7,20.7
2021-01-10,region_6,0.869,0.219,1.6,53.8,47.4,0,1,10,0,2.2,22.0
2021-01-11,region_6,0.869,0.219,0.0,54.1,45.3,0,1,11,0,2.1,21.8
2021-01-12,region_6,0.869,0.219,0.2,51.0,44.5,0,1,12,0,1.8,12.2
2021-01-13,region_6,0.869,0.219,10.4,47.0,44.1,0,1,13,0,10.6,12.9
2021-01-14,region_6,0.869,0.219,0.7,53.4,45.0,0,1,14,0,11.299999999999999,13.5
2021-01-15,region_6,0.869,0.219,0.5,53.0,43.5,0,1,15,0,11.6,13.9
2021-01-16,region_6,0.869,0.219,1.2,48.7,40.4,0,1,16,0,2.4,14.600000000000001
2021-01-17,region_6,0.869,0.219,17.2,48.6,41.4,0,1,17,0,18.9,30.2
2021-01-18,region_6,0.869,0.219,9.3,57.3,44.2,0,1,18,0,27.7,39.5
2021-01-19,region_6,0.869,0.219,0.4,59.5,43.2,0,1,19,0,26.9,39.699999999999996
2021-01-20,region_6,0.869,0.219,0.2,58.4,43.7,0,1,20,0,9.9,29.5
2021-01-21,region_6,0.869,0.219,1.1,55.6,44.1,0,1,21,0,1.7000000000000002,29.9
2021-01-22,region_6,0.869,0.219,0.9,49.8,42.8,0,1,22,0,2.2,30.3
2021-01-23,region_6,0.869,0.219,0.1,53.4,40.4,0,1,23,0,2.1,29.2
2021-01-24,region_6,0.869,0.219,0.5,50.5,40.5,0,1,24,0,1.5,12.5
2021-01-25,region_6,0.869,0.219,32.4,47.0,41.3,0,1,25,0,33.0,35.599999999999994
2021-01-26,region_6,0.869,0.219,1.0,64.9,43.6,0,1,26,0,33.9,36.2
2021-01-27,region_6,0.869,0.219,10.3,61.4,42.3,0,1,27,0,43.7,46.3
2021-01-28,region_6,0.869,0.219,0.1,65.6,45.1,0,1,28,0,11.4,45.3
2021-01-29,region_6,0.869,0.219,2.8,62.3,44.8,0,1,29,0,13.200000000000001,47.2
2021-01-30,region_6,0.869,0.219,0.5,60.7,42.4,0,1,30,0,3.4,47.6
2021-01-31,region_6,0.869,0.219,0.6,59.0,42.6,0,1,31,0,3.9,47.699999999999996
2021-02-01,region_6,0.869,0.219,0.4,57.9,42.2,0,2,32,0,1.5,15.700000000000001
2021-02-02,region_6,0.869,0.219,0.1,55.3,42.4,0,2,33,0,1.1,14.8
2021-02-03,region_6,0.869,0.219,0.8,50.1,40.3,0,2,34,0,1.3,5.3
2021-02-04,region_6,0.869,0.219,0.1,48.9,40.2,0,2,35,0,1.0,5.300000000000001
2021-02-05,region_6,0.869,0.219,0.1,46.3,37.7,0,2,36,0,1.0,2.6
2021-02-06,region_6,0.869,0.219,23.6,43.8,37.9,0,2,37,0,23.8,25.700000000000003
2021-02-07,region_6,0.869,0.219,0.2,57.8,42.0,0,2,38,0,23.9,25.3
2021-02-08,region_6,0.869,0.219,0.2,56.7,39.0,0,2,39,0,24.0,25.1
2021-02-09,region_6,0.869,0.219,0.1,53.9,40.1,0,2,40,0,0.5,25.1
2021-02-10,region_6,0.869,0.219,0.2,50.1,39.1,0,2,41,0,0.5,24.500000000000004
2021-02-11,region_6,0.869,0.219,0.5,51.5,38.0,0,2,42,0,0.8,24.900000000000002
2021-02-12,region_6,0.869,0.219,0.2,47.2,38.8,0,2,43,0,0.9000000000000001,25.0
2021-02-13,region_6,0.869,0.219,0.7,46.0,34.9,0,2,44,0,1.4,2.1
2021-02-14,region_6,0.869,0.219,0.8,41.1,35.0,0,2,45,0,1.7000000000000002,2.7
2021-02-15,region_6,0.869,0.219,8.6,40.6,34.8,0,2,46,0,10.1,11.1
2021-02-16,region_6,0.869,0.219,0.5,43.0,33.3,0,2,47,0,9.9,11.5
2021-02-17,region_6,0.869,0.219,1.0,42.4,33.4,0,2,48,0,10.1,12.299999999999999
2021-02-18,region_6,0.869,0.219,11.7,44.3,33.4,0,2,49,0,13.2,23.5
2021-02-19,region_6,0.869,0.219,1.5,51.2,34.8,0,2,50,0,14.2,24.799999999999997
2021-02-20,region_6,0.869,0.219,0.1,46.0,32.7,0,2,51,0,13.299999999999999,24.2
2021-02-21,region_6,0.869,0.219,1.0,45.1,31.7,0,2,52,0,2.6,24.4
2021-02-22,region_6,0.869,0.219,0.1,44.0,31.2,0,2,53,0,1.2000000000000002,15.899999999999999
2021-02-23,region_6,0.869,0.219,1.0,41.8,31.7,0,2,54,0,2.1,16.4
2021-02-24,region_6,0.869,0.219,0.4,40.1,32.8,0,2,55,0,1.5,15.799999999999999
2021-02-25,region_6,0.869,0.219,0.2,38.2,29.3,0,2,56,0,1.6,4.3
2021-02-26,region_6,0.869,0.219,1.3,38.1,28.8,0,2,57,0,1.9000000000000001,4.1000000000000005
2021-02-27,region_6,0.869,0.219,16.0,36.5,28.7,0,2,58,0,17.5,20.0
2021-02-28,region_6,0.869,0.219,2.0,45.0,30.5,0,2,59,0,19.3,21.0
2021-03-01,region_6,0.869,0.219,33.0,47.7,28.1,0,3,60,0,51.0,53.9
2021-03-02,region_6,0.869,0.219,0.8,68.7,33.2,0,3,61,0,35.8,53.699999999999996
2021-03-03,region_6,0.869,0.219,1.7,67.4,33.5,0,3,62,0,35.5,55.0
2021-03-04,region_6,0.869,0.219,0.2,64.2,31.6,0,3,63,0,2.7,55.0
2021-03-05,region_6,0.869,0.219,0.7,62.6,29.3,0,3,64,0,2.5999999999999996,54.4
2021-03-06,region_6,0.869,0.219,55.1,56.0,30.0,0,3,65,0,56.0,93.5
2021-03-07,region_6,0.869,0.219,2.1,99.7,41.9,0,3,66,0,57.9,93.6
2021-03-08,region_6,0.869,0.219,0.6,97.3,39.8,0,3,67,0,57.800000000000004,61.2
2021-03-09,region_6,0.869,0.219,0.5,91.9,44.1,0,3,68,0,3.2,60.900000000000006
2021-03-10,region_6,0.869,0.219,0.4,86.5,41.8,0,3,69,0,1.5,59.6
2021-03-11,region_6,0.869,0.219,1.0,82.6,41.6,0,3,70,0,1.9,60.4
2021-03-12,region_6,0.869,0.219,1.2,77.7,41.0,0,3,71,0,2.6,60.9
2021-03-13,region_6,0.869,0.219,0.2,78.6,39.2,0,3,72,0,2.4000000000000004,6.0
2021-03-14,region_6,0.869,0.219,1.2,72.0,38.5,0,3,73,0,2.6,5.1
2021-03-15,region_6,0.869,0.219,1.0,70.5,37.7,0,3,74,0,2.4000000000000004,5.5
2021-03-16,region_6,0.869,0.219,36.8,67.9,36.9,0,3,75,0,39.0,41.8
2021-03-17,region_6,0.869,0.219,0.1,97.1,49.3,0,3,76,0,37.9,41.5
2021-03-18,region_6,0.869,0.219,2.2,93.5,46.6,0,3,77,0,39.099999999999994,42.699999999999996
2021-03-19,region_6,0.869,0.219,0.4,86.6,47.5,0,3,78,0,2.7,41.9
2021-03-20,region_6,0.869,0.219,1.9,85.6,47.1,0,3,79,0,4.5,43.6
2021-03-21,region_6,0.869,0.219,2.7,82.3,47.4,0,3,80,0,5.0,45.099999999999994
2021-03-22,region_6,0.869,0.219,1.7,76.4,45.0,0,3,81,0,6.3,45.8
2021-03-23,region_6,0.869,0.219,0.2,74.8,47.5,0,3,82,0,4.6000000000000005,9.200000000000001
2021-03-24,region_6,0.869,0.219,1.4,73.9,46.3,0,3,83,0,3.3,10.5
2021-03-25,region_6,0.869,0.219,0.0,69.2,45.9,0,3,84,0,1.5999999999999999,8.299999999999999
2021-03-26,region_6,0.869,0.219,0.8,65.8,43.8,0,3,85,0,2.2,8.7
2021-03-27,region_6,0.869,0.219,4.9,65.5,42.2,0,3,86,0,5.700000000000001,11.7
2021-03-28,region_6,0.869,0.219,0.3,64.7,43.4,0,3,87,0,6.000000000000001,9.3
2021-03-29,region_6,0.869,0.219,0.2,63.5,41.5,0,3,88,0,5.400000000000001,7.800000000000001
2021-03-30,region_6,0.869,0.219,2.2,59.7,41.0,0,3,89,0,2.700000000000001,9.8
2021-03-31,region_6,0.869,0.219,0.2,58.3,42.5,0,3,90,0,2.6000000000000014,8.6
2021-04-01,region_6,0.869,0.219,21.9,54.7,40.8,0,4,91,0,24.3,30.5
2021-04-02,region_6,0.869,0.219,0.3,68.6,43.8,0,4,92,0,22.400000000000002,30.0
2021-04-03,region_6,0.869,0.219,12.4,63.9,41.5,0,4,93,0,34.6,37.5
2021-04-04,region_6,0.869,0.219,1.7,73.4,43.9,0,4,94,0,14.400000000000004,38.9
2021-04-05,region_6,0.869,0.219,1.7,68.0,43.8,0,4,95,0,15.800000000000004,40.4
2021-04-06,region_6,0.869,0.219,3.3,66.3,44.4,0,4,96,0,6.700000000000003,41.5
2021-04-07,region_6,0.869,0.219,0.5,65.1,44.4,0,4,97,0,5.5000000000000036,41.800000000000004
2021-04-08,region_6,0.869,0.219,14.8,64.3,43.5,0,4,98,0,18.600000000000005,34.7
2021-04-09,region_6,0.869,0.219,25.2,69.0,42.4,0,4,99,0,40.5,59.6
2021-04-10,region_6,0.869,0.219,1.0,81.5,51.2,0,4,100,0,41.0,48.199999999999996
2021-04-11,region_6,0.869,0.219,16.5,76.9,49.1,0,4,101,0,42.7,63.0
2021-04-12,region_6,0.869,0.219,0.3,87.1,53.5,0,4,102,0,17.800000000000004,61.599999999999994
2021-04-13,region_6,0.869,0.219,3.4,84.0,53.8,0,4,103,0,20.200000000000003,61.7
2021-04-14,region_6,0.869,0.219,0.3,78.3,56.1,0,4,104,0,4.0000000000000036,61.5
2021-04-15,region_6,0.869,0.219,0.0,77.9,53.1,0,4,105,0,3.7000000000000033,46.699999999999996
2021-04-16,region_6,0.869,0.219,2.1,72.1,51.7,0,4,106,0,2.4000000000000035,23.6
2021-04-17,region_6,0.869,0.219,0.7,70.5,50.0,0,4,107,0,2.8000000000000034,23.3
2021-04-18,region_6,0.869,0.219,42.4,68.4,52.3,0,4,108,0,45.2,49.2
2021-04-19,region_6,0.869,0.219,2.8,96.3,62.9,0,4,109,0,45.9,51.699999999999996
2021-04-20,region_6,0.869,0.219,0.5,92.8,63.0,0,4,110,0,45.7,48.79999999999999
2021-04-21,region_6,0.869,0.219,0.9,88.2,61.6,0,4,111,0,4.200000000000007,49.4
2021-04-22,region_6,0.869,0.219,1.5,83.6,62.2,0,4,112,0,2.900000000000007,50.9
2021-04-23,region_6,0.869,0.219,55.0,82.0,60.2,0,4,113,0,57.400000000000006,103.8
2021-04-24,region_6,0.869,0.219,3.9,100.0,79.0,0,4,114,0,60.400000000000006,107.0
2021-04-25,region_6,0.869,0.219,33.7,99.8,81.9,0,4,115,0,92.60000000000001,98.30000000000001
2021-04-26,region_6,0.869,0.219,1.4,100.0,100.0,0,4,116,0,39.00000000000001,96.9
2021-04-27,region_6,0.869,0.219,1.1,94.7,96.7,0,4,117,0,36.20000000000001,97.5
2021-04-28,region_6,0.869,0.219,38.2,92.2,98.2,0,4,118,0,40.70000000000001,134.8
2021-04-29,region_6,0.869,0.219,0.6,100.0,99.2,0,4,119,0,39.90000000000001,133.9
2021-04-30,region_6,0.869,0.219,2.4,95.2,97.8,0,4,120,0,41.20000000000001,81.30000000000001
2021-05-01,region_6,0.869,0.219,0.9,91.2,96.1,0,5,121,0,3.900000000000007,78.3
2021-05-02,region_6,0.869,0.219,3.3,89.6,96.2,0,5,122,0,6.600000000000007,47.900000000000006
2021-05-03,region_6,0.869,0.219,2.6,85.2,95.2,0,5,123,0,6.800000000000006,49.1
2021-05-04,region_6,0.869,0.219,17.6,87.5,95.6,0,5,124,0,23.500000000000007,65.60000000000001
2021-05-05,region_6,0.869,0.219,29.0,93.1,98.8,0,5,125,0,49.2,56.400000000000006
2021-05-06,region_6,0.869,0.219,2.9,100.0,99.7,0,5,126,0,49.50000000000001,58.7
2021-05-07,region_6,0.869,0.219,0.3,96.8,100.0,0,5,127,0,32.20000000000001,56.6
2021-05-08,region_6,0.869,0.219,5.0,89.1,95.8,0,5,128,0,8.200000000000006,60.7
2021-05-09,region_6,0.869,0.219,1.3,91.8,97.6,0,5,129,0,6.600000000000007,58.7
2021-05-10,region_6,0.869,0.219,3.1,87.3,97.5,0,5,130,0,9.400000000000007,59.2
2021-05-11,region_6,0.869,0.219,1.3,83.6,94.8,0,5,131,0,5.700000000000007,42.9
2021-05-12,region_6,0.869,0.219,48.7,81.7,94.3,0,5,132,0,53.10000000000001,62.60000000000001
2021-05-13,region_6,0.869,0.219,1.4,100.0,99.6,0,5,133,0,51.400000000000006,61.10000000000001
2021-05-14,region_6,0.869,0.219,25.8,94.9,98.8,0,5,134,0,75.9,86.60000000000001
2021-05-15,region_6,0.869,0.219,5.3,100.0,99.5,0,5,135,1,32.50000000000001,86.9
2021-05-16,region_6,0.869,0.219,16.8,99.8,99.1,0,5,136,1,47.900000000000006,102.4
2021-05-17,region_6,0.869,0.219,5.7,100.0,98.8,0,5,137,1,27.800000000000008,105.00000000000001
2021-05-18,region_6,0.869,0.219,1.0,99.3,100.0,0,5,138,1,23.500000000000007,104.7
2021-05-19,region_6,0.869,0.219,2.7,94.2,98.2,0,5,139,1,9.400000000000007,58.70000000000001
2021-05-20,region_6,0.869,0.219,3.2,88.5,97.0,0,5,140,1,6.9000000000000075,60.50000000000001
2021-05-21,region_6,0.869,0.219,4.4,88.6,96.9,0,5,141,1,10.300000000000008,39.10000000000001
2021-05-22,region_6,0.869,0.219,1.6,86.8,97.7,0,5,142,1,9.200000000000008,35.400000000000006
2021-05-23,region_6,0.869,0.219,70.8,87.0,95.8,0,5,143,1,76.80000000000001,89.4
2021-05-24,region_6,0.869,0.219,7.1,98.5,98.6,0,5,144,1,79.5,90.8
2021-05-25,region_6,0.869,0.219,35.8,100.0,100.0,0,5,145,1,113.70000000000002,125.6
2021-05-26,region_6,0.869,0.219,45.0,100.0,98.8,0,5,146,1,87.9,167.9
2021-05-27,region_6,0.869,0.219,13.0,98.7,100.0,0,5,147,1,93.80000000000001,177.70000000000002
2021-05-28,region_6,0.869,0.219,1.8,100.0,99.9,0,5,148,1,59.80000000000001,175.1
2021-05-29,region_6,0.869,0.219,13.8,96.6,99.2,0,5,149,1,28.600000000000016,187.3
2021-05-30,region_6,0.869,0.219,5.1,100.0,97.9,0,5,150,1,20.700000000000017,121.60000000000001
2021-05-31,region_6,0.869,0.219,13.2,99.7,100.0,0,5,151,1,32.100000000000016,127.70000000000002
2021-06-01,region_6,0.869,0.219,2.8,100.0,98.7,0,6,152,1,21.100000000000012,94.7
2021-06-02,region_6,0.869,0.219,42.3,98.8,98.6,0,6,153,1,58.30000000000001,92.00000000000001
2021-06-03,region_6,0.869,0.219,74.2,100.0,100.0,1,6,154,1,119.30000000000001,153.20000000000002
2021-06-04,region_6,0.869,0.219,0.1,100.0,100.0,0,6,155,1,116.60000000000001,151.5
2021-06-05,region_6,0.869,0.219,48.1,92.4,98.2,0,6,156,1,122.40000000000002,185.8
2021-06-06,region_6,0.869,0.219,2.9,98.7,99.7,0,6,157,1,51.100000000000016,183.60000000000002
2021-06-07,region_6,0.869,0.219,20.1,98.0,98.5,0,6,158,1,71.10000000000002,190.5
2021-06-08,region_6,0.869,0.219,113.2,100.0,100.0,1,6,159,1,136.20000000000002,300.90000000000003
2021-06-09,region_6,0.869,0.219,65.0,99.9,100.0,1,6,160,1,198.3,323.6
2021-06-10,region_6,0.869,0.219,8.8,99.1,100.0,0,6,161,1,187.00000000000003,258.20000000000005
2021-06-11,region_6,0.869,0.219,5.6,100.0,99.9,0,6,162,1,79.40000000000002,263.7
2021-06-12,region_6,0.869,0.219,70.9,100.0,100.0,0,6,163,1,85.30000000000003,286.5
2021-06-13,region_6,0.869,0.219,2.7,100.0,100.0,0,6,164,1,79.20000000000003,286.30000000000007
2021-06-14,region_6,0.869,0.219,33.8,99.0,99.2,0,6,165,1,107.40000000000002,300.0
2021-06-15,region_6,0.869,0.219,1.3,100.0,98.8,0,6,166,1,37.80000000000001,188.10000000000005
2021-06-16,region_6,0.869,0.219,58.0,94.9,96.7,1,6,167,1,93.10000000000001,181.10000000000002
2021-06-17,region_6,0.869,0.219,82.7,99.5,100.0,1,6,168,1,142.0,255.0
2021-06-18,region_6,0.869,0.219,55.3,97.3,100.0,1,6,169,1,196.0,304.70000000000005
2021-06-19,region_6,0.869,0.219,20.4,96.9,100.0,0,6,170,1,158.4,254.20000000000002
2021-06-20,region_6,0.869,0.219,0.5,100.0,99.2,0,6,171,1,76.20000000000002,252.00000000000003
2021-06-21,region_6,0.869,0.219,2.6,97.8,98.2,0,6,172,1,23.500000000000014,220.8
2021-06-22,region_6,0.869,0.219,1.0,92.3,98.5,0,6,173,1,4.100000000000014,220.5
2021-06-23,region_6,0.869,0.219,7.3,90.0,94.4,0,6,174,1,10.900000000000015,169.8
2021-06-24,region_6,0.869,0.219,0.9,93.5,98.1,0,6,175,1,9.200000000000015,88.00000000000001
2021-06-25,region_6,0.869,0.219,15.3,84.9,95.6,0,6,176,1,23.500000000000014,48.000000000000014
2021-06-26,region_6,0.869,0.219,25.7,88.4,99.7,0,6,177,1,41.90000000000002,53.30000000000001
2021-06-27,region_6,0.869,0.219,30.4,100.0,99.0,0,6,178,1,71.40000000000002,83.20000000000002
2021-06-28,region_6,0.869,0.219,0.5,100.0,100.0,0,6,179,1,56.60000000000001,81.10000000000002
2021-06-29,region_6,0.869,0.219,26.0,97.8,96.7,0,6,180,1,56.90000000000002,106.10000000000002
2021-06-30,region_6,0.869,0.219,9.3,99.9,100.0,0,6,181,1,35.80000000000002,108.10000000000001
2021-07-01,region_6,0.869,0.219,8.7,100.0,100.0,0,7,182,1,44.000000000000014,115.90000000000002
2021-07-02,region_6,0.869,0.219,33.4,97.2,99.8,0,7,183,1,51.40000000000002,134.0
2021-07-03,region_6,0.869,0.219,138.5,99.0,100.0,0,7,184,1,180.60000000000002,246.8
2021-07-04,region_6,0.869,0.219,18.3,100.0,100.0,0,7,185,1,190.20000000000005,234.70000000000002
2021-07-05,region_6,0.869,0.219,30.3,99.9,99.3,0,7,186,1,187.10000000000002,264.5
2021-07-06,region_6,0.869,0.219,4.0,99.5,100.0,0,7,187,1,52.60000000000003,242.5
2021-07-07,region_6,0.869,0.219,65.4,96.9,100.0,1,7,188,1,99.70000000000003,298.6
2021-07-08,region_6,0.869,0.219,35.7,99.0,99.0,0,7,189,1,105.10000000000004,325.6
2021-07-09,region_6,0.869,0.219,55.0,98.3,99.4,0,7,190,1,156.10000000000002,347.20000000000005
2021-07-10,region_6,0.869,0.219,47.5,100.0,98.8,0,7,191,1,138.20000000000005,256.20000000000005
2021-07-11,region_6,0.869,0.219,24.5,99.4,99.6,0,7,192,1,127.00000000000003,262.40000000000003
2021-07-12,region_6,0.869,0.219,2.5,100.0,99.5,0,7,193,1,74.50000000000003,234.60000000000002
2021-07-13,region_6,0.869,0.219,3.1,95.7,99.2,0,7,194,1,30.10000000000003,233.70000000000005
2021-07-14,region_6,0.869,0.219,38.6,94.1,99.3,0,7,195,1,44.20000000000003,206.90000000000003
2021-07-15,region_6,0.869,0.219,79.5,100.0,100.0,0,7,196,1,121.20000000000003,250.70000000000005
2021-07-16,region_6,0.869,0.219,6.9,100.0,100.0,0,7,197,1,125.00000000000004,202.60000000000005
2021-07-17,region_6,0.869,0.219,43.2,98.1,100.0,0,7,198,1,129.60000000000002,198.3
2021-07-18,region_6,0.869,0.219,19.9,98.9,99.2,0,7,199,1,70.00000000000003,193.70000000000002
2021-07-19,region_6,0.869,0.219,1.4,100.0,100.0,0,7,200,1,64.50000000000003,192.60000000000005
2021-07-20,region_6,0.869,0.219,58.7,95.4,99.9,0,7,201,1,80.00000000000003,248.20000000000002
2021-07-21,region_6,0.869,0.219,0.7,100.0,99.1,0,7,202,1,60.80000000000003,210.30000000000004
2021-07-22,region_6,0.869,0.219,9.7,94.8,98.5,0,7,203,1,69.10000000000002,140.50000000000003
2021-07-23,region_6,0.869,0.219,17.0,95.0,99.9,0,7,204,1,27.400000000000027,150.60000000000002
2021-07-24,region_6,0.869,0.219,57.5,98.7,99.6,0,7,205,1,84.20000000000003,164.90000000000003
2021-07-25,region_6,0.869,0.219,85.4,98.5,98.6,1,7,206,1,159.90000000000003,230.40000000000003
2021-07-26,region_6,0.869,0.219,3.0,100.0,99.5,0,7,207,1,145.90000000000003,232.00000000000003
2021-07-27,region_6,0.869,0.219,68.2,95.8,100.0,0,7,208,1,156.60000000000002,241.50000000000006
2021-07-28,region_6,0.869,0.219,3.7,100.0,99.7,0,7,209,1,74.90000000000003,244.50000000000003
2021-07-29,region_6,0.869,0.219,13.4,99.8,99.1,0,7,210,1,85.30000000000004,248.20000000000005
2021-07-30,region_6,0.869,0.219,2.5,100.0,100.0,0,7,211,1,19.60000000000003,233.70000000000005
2021-07-31,region_6,0.869,0.219,2.2,96.3,99.6,0,7,212,1,18.10000000000003,178.40000000000003
2021-08-01,region_6,0.869,0.219,47.1,93.9,98.2,0,8,213,1,51.800000000000026,140.10000000000002
2021-08-02,region_6,0.869,0.219,4.5,97.5,99.8,0,8,214,1,53.80000000000003,141.60000000000002
2021-08-03,region_6,0.869,0.219,4.0,98.5,100.0,0,8,215,1,55.60000000000003,77.40000000000003
2021-08-04,region_6,0.869,0.219,48.0,97.1,98.0,0,8,216,1,56.50000000000003,121.70000000000003
2021-08-05,region_6,0.869,0.219,21.1,100.0,100.0,0,8,217,1,73.10000000000002,129.40000000000003
2021-08-06,region_6,0.869,0.219,84.2,100.0,100.0,1,8,218,1,153.30000000000004,211.10000000000005
2021-08-07,region_6,0.869,0.219,0.5,98.8,100.0,0,8,219,1,105.80000000000004,209.40000000000003
2021-08-08,region_6,0.869,0.219,70.0,94.8,98.7,0,8,220,1,154.70000000000005,232.30000000000004
2021-08-09,region_6,0.869,0.219,16.5,100.0,100.0,0,8,221,1,87.00000000000003,244.30000000000004
2021-08-10,region_6,0.869,0.219,3.5,98.8,99.7,0,8,222,1,90.00000000000003,243.80000000000004
2021-08-11,region_6,0.869,0.219,12.1,95.7,98.2,0,8,223,1,32.10000000000003,207.90000000000003
2021-08-12,region_6,0.869,0.219,179.5,97.6,99.7,0,8,224,1,195.10000000000002,366.30000000000007
2021-08-13,region_6,0.869,0.219,17.3,100.0,98.6,0,8,225,1,208.90000000000003,299.4
2021-08-14,region_6,0.869,0.219,60.1,99.6,100.0,0,8,226,1,256.90000000000003,359.0
2021-08-15,region_6,0.869,0.219,36.4,99.1,100.0,0,8,227,1,113.80000000000004,325.4
2021-08-16,region_6,0.869,0.219,87.6,99.2,99.7,1,8,228,1,184.10000000000002,396.5
2021-08-17,region_6,0.869,0.219,12.0,100.0,99.9,0,8,229,1,136.00000000000003,405.0
2021-08-18,region_6,0.869,0.219,0.2,100.0,100.0,0,8,230,1,99.80000000000003,393.1
2021-08-19,region_6,0.869,0.219,0.6,95.4,98.9,0,8,231,1,12.80000000000003,214.20000000000005
2021-08-20,region_6,0.869,0.219,6.9,94.6,95.9,0,8,232,1,7.700000000000029,203.8
2021-08-21,region_6,0.869,0.219,2.7,90.8,97.1,0,8,233,1,10.200000000000028,146.40000000000003
2021-08-22,region_6,0.869,0.219,77.4,89.7,96.2,0,8,234,1,87.00000000000003,187.40000000000003
2021-08-23,region_6,0.869,0.219,5.8,100.0,100.0,0,8,235,1,85.90000000000002,105.60000000000004
2021-08-24,region_6,0.869,0.219,2.3,98.1,99.4,0,8,236,1,85.50000000000003,95.90000000000003
2021-08-25,region_6,0.869,0.219,49.0,95.5,97.8,0,8,237,1,57.10000000000003,144.70000000000005
2021-08-26,region_6,0.869,0.219,3.0,100.0,100.0,0,8,238,1,54.30000000000003,147.10000000000005
2021-08-27,region_6,0.869,0.219,0.3,95.5,99.0,0,8,239,1,52.300000000000026,140.50000000000003
2021-08-28,region_6,0.869,0.219,27.7,93.1,97.9,0,8,240,1,31.00000000000003,165.50000000000006
2021-08-29,region_6,0.869,0.219,0.7,100.0,100.0,0,8,241,1,28.700000000000028,88.80000000000003
2021-08-30,region_6,0.869,0.219,9.7,94.6,98.2,0,8,242,1,38.10000000000002,92.70000000000003
2021-08-31,region_6,0.869,0.219,1.3,97.8,98.6,0,8,243,1,11.700000000000028,91.70000000000003
2021-09-01,region_6,0.869,0.219,25.7,94.6,97.6,0,9,244,1,36.70000000000003,68.40000000000003
2021-09-02,region_6,0.869,0.219,0.2,100.0,100.0,0,9,245,1,27.200000000000028,65.60000000000002
2021-09-03,region_6,0.869,0.219,20.4,93.4,97.8,0,9,246,1,46.300000000000026,85.70000000000003
2021-09-04,region_6,0.869,0.219,14.1,98.3,99.3,0,9,247,1,34.700000000000024,72.10000000000002
2021-09-05,region_6,0.869,0.219,29.0,100.0,97.4,0,9,248,1,63.50000000000002,100.40000000000002
2021-09-06,region_6,0.869,0.219,3.8,100.0,100.0,0,9,249,1,46.90000000000002,94.50000000000001
2021-09-07,region_6,0.869,0.219,5.3,98.1,100.0,0,9,250,1,38.10000000000003,98.50000000000001
2021-09-08,region_6,0.869,0.219,0.2,97.5,98.4,0,9,251,1,9.300000000000027,73.00000000000001
2021-09-09,region_6,0.869,0.219,5.2,90.7,97.3,0,9,252,1,10.700000000000028,78.00000000000003
2021-09-10,region_6,0.869,0.219,53.2,92.9,97.5,1,9,253,1,58.60000000000003,110.80000000000003
2021-09-11,region_6,0.869,0.219,15.3,97.3,100.0,0,9,254,1,73.70000000000003,112.00000000000003
2021-09-12,region_6,0.869,0.219,0.9,100.0,100.0,0,9,255,1,69.40000000000002,83.90000000000003
2021-09-13,region_6,0.869,0.219,7.5,94.5,98.1,0,9,256,1,23.70000000000003,87.60000000000004
2021-09-14,region_6,0.869,0.219,5.1,96.0,100.0,0,9,257,1,13.500000000000028,87.40000000000003
2021-09-15,region_6,0.869,0.219,3.6,91.2,98.3,0,9,258,1,16.200000000000028,90.80000000000004
2021-09-16,region_6,0.869,0.219,0.7,93.3,100.0,0,9,259,1,9.400000000000029,86.30000000000003
2021-09-17,region_6,0.869,0.219,0.2,86.3,98.6,0,9,260,1,4.500000000000028,33.30000000000003
2021-09-18,region_6,0.869,0.219,0.1,82.3,94.7,0,9,261,1,1.0000000000000284,18.10000000000003
2021-09-19,region_6,0.869,0.219,7.9,79.6,94.8,0,9,262,1,8.20000000000003,25.10000000000003
2021-09-20,region_6,0.869,0.219,7.0,82.7,94.1,0,9,263,1,15.000000000000028,24.60000000000003
2021-09-21,region_6,0.869,0.219,13.6,80.4,94.0,0,9,264,1,28.50000000000003,33.10000000000003
2021-09-22,region_6,0.869,0.219,9.6,84.3,98.8,0,9,265,1,30.20000000000003,39.10000000000002
2021-09-23,region_6,0.869,0.219,10.4,88.9,99.4,0,9,266,0,33.60000000000003,48.80000000000003
2021-09-24,region_6,0.869,0.219,1.5,94.1,99.5,0,9,267,0,21.50000000000003,50.10000000000003
2021-09-25,region_6,0.869,0.219,3.2,87.0,98.4,0,9,268,0,15.10000000000003,53.200000000000024
2021-09-26,region_6,0.869,0.219,9.8,84.7,99.2,0,9,269,0,14.50000000000003,55.10000000000003
2021-09-27,region_6,0.869,0.219,10.3,86.5,99.7,0,9,270,0,23.300000000000033,58.400000000000034
2021-09-28,region_6,0.869,0.219,9.8,91.3,98.7,0,9,271,0,29.900000000000034,54.60000000000003
2021-09-29,region_6,0.869,0.219,6.5,94.2,100.0,0,9,272,0,26.60000000000003,51.50000000000003
2021-09-30,region_6,0.869,0.219,0.0,96.1,99.8,0,9,273,0,16.300000000000033,41.10000000000003
2021-10-01,region_6,0.869,0.219,3.1,90.5,97.7,0,10,274,0,9.60000000000003,42.70000000000003
2021-10-02,region_6,0.869,0.219,3.0,86.9,96.4,0,10,275,0,6.10000000000003,42.500000000000036
2021-10-03,region_6,0.869,0.219,19.1,83.5,95.7,0,10,276,0,25.20000000000003,51.80000000000003
2021-10-04,region_6,0.869,0.219,0.3,94.3,98.9,0,10,277,0,22.40000000000003,41.800000000000026
2021-10-05,region_6,0.869,0.219,1.1,88.9,97.8,0,10,278,0,20.50000000000003,33.10000000000003
2021-10-06,region_6,0.869,0.219,2.4,86.4,97.2,0,10,279,0,3.8000000000000282,29.000000000000032
2021-10-07,region_6,0.869,0.219,15.6,82.9,93.9,0,10,280,0,19.10000000000003,44.60000000000003
2021-10-08,region_6,0.869,0.219,43.7,88.3,99.9,0,10,281,0,61.70000000000003,85.20000000000003
2021-10-09,region_6,0.869,0.219,29.1,100.0,100.0,0,10,282,0,88.40000000000003,111.30000000000004
2021-10-10,region_6,0.869,0.219,1.6,98.8,98.6,0,10,283,0,74.40000000000003,93.80000000000004
2021-10-11,region_6,0.869,0.219,1.1,96.0,99.2,0,10,284,0,31.80000000000003,94.60000000000002
2021-10-12,region_6,0.869,0.219,2.2,93.3,96.9,0,10,285,0,4.900000000000029,95.70000000000003
2021-10-13,region_6,0.869,0.219,3.4,88.8,95.4,0,10,286,0,6.700000000000029,96.70000000000003
2021-10-14,region_6,0.869,0.219,26.7,86.9,94.5,0,10,287,0,32.300000000000026,107.80000000000004
2021-10-15,region_6,0.869,0.219,2.1,100.0,100.0,0,10,288,0,32.20000000000003,66.20000000000003
2021-10-16,region_6,0.869,0.219,24.3,94.0,98.2,0,10,289,0,53.10000000000004,61.400000000000034
2021-10-17,region_6,0.869,0.219,0.1,100.0,100.0,0,10,290,0,26.500000000000032,59.90000000000003
2021-10-18,region_6,0.869,0.219,0.1,97.6,97.4,0,10,291,0,24.50000000000003,58.90000000000003
2021-10-19,region_6,0.869,0.219,93.5,91.1,95.3,0,10,292,0,93.70000000000003,150.20000000000005
2021-10-20,region_6,0.869,0.219,2.4,98.2,99.5,0,10,293,0,96.00000000000004,149.20000000000002
2021-10-21,region_6,0.869,0.219,2.6,99.3,98.1,0,10,294,0,98.50000000000003,125.10000000000004
2021-10-22,region_6,0.869,0.219,0.8,93.1,98.8,0,10,295,0,5.800000000000028,123.80000000000003
2021-10-23,region_6,0.869,0.219,23.1,90.5,97.9,0,10,296,0,26.50000000000003,122.60000000000004
2021-10-24,region_6,0.869,0.219,0.2,98.7,99.1,0,10,297,0,24.100000000000026,122.70000000000003
2021-10-25,region_6,0.869,0.219,3.0,95.2,98.6,0,10,298,0,26.30000000000003,125.60000000000004
2021-10-26,region_6,0.869,0.219,0.5,93.5,98.5,0,10,299,0,3.7000000000000286,32.60000000000003
2021-10-27,region_6,0.869,0.219,2.0,87.0,95.8,0,10,300,0,5.500000000000028,32.20000000000003
2021-10-28,region_6,0.869,0.219,2.1,84.0,94.9,0,10,301,0,4.600000000000028,31.70000000000003
2021-10-29,region_6,0.869,0.219,3.5,81.8,93.5,0,10,302,0,7.600000000000028,34.40000000000003
2021-10-30,region_6,0.869,0.219,6.1,80.4,91.9,0,10,303,0,11.700000000000028,17.400000000000027
2021-10-31,region_6,0.869,0.219,31.4,78.3,91.5,0,10,304,0,41.00000000000003,48.60000000000002
2021-11-01,region_6,0.869,0.219,5.5,99.0,100.0,0,11,305,0,43.00000000000003,51.10000000000002
2021-11-02,region_6,0.869,0.219,4.2,95.5,99.1,0,11,306,0,41.10000000000003,54.800000000000026
2021-11-03,region_6,0.869,0.219,5.2,96.6,99.6,0,11,307,0,14.900000000000029,58.00000000000003
2021-11-04,region_6,0.869,0.219,1.3,97.0,100.0,0,11,308,0,10.70000000000003,57.200000000000024
2021-11-05,region_6,0.869,0.219,0.4,90.9,97.6,0,11,309,0,6.900000000000029,54.10000000000002
2021-11-06,region_6,0.869,0.219,1.1,88.7,97.2,0,11,310,0,2.8000000000000287,49.10000000000002
2021-11-07,region_6,0.869,0.219,0.3,87.5,94.5,0,11,311,0,1.8000000000000287,18.000000000000025
2021-11-08,region_6,0.869,0.219,2.0,79.0,93.1,0,11,312,0,3.4000000000000288,14.500000000000025
2021-11-09,region_6,0.869,0.219,0.5,75.2,92.4,0,11,313,0,2.8000000000000287,10.800000000000026
2021-11-10,region_6,0.869,0.219,0.9,73.6,90.5,0,11,314,0,3.4000000000000288,6.500000000000025
2021-11-11,region_6,0.869,0.219,0.3,71.8,87.9,0,11,315,0,1.7000000000000288,5.500000000000025
2021-11-12,region_6,0.869,0.219,0.4,66.8,85.9,0,11,316,0,1.600000000000029,5.500000000000025
2021-11-13,region_6,0.869,0.219,1.1,64.7,84.5,0,11,317,0,1.8000000000000291,5.500000000000025
2021-11-14,region_6,0.869,0.219,0.6,59.8,83.2,0,11,318,0,2.100000000000029,5.800000000000025
2021-11-15,region_6,0.869,0.219,2.1,60.0,82.7,0,11,319,0,3.800000000000029,5.900000000000025
2021-11-16,region_6,0.869,0.219,1.1,56.7,79.2,0,11,320,0,3.800000000000029,6.500000000000025
2021-11-17,region_6,0.869,0.219,1.7,55.8,78.1,0,11,321,0,4.900000000000029,7.300000000000026
2021-11-18,region_6,0.869,0.219,0.9,53.3,76.6,0,11,322,0,3.700000000000029,7.900000000000024
2021-11-19,region_6,0.869,0.219,1.3,50.6,74.9,0,11,323,0,3.9000000000000288,8.800000000000026
2021-11-20,region_6,0.869,0.219,0.1,51.5,72.4,0,11,324,0,2.3000000000000287,7.800000000000025
2021-11-21,region_6,0.869,0.219,1.2,48.3,74.8,0,11,325,0,2.600000000000029,8.400000000000025
2021-11-22,region_6,0.869,0.219,6.4,43.6,72.5,0,11,326,0,7.7000000000000295,12.700000000000026
2021-11-23,region_6,0.869,0.219,0.9,46.9,69.2,0,11,327,0,8.50000000000003,12.500000000000027
2021-11-24,region_6,0.869,0.219,0.8,45.8,69.0,0,11,328,0,8.10000000000003,11.600000000000025
2021-11-25,region_6,0.869,0.219,0.5,47.8,67.4,0,11,329,0,2.2000000000000295,11.200000000000024
2021-11-26,region_6,0.869,0.219,0.5,44.6,66.1,0,11,330,0,1.8000000000000296,10.400000000000025
2021-11-27,region_6,0.869,0.219,0.3,42.0,66.2,0,11,331,0,1.3000000000000291,10.600000000000026
2021-11-28,region_6,0.869,0.219,19.3,40.1,64.2,0,11,332,0,20.10000000000003,28.700000000000024
2021-11-29,region_6,0.869,0.219,15.4,48.9,62.2,0,11,333,0,35.00000000000003,37.70000000000003
2021-11-30,region_6,0.869,0.219,0.6,61.6,65.9,0,11,334,0,35.30000000000003,37.400000000000034
2021-12-01,region_6,0.869,0.219,4.4,58.3,62.6,0,12,335,0,20.400000000000027,41.00000000000003
2021-12-02,region_6,0.869,0.219,0.1,56.4,62.8,0,12,336,0,5.100000000000028,40.60000000000003
2021-12-03,region_6,0.869,0.219,0.1,54.6,61.1,0,12,337,0,4.600000000000029,40.200000000000024
2021-12-04,region_6,0.869,0.219,1.0,49.8,61.0,0,12,338,0,1.2000000000000284,40.90000000000003
2021-12-05,region_6,0.869,0.219,20.7,49.1,59.0,0,12,339,0,21.80000000000003,42.300000000000026
2021-12-06,region_6,0.869,0.219,21.7,58.9,59.9,0,12,340,0,43.40000000000003,48.60000000000002
2021-12-07,region_6,0.869,0.219,11.7,74.3,65.2,0,12,341,0,54.10000000000002,59.700000000000024
2021-12-08,region_6,0.869,0.219,1.0,77.4,67.6,0,12,342,0,34.40000000000002,56.300000000000026
2021-12-09,region_6,0.869,0.219,1.9,76.9,65.3,0,12,343,0,14.600000000000028,58.10000000000002
2021-12-10,region_6,0.869,0.219,0.0,75.2,64.8,0,12,344,0,2.9000000000000283,58.00000000000002
2021-12-11,region_6,0.869,0.219,1.2,68.8,64.4,0,12,345,0,3.100000000000028,58.200000000000024
2021-12-12,region_6,0.869,0.219,0.6,67.2,63.1,0,12,346,0,1.8000000000000282,38.10000000000003
2021-12-13,region_6,0.869,0.219,1.3,64.7,59.8,0,12,347,0,3.1000000000000285,17.700000000000024
2021-12-14,region_6,0.869,0.219,0.7,63.8,61.3,0,12,348,0,2.6000000000000285,6.700000000000025
2021-12-15,region_6,0.869,0.219,1.7,57.6,58.3,0,12,349,0,3.7000000000000286,7.400000000000025
2021-12-16,region_6,0.869,0.219,10.5,59.9,57.8,0,12,350,0,12.900000000000029,16.000000000000025
2021-12-17,region_6,0.869,0.219,0.2,65.8,58.2,0,12,351,0,12.400000000000029,16.200000000000024
2021-12-18,region_6,0.869,0.219,0.0,59.8,57.7,0,12,352,0,10.700000000000028,15.000000000000025
2021-12-19,region_6,0.869,0.219,0.3,58.5,58.0,0,12,353,0,0.5000000000000284,14.700000000000026
2021-12-20,region_6,0.869,0.219,0.2,53.8,54.6,0,12,354,0,0.5000000000000284,13.600000000000025
2021-12-21,region_6,0.869,0.219,0.4,52.2,54.4,0,12,355,0,0.9000000000000284,13.300000000000026
2021-12-22,region_6,0.869,0.219,0.5,50.2,52.3,0,12,356,0,1.1000000000000285,12.100000000000025
2021-12-23,region_6,0.869,0.219,0.7,50.2,52.0,0,12,357,0,1.6000000000000285,2.3000000000000247
2021-12-24,region_6,0.869,0.219,0.8,46.6,50.3,0,12,358,0,2.0000000000000284,2.900000000000025
2021-12-25,region_6,0.869,0.219,0.9,42.7,49.8,0,12,359,0,2.4000000000000288,3.8000000000000247
2021-12-26,region_6,0.869,0.219,0.0,44.7,48.4,0,12,360,0,1.7000000000000284,3.500000000000025
2021-12-27,region_6,0.869,0.219,1.5,40.8,48.1,0,12,361,0,2.4000000000000283,4.800000000000025
2021-12-28,region_6,0.869,0.219,0.9,38.6,46.8,0,12,362,0,2.4000000000000283,5.300000000000026
2021-12-29,region_6,0.869,0.219,31.0,37.5,46.4,0,12,363,0,33.40000000000003,35.800000000000026
2021-12-30,region_6,0.869,0.219,3.5,62.1,48.6,0,12,364,0,35.40000000000003,38.60000000000002
2021-12-31,region_6,0.869,0.219,0.1,60.0,49.3,0,12,365,0,34.60000000000003,37.90000000000003
2022-01-01,region_6,0.869,0.219,0.5,57.9,45.2,0,1,1,0,4.100000000000028,37.50000000000003
2022-01-02,region_6,0.869,0.219,28.4,54.5,46.9,0,1,2,0,29.00000000000003,65.90000000000003
2022-01-03,region_6,0.869,0.219,0.8,76.7,50.5,0,1,3,0,29.700000000000028,65.20000000000003
2022-01-04,region_6,0.869,0.219,0.1,71.3,48.8,0,1,4,0,29.300000000000026,64.40000000000002
2022-01-05,region_6,0.869,0.219,0.6,69.6,49.6,0,1,5,0,1.5000000000000284,34.00000000000002
2022-01-06,region_6,0.869,0.219,6.2,69.1,49.5,0,1,6,0,6.900000000000029,36.700000000000024
2022-01-07,region_6,0.869,0.219,2.0,69.0,47.7,0,1,7,0,8.80000000000003,38.60000000000002
2022-01-08,region_6,0.869,0.219,0.8,64.7,49.6,0,1,8,0,9.00000000000003,38.90000000000003
2022-01-09,region_6,0.869,0.219,0.0,62.6,48.0,0,1,9,0,2.8000000000000282,10.500000000000025
2022-01-10,region_6,0.869,0.219,1.4,55.5,45.4,0,1,10,0,2.2000000000000286,11.100000000000025
2022-01-11,region_6,0.869,0.219,0.5,57.6,46.2,0,1,11,0,1.9000000000000283,11.500000000000025
2022-01-12,region_6,0.869,0.219,13.7,54.9,44.4,0,1,12,0,15.600000000000028,24.600000000000023
2022-01-13,region_6,0.869,0.219,0.2,64.5,44.7,0,1,13,0,14.400000000000027,18.600000000000026
2022-01-14,region_6,0.869,0.219,123.9,61.5,45.5,0,1,14,0,137.80000000000004,140.50000000000003
2022-01-15,region_6,0.869,0.219,0.3,98.2,65.5,0,1,15,0,124.40000000000003,140.00000000000003
2022-01-16,region_6,0.869,0.219,24.3,95.9,65.0,0,1,16,0,148.50000000000003,164.3
2022-01-17,region_6,0.869,0.219,0.2,99.8,80.8,0,1,17,0,24.80000000000003,163.10000000000005
2022-01-18,region_6,0.869,0.219,0.1,93.1,78.3,0,1,18,0,24.60000000000003,162.70000000000005
2022-01-19,region_6,0.869,0.219,0.9,90.3,77.2,0,1,19,0,1.2000000000000286,149.90000000000003
2022-01-20,region_6,0.869,0.219,12.0,87.0,76.7,0,1,20,0,13.000000000000028,161.70000000000005
2022-01-21,region_6,0.869,0.219,9.4,91.3,79.0,0,1,21,0,22.30000000000003,47.20000000000003
2022-01-22,region_6,0.869,0.219,5.2,92.2,80.1,0,1,22,0,26.600000000000026,52.10000000000003
2022-01-23,region_6,0.869,0.219,0.6,91.1,82.2,0,1,23,0,15.20000000000003,28.400000000000027
2022-01-24,region_6,0.869,0.219,0.0,88.3,80.7,0,1,24,0,5.800000000000028,28.200000000000028
2022-01-25,region_6,0.869,0.219,18.3,79.1,77.8,0,1,25,0,18.900000000000027,46.40000000000003
2022-01-26,region_6,0.869,0.219,0.4,89.4,84.8,0,1,26,0,18.700000000000028,45.90000000000003
2022-01-27,region_6,0.869,0.219,0.4,82.8,80.3,0,1,27,0,19.10000000000003,34.300000000000026
2022-01-28,region_6,0.869,0.219,1.3,81.7,80.2,0,1,28,0,2.1000000000000285,26.20000000000003
2022-01-29,region_6,0.869,0.219,2.2,77.6,78.6,0,1,29,0,3.9000000000000288,23.200000000000028
2022-01-30,region_6,0.869,0.219,1.2,74.2,78.0,0,1,30,0,4.700000000000029,23.80000000000003
2022-01-31,region_6,0.869,0.219,0.1,72.7,77.7,0,1,31,0,3.5000000000000284,23.90000000000003
2022-02-01,region_6,0.869,0.219,1.2,72.2,75.6,0,2,32,0,2.5000000000000284,6.800000000000029
2022-02-02,region_6,0.869,0.219,0.8,68.5,73.8,0,2,33,0,2.1000000000000285,7.200000000000029
2022-02-03,region_6,0.869,0.219,0.9,65.8,73.5,0,2,34,0,2.9000000000000283,7.700000000000029
2022-02-04,region_6,0.869,0.219,0.6,62.8,72.7,0,2,35,0,2.3000000000000282,7.000000000000029
2022-02-05,region_6,0.869,0.219,0.0,57.3,68.9,0,2,36,0,1.5000000000000284,4.800000000000029
2022-02-06,region_6,0.869,0.219,0.2,53.3,68.7,0,2,37,0,0.8000000000000285,3.8000000000000287
2022-02-07,region_6,0.869,0.219,0.6,51.0,66.9,0,2,38,0,0.8000000000000284,4.300000000000029
2022-02-08,region_6,0.869,0.219,0.0,50.6,64.5,0,2,39,0,0.8000000000000284,3.1000000000000285
2022-02-09,region_6,0.869,0.219,34.1,48.4,65.2,0,2,40,0,34.70000000000003,36.40000000000003
2022-02-10,region_6,0.869,0.219,0.1,71.1,67.3,0,2,41,0,34.20000000000003,35.60000000000003
2022-02-11,region_6,0.869,0.219,0.3,67.8,64.5,0,2,42,0,34.50000000000003,35.300000000000026
2022-02-12,region_6,0.869,0.219,0.3,65.5,65.4,0,2,43,0,0.7000000000000284,35.60000000000003
2022-02-13,region_6,0.869,0.219,0.4,62.5,64.4,0,2,44,0,1.0000000000000284,35.800000000000026
2022-02-14,region_6,0.869,0.219,1.5,58.9,60.7,0,2,45,0,2.2000000000000286,36.70000000000003
2022-02-15,region_6,0.869,0.219,2.4,56.5,62.1,0,2,46,0,4.300000000000028,39.10000000000003
2022-02-16,region_6,0.869,0.219,1.0,56.7,59.2,0,2,47,0,4.900000000000029,6.000000000000028
2022-02-17,region_6,0.869,0.219,2.7,52.8,56.8,0,2,48,0,6.100000000000028,8.60000000000003
2022-02-18,region_6,0.869,0.219,0.7,51.2,56.8,0,2,49,0,4.400000000000029,9.000000000000028
2022-02-19,region_6,0.869,0.219,0.0,49.0,55.8,0,2,50,0,3.4000000000000288,8.70000000000003
2022-02-20,region_6,0.869,0.219,2.3,48.7,54.2,0,2,51,0,3.0000000000000284,10.60000000000003
2022-02-21,region_6,0.869,0.219,0.9,48.4,53.3,0,2,52,0,3.200000000000028,10.000000000000028
2022-02-22,region_6,0.869,0.219,7.0,46.1,52.8,0,2,53,0,10.200000000000028,14.60000000000003
2022-02-23,region_6,0.869,0.219,0.8,45.7,52.9,0,2,54,0,8.70000000000003,14.400000000000029
2022-02-24,region_6,0.869,0.219,0.0,48.4,50.5,0,2,55,0,7.800000000000028,11.700000000000028
2022-02-25,region_6,0.869,0.219,0.8,42.5,50.2,0,2,56,0,1.6000000000000285,11.80000000000003
2022-02-26,region_6,0.869,0.219,0.5,40.5,50.4,0,2,57,0,1.3000000000000285,12.30000000000003
2022-02-27,region_6,0.869,0.219,0.6,43.1,48.5,0,2,58,0,1.9000000000000283,10.600000000000028
2022-02-28,region_6,0.869,0.219,0.1,39.3,47.2,0,2,59,0,1.2000000000000284,9.80000000000003
2022-03-01,region_6,0.869,0.219,1.7,38.3,45.3,0,3,60,0,2.4000000000000283,4.500000000000028
2022-03-02,region_6,0.869,0.219,1.2,38.4,45.0,0,3,61,0,3.0000000000000284,4.900000000000029
2022-03-03,region_6,0.869,0.219,0.3,34.0,47.2,0,3,62,0,3.200000000000028,5.200000000000029
2022-03-04,region_6,0.869,0.219,0.1,35.2,45.4,0,3,63,0,1.6000000000000283,4.500000000000028
2022-03-05,region_6,0.869,0.219,0.2,34.0,43.2,0,3,64,0,0.6000000000000284,4.200000000000029
2022-03-06,region_6,0.869,0.219,0.2,32.2,40.9,0,3,65,0,0.5000000000000284,3.8000000000000282
2022-03-07,region_6,0.869,0.219,1.1,29.1,40.7,0,3,66,0,1.5000000000000284,4.800000000000028
2022-03-08,region_6,0.869,0.219,0.7,28.7,40.9,0,3,67,0,2.0000000000000284,3.8000000000000282
2022-03-09,region_6,0.869,0.219,0.6,27.8,40.0,0,3,68,0,2.4000000000000283,3.200000000000028
2022-03-10,region_6,0.869,0.219,0.6,29.6,38.9,0,3,69,0,1.900000000000028,3.5000000000000284
2022-03-11,region_6,0.869,0.219,0.1,25.8,38.9,0,3,70,0,1.3000000000000282,3.5000000000000284
2022-03-12,region_6,0.869,0.219,0.5,25.1,36.0,0,3,71,0,1.2000000000000282,3.8000000000000287
2022-03-13,region_6,0.869,0.219,0.2,21.2,37.0,0,3,72,0,0.8000000000000282,3.8000000000000282
2022-03-14,region_6,0.869,0.219,0.4,23.2,35.6,0,3,73,0,1.1000000000000283,3.1000000000000285
2022-03-15,region_6,0.869,0.219,0.3,22.9,35.5,0,3,74,0,0.9000000000000282,2.7000000000000286
2022-03-16,region_6,0.869,0.219,0.0,18.6,33.5,0,3,75,0,0.7000000000000282,2.1000000000000285
2022-03-17,region_6,0.869,0.219,0.1,22.0,34.1,0,3,76,0,0.4000000000000282,1.6000000000000285
2022-03-18,region_6,0.869,0.219,0.4,21.8,33.3,0,3,77,0,0.5000000000000282,1.9000000000000283
2022-03-19,region_6,0.869,0.219,0.6,19.4,31.3,0,3,78,0,1.1000000000000283,2.0000000000000284
2022-03-20,region_6,0.869,0.219,0.7,18.2,31.5,0,3,79,0,1.7000000000000282,2.5000000000000284
2022-03-21,region_6,0.869,0.219,0.6,17.6,30.8,0,3,80,0,1.9000000000000283,2.7000000000000286
2022-03-22,region_6,0.869,0.219,17.8,15.9,30.8,0,3,81,0,19.10000000000003,20.20000000000003
2022-03-23,region_6,0.869,0.219,1.7,29.0,28.9,0,3,82,0,20.10000000000003,21.900000000000027
2022-03-24,region_6,0.869,0.219,0.8,30.0,29.3,0,3,83,0,20.30000000000003,22.600000000000026
2022-03-25,region_6,0.869,0.219,1.3,27.7,29.2,0,3,84,0,3.8000000000000282,23.50000000000003
2022-03-26,region_6,0.869,0.219,1.0,26.2,28.3,0,3,85,0,3.100000000000028,23.900000000000027
2022-03-27,region_6,0.869,0.219,3.0,27.2,27.2,0,3,86,0,5.300000000000028,26.200000000000028
2022-03-28,region_6,0.869,0.219,0.3,28.0,27.5,0,3,87,0,4.300000000000028,25.90000000000003
2022-03-29,region_6,0.869,0.219,0.2,23.6,25.4,0,3,88,0,3.5000000000000284,8.30000000000003
2022-03-30,region_6,0.869,0.219,0.3,26.1,25.0,0,3,89,0,0.8000000000000285,6.900000000000028
2022-03-31,region_6,0.869,0.219,21.6,22.4,25.4,0,3,90,0,22.10000000000003,27.70000000000003
2022-04-01,region_6,0.869,0.219,23.2,38.8,26.4,0,4,91,0,45.10000000000003,49.60000000000003
2022-04-02,region_6,0.869,0.219,2.8,56.4,27.1,0,4,92,0,47.60000000000003,51.40000000000003
2022-04-03,region_6,0.869,0.219,0.2,53.3,27.0,0,4,93,0,26.200000000000028,48.60000000000003
2022-04-04,region_6,0.869,0.219,0.4,49.0,27.0,0,4,94,0,3.4000000000000283,48.70000000000003
2022-04-05,region_6,0.869,0.219,1.4,46.8,26.5,0,4,95,0,2.0000000000000284,49.90000000000003
2022-04-06,region_6,0.869,0.219,0.7,47.5,26.4,0,4,96,0,2.5000000000000284,50.30000000000003
2022-04-07,region_6,0.869,0.219,1.9,42.9,25.3,0,4,97,0,4.000000000000028,30.600000000000026
2022-04-08,region_6,0.869,0.219,0.5,45.3,23.6,0,4,98,0,3.100000000000028,7.900000000000028
2022-04-09,region_6,0.869,0.219,23.2,44.0,25.3,0,4,99,0,25.600000000000026,28.300000000000026
2022-04-10,region_6,0.869,0.219,4.2,59.0,26.8,0,4,100,0,27.900000000000027,32.30000000000003
2022-04-11,region_6,0.869,0.219,0.1,58.3,27.1,0,4,101,0,27.50000000000003,32.00000000000003
2022-04-12,region_6,0.869,0.219,1.2,55.4,26.0,0,4,102,0,5.500000000000028,31.80000000000003
2022-04-13,region_6,0.869,0.219,0.1,52.9,26.8,0,4,103,0,1.4000000000000286,31.20000000000003
2022-04-14,region_6,0.869,0.219,3.8,53.1,24.7,0,4,104,0,5.100000000000028,33.10000000000003
2022-04-15,region_6,0.869,0.219,0.3,53.0,25.7,0,4,105,0,4.200000000000028,32.90000000000003
2022-04-16,region_6,0.869,0.219,0.4,50.3,23.5,0,4,106,0,4.500000000000028,10.100000000000028
2022-04-17,region_6,0.869,0.219,1.4,46.5,25.9,0,4,107,0,2.100000000000028,7.300000000000028
2022-04-18,region_6,0.869,0.219,1.0,47.1,21.7,0,4,108,0,2.8000000000000282,8.200000000000028
2022-04-19,region_6,0.869,0.219,0.5,44.4,23.1,0,4,109,0,2.9000000000000283,7.500000000000028
2022-04-20,region_6,0.869,0.219,1.3,44.4,21.6,0,4,110,0,2.8000000000000282,8.700000000000028
2022-04-21,region_6,0.869,0.219,0.5,42.2,22.1,0,4,111,0,2.3000000000000282,5.400000000000029
2022-04-22,region_6,0.869,0.219,2.3,39.2,21.2,0,4,112,0,4.100000000000028,7.400000000000028
2022-04-23,region_6,0.869,0.219,0.4,38.2,21.3,0,4,113,0,3.200000000000028,7.400000000000029
2022-04-24,region_6,0.869,0.219,63.8,38.8,21.9,0,4,114,0,66.50000000000003,69.80000000000003
2022-04-25,region_6,0.869,0.219,17.9,85.6,25.0,0,4,115,0,82.10000000000002,86.70000000000002
2022-04-26,region_6,0.869,0.219,23.4,97.7,30.5,0,4,116,0,105.10000000000002,109.60000000000002
2022-04-27,region_6,0.869,0.219,2.6,99.0,46.7,0,4,117,0,43.90000000000003,110.90000000000002
2022-04-28,region_6,0.869,0.219,0.5,96.4,47.5,0,4,118,0,26.50000000000003,110.90000000000002
2022-04-29,region_6,0.869,0.219,8.3,92.6,46.5,0,4,119,0,11.400000000000029,116.90000000000003
2022-04-30,region_6,0.869,0.219,23.4,94.2,49.0,0,4,120,0,32.20000000000003,139.90000000000003
2022-05-01,region_6,0.869,0.219,53.3,100.0,60.0,0,5,121,0,85.00000000000003,129.40000000000003
2022-05-02,region_6,0.869,0.219,8.8,98.4,99.6,0,5,122,0,85.50000000000003,120.30000000000001
2022-05-03,region_6,0.869,0.219,3.5,97.8,100.0,0,5,123,0,65.60000000000002,100.40000000000002
2022-05-04,region_6,0.869,0.219,0.6,98.8,100.0,0,5,124,0,12.900000000000029,98.40000000000003
2022-05-05,region_6,0.869,0.219,1.4,93.9,97.9,0,5,125,0,5.500000000000028,99.30000000000003
2022-05-06,region_6,0.869,0.219,9.4,90.2,94.6,0,5,126,0,11.400000000000029,100.40000000000002
2022-05-07,region_6,0.869,0.219,12.7,92.7,99.2,0,5,127,0,23.50000000000003,89.70000000000003
2022-05-08,region_6,0.869,0.219,2.8,97.1,98.4,0,5,128,0,24.90000000000003,39.20000000000003
2022-05-09,region_6,0.869,0.219,0.8,92.9,99.8,0,5,129,0,16.30000000000003,31.200000000000028
2022-05-10,region_6,0.869,0.219,0.1,88.9,98.6,0,5,130,0,3.700000000000028,27.80000000000003
2022-05-11,region_6,0.869,0.219,0.5,82.5,96.8,0,5,131,0,1.4000000000000283,27.700000000000028
2022-05-12,region_6,0.869,0.219,6.3,80.5,93.2,0,5,132,0,6.900000000000028,32.60000000000003
2022-05-13,region_6,0.869,0.219,2.2,82.4,93.6,0,5,133,0,9.000000000000028,25.40000000000003
2022-05-14,region_6,0.869,0.219,2.0,76.9,91.4,0,5,134,0,10.500000000000028,14.700000000000028
2022-05-15,region_6,0.869,0.219,1.7,77.0,91.1,0,5,135,1,5.900000000000029,13.600000000000028
2022-05-16,region_6,0.869,0.219,27.1,71.4,89.9,0,5,136,1,30.80000000000003,39.900000000000034
2022-05-17,region_6,0.869,0.219,30.4,92.0,94.1,0,5,137,1,59.20000000000003,70.20000000000003
2022-05-18,region_6,0.869,0.219,1.2,99.7,99.6,0,5,138,1,58.700000000000024,70.90000000000003
2022-05-19,region_6,0.869,0.219,3.5,94.5,98.8,0,5,139,1,35.10000000000003,68.10000000000004
2022-05-20,region_6,0.869,0.219,2.7,93.3,98.1,0,5,140,1,7.400000000000029,68.60000000000002
2022-05-21,region_6,0.869,0.219,0.3,87.5,96.6,0,5,141,1,6.500000000000028,66.90000000000003
2022-05-22,region_6,0.869,0.219,33.6,86.2,93.3,0,5,142,1,36.60000000000003,98.80000000000003
2022-05-23,region_6,0.869,0.219,1.2,100.0,100.0,0,5,143,1,35.10000000000003,72.90000000000003
2022-05-24,region_6,0.869,0.219,5.0,96.4,98.3,0,5,144,1,39.80000000000003,47.50000000000003
2022-05-25,region_6,0.869,0.219,27.5,94.1,97.6,0,5,145,1,33.70000000000003,73.80000000000003
2022-05-26,region_6,0.869,0.219,3.0,99.5,98.6,0,5,146,1,35.50000000000003,73.30000000000003
2022-05-27,region_6,0.869,0.219,13.5,97.0,99.5,0,5,147,1,44.00000000000003,84.10000000000002
2022-05-28,region_6,0.869,0.219,6.4,98.4,99.9,0,5,148,1,22.900000000000027,90.20000000000003
2022-05-29,region_6,0.869,0.219,36.1,100.0,100.0,0,5,149,1,56.00000000000003,92.70000000000003
2022-05-30,region_6,0.869,0.219,11.7,99.4,100.0,0,5,150,1,54.20000000000003,103.20000000000003
2022-05-31,region_6,0.869,0.219,0.4,98.4,99.1,0,5,151,1,48.20000000000003,98.60000000000002
2022-06-01,region_6,0.869,0.219,4.1,97.0,98.2,0,6,152,1,16.200000000000028,75.20000000000003
2022-06-02,region_6,0.869,0.219,0.0,93.4,98.8,0,6,153,1,4.500000000000028,72.20000000000003
2022-06-03,region_6,0.869,0.219,4.9,89.7,94.2,0,6,154,1,9.000000000000028,63.60000000000003
2022-06-04,region_6,0.869,0.219,17.2,87.2,96.9,0,6,155,1,22.10000000000003,74.40000000000003
2022-06-05,region_6,0.869,0.219,5.5,98.8,99.9,0,6,156,1,27.600000000000026,43.800000000000026
2022-06-06,region_6,0.869,0.219,2.8,96.0,99.9,0,6,157,1,25.500000000000025,34.90000000000002
2022-06-07,region_6,0.869,0.219,18.1,94.4,99.2,0,6,158,1,26.40000000000003,52.60000000000002
2022-06-08,region_6,0.869,0.219,1.4,100.0,99.5,0,6,159,1,22.30000000000003,49.900000000000034
2022-06-09,region_6,0.869,0.219,4.4,94.5,97.4,0,6,160,1,23.90000000000003,54.30000000000003
2022-06-10,region_6,0.869,0.219,2.4,92.4,99.5,0,6,161,1,8.20000000000003,51.800000000000026
2022-06-11,region_6,0.869,0.219,2.7,89.5,98.9,0,6,162,1,9.500000000000028,37.30000000000003
2022-06-12,region_6,0.869,0.219,0.9,89.0,99.1,0,6,163,1,6.000000000000028,32.70000000000003
2022-06-13,region_6,0.869,0.219,14.8,84.5,95.8,0,6,164,1,18.40000000000003,44.70000000000003
2022-06-14,region_6,0.869,0.219,0.5,91.0,99.1,0,6,165,1,16.20000000000003,27.10000000000003
2022-06-15,region_6,0.869,0.219,60.4,86.8,98.4,0,6,166,1,75.70000000000003,86.10000000000002
2022-06-16,region_6,0.869,0.219,112.4,100.0,100.0,0,6,167,1,173.30000000000004,194.10000000000002
2022-06-17,region_6,0.869,0.219,1.5,99.1,100.0,0,6,168,1,174.30000000000004,193.20000000000002
2022-06-18,region_6,0.869,0.219,34.1,98.4,97.2,0,6,169,1,148.00000000000003,224.60000000000002
2022-06-19,region_6,0.869,0.219,18.0,97.9,100.0,0,6,170,1,53.60000000000003,241.70000000000002
2022-06-20,region_6,0.869,0.219,12.0,100.0,99.9,0,6,171,1,64.10000000000002,238.90000000000003
2022-06-21,region_6,0.869,0.219,1.3,99.0,99.1,0,6,172,1,31.30000000000003,239.70000000000005
2022-06-22,region_6,0.869,0.219,23.2,97.1,97.8,0,6,173,1,36.50000000000003,202.50000000000003
2022-06-23,region_6,0.869,0.219,2.7,98.6,99.6,0,6,174,1,27.200000000000028,92.80000000000003
2022-06-24,region_6,0.869,0.219,2.9,96.0,99.5,0,6,175,1,28.80000000000003,94.20000000000003
2022-06-25,region_6,0.869,0.219,9.5,92.8,97.3,0,6,176,1,15.100000000000028,69.60000000000002
2022-06-26,region_6,0.869,0.219,5.1,96.8,100.0,0,6,177,1,17.50000000000003,56.70000000000003
2022-06-27,region_6,0.869,0.219,5.1,96.8,100.0,0,6,178,1,19.700000000000028,49.800000000000026
2022-06-28,region_6,0.869,0.219,4.0,94.9,100.0,0,6,179,1,14.200000000000028,52.50000000000003
2022-06-29,region_6,0.869,0.219,9.5,95.5,100.0,0,6,180,1,18.60000000000003,38.800000000000026
2022-06-30,region_6,0.869,0.219,61.7,95.0,99.3,0,6,181,1,75.20000000000003,97.80000000000003
2022-07-01,region_6,0.869,0.219,3.6,98.8,100.0,0,7,182,1,74.80000000000003,98.50000000000003
2022-07-02,region_6,0.869,0.219,66.4,99.1,100.0,0,7,183,1,131.70000000000005,155.40000000000003
2022-07-03,region_6,0.869,0.219,10.7,100.0,99.7,0,7,184,1,80.70000000000003,161.00000000000003
2022-07-04,region_6,0.869,0.219,17.2,97.5,100.0,0,7,185,1,94.30000000000004,173.10000000000002
2022-07-05,region_6,0.869,0.219,13.3,100.0,100.0,0,7,186,1,41.20000000000003,182.4
2022-07-06,region_6,0.869,0.219,4.0,99.6,100.0,0,7,187,1,34.50000000000003,176.9
2022-07-07,region_6,0.869,0.219,2.8,97.7,99.2,0,7,188,1,20.10000000000003,118.00000000000003
2022-07-08,region_6,0.869,0.219,9.5,94.8,99.6,0,7,189,1,16.30000000000003,123.90000000000003
2022-07-09,region_6,0.869,0.219,2.7,97.1,100.0,0,7,190,1,15.000000000000028,60.20000000000003
2022-07-10,region_6,0.869,0.219,3.8,90.8,99.2,0,7,191,1,16.00000000000003,53.300000000000026
2022-07-11,region_6,0.869,0.219,1.8,92.4,99.1,0,7,192,1,8.30000000000003,37.90000000000003
2022-07-12,region_6,0.869,0.219,12.1,88.3,97.9,0,7,193,1,17.700000000000028,36.70000000000003
2022-07-13,region_6,0.869,0.219,2.2,92.8,99.9,0,7,194,1,16.10000000000003,34.90000000000003
2022-07-14,region_6,0.869,0.219,42.8,91.7,99.0,0,7,195,1,57.10000000000003,74.90000000000003
2022-07-15,region_6,0.869,0.219,14.9,99.7,100.0,0,7,196,1,59.90000000000003,80.30000000000003
2022-07-16,region_6,0.869,0.219,10.5,96.5,98.7,0,7,197,1,68.20000000000003,88.10000000000002
2022-07-17,region_6,0.869,0.219,2.3,96.9,100.0,0,7,198,1,27.700000000000035,86.60000000000002
2022-07-18,region_6,0.869,0.219,44.9,94.3,96.3,0,7,199,1,57.70000000000003,129.70000000000005
2022-07-19,region_6,0.869,0.219,54.0,100.0,98.7,0,7,200,1,101.20000000000003,171.60000000000002
2022-07-20,region_6,0.869,0.219,0.1,98.2,100.0,0,7,201,1,99.00000000000003,169.50000000000003
2022-07-21,region_6,0.869,0.219,23.5,96.1,99.3,0,7,202,1,77.60000000000004,150.20000000000002
2022-07-22,region_6,0.869,0.219,35.2,98.8,100.0,0,7,203,1,58.80000000000004,170.50000000000003
2022-07-23,region_6,0.869,0.219,64.4,100.0,100.0,0,7,204,1,123.10000000000005,224.40000000000003
2022-07-24,region_6,0.869,0.219,44.9,100.0,100.0,1,7,205,1,144.50000000000006,267.00000000000006
2022-07-25,region_6,0.869,0.219,1.5,99.7,100.0,0,7,206,1,110.80000000000004,223.60000000000005
2022-07-26,region_6,0.869,0.219,2.3,97.5,98.3,0,7,207,1,48.70000000000004,171.90000000000003
2022-07-27,region_6,0.869,0.219,12.8,95.8,96.1,0,7,208,1,16.600000000000044,184.60000000000005
2022-07-28,region_6,0.869,0.219,1.2,98.2,99.3,0,7,209,1,16.300000000000043,162.30000000000004
2022-07-29,region_6,0.869,0.219,20.3,94.2,98.1,0,7,210,1,34.30000000000004,147.40000000000003
2022-07-30,region_6,0.869,0.219,43.3,100.0,99.2,0,7,211,1,64.80000000000004,126.30000000000003
2022-07-31,region_6,0.869,0.219,61.9,98.5,98.8,0,7,212,1,125.50000000000003,143.30000000000004
2022-08-01,region_6,0.869,0.219,110.6,100.0,99.5,0,8,213,1,215.8,252.40000000000003
2022-08-02,region_6,0.869,0.219,3.3,100.0,98.8,0,8,214,1,175.8,253.40000000000003
2022-08-03,region_6,0.869,0.219,64.1,95.1,100.0,0,8,215,1,178.00000000000003,304.7
2022-08-04,region_6,0.869,0.219,39.0,99.3,100.0,0,8,216,1,106.40000000000003,342.5
2022-08-05,region_6,0.869,0.219,2.6,98.2,99.8,0,8,217,1,105.70000000000003,324.8
2022-08-06,region_6,0.869,0.219,40.6,93.1,99.0,0,8,218,1,82.20000000000005,322.1
2022-08-07,region_6,0.869,0.219,6.1,99.7,99.4,0,8,219,1,49.30000000000005,266.3
2022-08-08,region_6,0.869,0.219,98.2,98.1,100.0,0,8,220,1,144.90000000000003,253.90000000000003
2022-08-09,region_6,0.869,0.219,78.1,100.0,97.5,1,8,221,1,182.40000000000003,328.7
2022-08-10,region_6,0.869,0.219,8.0,100.0,100.0,0,8,222,1,184.30000000000007,272.6
2022-08-11,region_6,0.869,0.219,1.1,99.9,100.0,0,8,223,1,87.20000000000003,234.70000000000005
2022-08-12,region_6,0.869,0.219,0.3,97.9,99.3,0,8,224,1,9.400000000000043,232.4
2022-08-13,region_6,0.869,0.219,16.1,91.3,96.1,0,8,225,1,17.500000000000043,207.90000000000003
2022-08-14,region_6,0.869,0.219,68.6,96.0,99.8,0,8,226,1,85.00000000000003,270.40000000000003
2022-08-15,region_6,0.869,0.219,7.0,100.0,97.8,0,8,227,1,91.70000000000003,179.20000000000005
2022-08-16,region_6,0.869,0.219,4.5,100.0,99.9,0,8,228,1,80.10000000000002,105.60000000000002
2022-08-17,region_6,0.869,0.219,2.9,97.7,99.5,0,8,229,1,14.400000000000029,100.50000000000003
2022-08-18,region_6,0.869,0.219,0.7,94.2,100.0,0,8,230,1,8.100000000000028,100.10000000000002
2022-08-19,region_6,0.869,0.219,33.1,90.3,99.2,0,8,231,1,36.70000000000003,132.90000000000003
2022-08-20,region_6,0.869,0.219,40.5,99.3,100.0,1,8,232,1,74.30000000000004,157.3
2022-08-21,region_6,0.869,0.219,39.6,100.0,100.0,1,8,233,1,113.20000000000003,128.30000000000004
2022-08-22,region_6,0.869,0.219,1.2,99.2,100.0,0,8,234,1,81.30000000000003,122.50000000000003
2022-08-23,region_6,0.869,0.219,6.0,95.7,98.3,0,8,235,1,46.80000000000003,124.00000000000003
2022-08-24,region_6,0.869,0.219,1.4,95.9,100.0,0,8,236,1,8.600000000000028,122.50000000000003
2022-08-25,region_6,0.869,0.219,4.4,93.0,98.3,0,8,237,1,11.80000000000003,126.20000000000005
2022-08-26,region_6,0.869,0.219,15.2,91.7,99.6,0,8,238,1,21.00000000000003,108.30000000000003
2022-08-27,region_6,0.869,0.219,62.2,100.0,99.7,0,8,239,1,81.80000000000004,130.00000000000003
2022-08-28,region_6,0.869,0.219,1.0,99.8,99.9,0,8,240,1,78.40000000000003,91.40000000000003
2022-08-29,region_6,0.869,0.219,1.0,97.3,97.5,0,8,241,1,64.20000000000003,91.20000000000003
2022-08-30,region_6,0.869,0.219,0.6,90.5,98.2,0,8,242,1,2.6000000000000285,85.80000000000003
2022-08-31,region_6,0.869,0.219,17.0,89.7,95.7,0,8,243,1,18.60000000000003,101.40000000000003
2022-09-01,region_6,0.869,0.219,4.1,95.8,100.0,0,9,244,1,21.70000000000003,101.10000000000002
2022-09-02,region_6,0.869,0.219,21.9,92.1,100.0,0,9,245,1,43.00000000000003,107.80000000000004
2022-09-03,region_6,0.869,0.219,24.5,98.5,99.7,0,9,246,1,50.50000000000003,70.10000000000002
2022-09-04,region_6,0.869,0.219,1.9,98.8,99.1,0,9,247,1,48.300000000000026,71.00000000000003
2022-09-05,region_6,0.869,0.219,3.0,97.8,99.9,0,9,248,1,29.400000000000027,73.00000000000003
2022-09-06,region_6,0.869,0.219,9.7,91.9,97.9,0,9,249,1,14.600000000000028,82.10000000000004
2022-09-07,region_6,0.869,0.219,5.5,95.8,100.0,0,9,250,1,18.200000000000028,70.60000000000002
2022-09-08,region_6,0.869,0.219,6.9,96.0,100.0,0,9,251,1,22.10000000000003,73.40000000000003
2022-09-09,region_6,0.869,0.219,3.0,93.9,100.0,0,9,252,1,15.400000000000029,54.50000000000003
2022-09-10,region_6,0.869,0.219,5.4,91.6,99.4,0,9,253,1,15.30000000000003,35.40000000000003
2022-09-11,region_6,0.869,0.219,17.4,92.0,98.6,0,9,254,1,25.800000000000026,50.90000000000003
2022-09-12,region_6,0.869,0.219,1.8,100.0,98.5,0,9,255,1,24.600000000000026,49.700000000000024
2022-09-13,region_6,0.869,0.219,1.0,97.0,98.4,0,9,256,1,20.200000000000024,41.00000000000002
2022-09-14,region_6,0.869,0.219,16.7,92.7,97.5,0,9,257,1,19.500000000000025,52.200000000000024
2022-09-15,region_6,0.869,0.219,2.7,98.4,99.1,0,9,258,1,20.400000000000023,48.00000000000003
2022-09-16,region_6,0.869,0.219,0.4,93.8,99.7,0,9,259,1,19.800000000000026,45.40000000000003
2022-09-17,region_6,0.869,0.219,10.7,90.8,97.7,0,9,260,1,13.800000000000024,50.700000000000024
2022-09-18,region_6,0.869,0.219,0.9,92.2,98.4,0,9,261,1,12.000000000000023,34.200000000000024
2022-09-19,region_6,0.869,0.219,2.9,87.3,96.8,0,9,262,1,14.500000000000025,35.30000000000003
2022-09-20,region_6,0.869,0.219,0.8,88.8,98.0,0,9,263,1,4.6000000000000245,35.10000000000003
2022-09-21,region_6,0.869,0.219,5.7,84.3,93.6,0,9,264,1,9.400000000000025,24.100000000000026
2022-09-22,region_6,0.869,0.219,6.0,84.9,95.4,0,9,265,1,12.500000000000025,27.400000000000027
2022-09-23,region_6,0.869,0.219,24.2,84.6,96.8,0,9,266,0,35.90000000000003,51.200000000000024
2022-09-24,region_6,0.869,0.219,1.9,90.9,98.5,0,9,267,0,32.10000000000002,42.40000000000003
2022-09-25,region_6,0.869,0.219,1.2,92.3,99.1,0,9,268,0,27.300000000000022,42.70000000000003
2022-09-26,region_6,0.869,0.219,60.3,89.1,96.2,0,9,269,0,63.40000000000002,100.10000000000002
2022-09-27,region_6,0.869,0.219,3.8,100.0,100.0,0,9,270,0,65.30000000000003,103.10000000000002
2022-09-28,region_6,0.869,0.219,0.2,98.4,99.1,0,9,271,0,64.30000000000001,97.60000000000002
2022-09-29,region_6,0.869,0.219,3.4,92.3,96.9,0,9,272,0,7.400000000000022,95.00000000000003
2022-09-30,region_6,0.869,0.219,3.2,93.5,96.2,0,9,273,0,6.800000000000022,74.00000000000003
2022-10-01,region_6,0.869,0.219,3.0,88.4,96.3,0,10,274,0,9.600000000000021,75.10000000000002
2022-10-02,region_6,0.869,0.219,5.1,85.5,94.5,0,10,275,0,11.30000000000002,79.00000000000003
2022-10-03,region_6,0.869,0.219,1.7,84.8,95.3,0,10,276,0,9.80000000000002,20.400000000000027
2022-10-04,region_6,0.869,0.219,4.2,82.5,93.1,0,10,277,0,11.000000000000021,20.800000000000026
2022-10-05,region_6,0.869,0.219,23.8,84.8,95.8,0,10,278,0,29.700000000000024,44.400000000000034
2022-10-06,region_6,0.869,0.219,2.6,96.1,99.6,0,10,279,0,30.600000000000023,43.60000000000003
2022-10-07,region_6,0.869,0.219,13.5,93.1,100.0,0,10,280,0,39.90000000000002,53.90000000000003
2022-10-08,region_6,0.869,0.219,3.6,95.9,100.0,0,10,281,0,19.70000000000002,54.50000000000003
2022-10-09,region_6,0.869,0.219,0.1,96.6,99.9,0,10,282,0,17.20000000000002,49.500000000000036
2022-10-10,region_6,0.869,0.219,0.3,88.2,96.7,0,10,283,0,4.000000000000021,48.10000000000003
2022-10-11,region_6,0.869,0.219,3.1,84.4,94.9,0,10,284,0,3.5000000000000213,47.00000000000003
2022-10-12,region_6,0.869,0.219,1.3,82.4,95.5,0,10,285,0,4.7000000000000215,24.500000000000032
2022-10-13,region_6,0.869,0.219,0.3,78.0,95.6,0,10,286,0,4.7000000000000215,22.20000000000003
2022-10-14,region_6,0.869,0.219,0.5,78.0,90.3,0,10,287,0,2.1000000000000214,9.200000000000031
2022-10-15,region_6,0.869,0.219,1.3,73.5,90.6,0,10,288,0,2.1000000000000214,6.900000000000032
2022-10-16,region_6,0.869,0.219,24.1,72.3,90.3,0,10,289,0,25.900000000000023,30.900000000000034
2022-10-17,region_6,0.869,0.219,9.8,81.2,95.0,0,10,290,0,35.200000000000024,40.400000000000034
2022-10-18,region_6,0.869,0.219,5.0,85.8,96.0,0,10,291,0,38.90000000000003,42.30000000000003
2022-10-19,region_6,0.869,0.219,9.5,80.7,96.3,0,10,292,0,24.300000000000022,50.500000000000036
2022-10-20,region_6,0.869,0.219,7.6,83.8,98.9,0,10,293,0,22.100000000000023,57.80000000000004
2022-10-21,region_6,0.869,0.219,13.9,88.4,99.0,0,10,294,0,31.00000000000002,71.20000000000005
2022-10-22,region_6,0.869,0.219,0.5,92.9,100.0,0,10,295,0,22.00000000000002,70.40000000000003
2022-10-23,region_6,0.869,0.219,39.3,89.6,98.5,0,10,296,0,53.70000000000002,85.60000000000002
2022-10-24,region_6,0.869,0.219,5.4,99.3,100.0,0,10,297,0,45.20000000000002,81.20000000000003
2022-10-25,region_6,0.869,0.219,21.6,99.8,99.7,0,10,298,0,66.30000000000001,97.80000000000004
2022-10-26,region_6,0.869,0.219,2.1,98.0,99.8,0,10,299,0,29.100000000000023,90.40000000000003
2022-10-27,region_6,0.869,0.219,0.9,98.4,98.5,0,10,300,0,24.600000000000023,83.70000000000003
2022-10-28,region_6,0.869,0.219,0.9,92.5,98.3,0,10,301,0,3.9000000000000217,70.70000000000003
2022-10-29,region_6,0.869,0.219,1.2,88.0,95.2,0,10,302,0,3.0000000000000213,71.40000000000003
2022-10-30,region_6,0.869,0.219,23.0,85.4,94.1,0,10,303,0,25.100000000000023,55.10000000000004
2022-10-31,region_6,0.869,0.219,12.7,98.8,100.0,0,10,304,0,36.90000000000002,62.400000000000034
2022-11-01,region_6,0.869,0.219,1.5,100.0,99.5,0,11,305,0,37.20000000000002,42.30000000000004
2022-11-02,region_6,0.869,0.219,2.3,95.1,96.7,0,11,306,0,16.50000000000002,42.500000000000036
2022-11-03,region_6,0.869,0.219,0.6,97.8,99.2,0,11,307,0,4.400000000000021,42.20000000000004
2022-11-04,region_6,0.869,0.219,0.8,86.4,95.3,0,11,308,0,3.700000000000021,42.10000000000004
2022-11-05,region_6,0.869,0.219,1.0,84.5,94.9,0,11,309,0,2.4000000000000212,41.900000000000034
2022-11-06,region_6,0.869,0.219,1.3,79.1,94.2,0,11,310,0,3.100000000000021,20.200000000000035
2022-11-07,region_6,0.869,0.219,0.1,78.5,89.5,0,11,311,0,2.4000000000000212,7.600000000000035
2022-11-08,region_6,0.869,0.219,1.1,72.1,88.3,0,11,312,0,2.5000000000000213,7.200000000000036
2022-11-09,region_6,0.869,0.219,0.2,70.8,87.7,0,11,313,0,1.4000000000000214,5.100000000000036
2022-11-10,region_6,0.869,0.219,0.7,68.5,84.2,0,11,314,0,2.0000000000000213,5.200000000000036
2022-11-11,region_6,0.869,0.219,0.2,64.2,83.1,0,11,315,0,1.1000000000000212,4.600000000000035
2022-11-12,region_6,0.869,0.219,12.5,60.8,82.1,0,11,316,0,13.400000000000022,16.100000000000037
2022-11-13,region_6,0.869,0.219,0.1,66.6,84.1,0,11,317,0,12.800000000000022,14.900000000000034
2022-11-14,region_6,0.869,0.219,4.7,63.6,81.4,0,11,318,0,17.300000000000022,19.500000000000036
2022-11-15,region_6,0.869,0.219,1.8,63.5,79.7,0,11,319,0,6.600000000000021,20.200000000000035
2022-11-16,region_6,0.869,0.219,0.8,59.3,77.6,0,11,320,0,7.300000000000022,20.800000000000033
2022-11-17,region_6,0.869,0.219,0.6,60.7,78.6,0,11,321,0,3.2000000000000215,20.700000000000035
2022-11-18,region_6,0.869,0.219,20.9,55.3,77.3,0,11,322,0,22.30000000000002,41.400000000000034
2022-11-19,region_6,0.869,0.219,0.1,70.0,77.7,0,11,323,0,21.60000000000002,29.000000000000036
2022-11-20,region_6,0.869,0.219,1.1,65.4,76.3,0,11,324,0,22.10000000000002,30.000000000000032
2022-11-21,region_6,0.869,0.219,0.8,60.9,74.6,0,11,325,0,2.0000000000000213,26.100000000000033
2022-11-22,region_6,0.869,0.219,7.3,57.0,72.1,0,11,326,0,9.20000000000002,31.600000000000033
2022-11-23,region_6,0.869,0.219,0.1,60.9,73.3,0,11,327,0,8.200000000000022,30.900000000000034
2022-11-24,region_6,0.869,0.219,0.5,58.0,72.7,0,11,328,0,7.900000000000021,30.800000000000033
2022-11-25,region_6,0.869,0.219,1.0,50.5,69.9,0,11,329,0,1.6000000000000214,10.900000000000036
2022-11-26,region_6,0.869,0.219,3.1,51.4,69.2,0,11,330,0,4.600000000000021,13.900000000000036
2022-11-27,region_6,0.869,0.219,0.3,51.0,66.5,0,11,331,0,4.400000000000022,13.100000000000037
2022-11-28,region_6,0.869,0.219,0.6,44.9,65.7,0,11,332,0,4.000000000000021,12.900000000000036
2022-11-29,region_6,0.869,0.219,0.2,47.4,64.9,0,11,333,0,1.1000000000000212,5.800000000000035
2022-11-30,region_6,0.869,0.219,0.3,45.1,64.6,0,11,334,0,1.1000000000000212,6.0000000000000355
2022-12-01,region_6,0.869,0.219,0.9,41.5,61.3,0,12,335,0,1.4000000000000212,6.400000000000036
2022-12-02,region_6,0.869,0.219,0.3,42.1,61.4,0,12,336,0,1.5000000000000213,5.700000000000036
2022-12-03,region_6,0.869,0.219,1.5,36.7,59.9,0,12,337,0,2.7000000000000215,4.100000000000035
2022-12-04,region_6,0.869,0.219,0.1,40.1,59.1,0,12,338,0,1.9000000000000214,3.9000000000000354
2022-12-05,region_6,0.869,0.219,0.8,38.3,56.4,0,12,339,0,2.4000000000000212,4.100000000000035
2022-12-06,region_6,0.869,0.219,2.9,32.6,56.5,0,12,340,0,3.800000000000021,6.800000000000035
2022-12-07,region_6,0.869,0.219,0.3,36.9,55.4,0,12,341,0,4.000000000000021,6.800000000000035
2022-12-08,region_6,0.869,0.219,3.5,33.6,54.2,0,12,342,0,6.700000000000021,9.400000000000034
2022-12-09,region_6,0.869,0.219,0.2,36.9,54.2,0,12,343,0,4.000000000000021,9.300000000000036
2022-12-10,region_6,0.869,0.219,1.6,34.9,53.2,0,12,344,0,5.300000000000021,9.400000000000036
2022-12-11,region_6,0.869,0.219,0.4,35.8,51.0,0,12,345,0,2.2000000000000215,9.700000000000035
2022-12-12,region_6,0.869,0.219,0.2,31.3,48.9,0,12,346,0,2.200000000000021,9.100000000000035
2022-12-13,region_6,0.869,0.219,0.1,28.2,48.6,0,12,347,0,0.7000000000000214,6.300000000000035
2022-12-14,region_6,0.869,0.219,1.4,29.0,46.4,0,12,348,0,1.7000000000000213,7.400000000000036
2022-12-15,region_6,0.869,0.219,0.4,31.3,46.8,0,12,349,0,1.9000000000000212,4.300000000000035
2022-12-16,region_6,0.869,0.219,0.2,29.1,47.2,0,12,350,0,2.0000000000000213,4.300000000000035
2022-12-17,region_6,0.869,0.219,30.2,25.0,44.4,0,12,351,0,30.800000000000022,32.900000000000034
2022-12-18,region_6,0.869,0.219,0.2,50.1,45.2,0,12,352,0,30.600000000000023,32.70000000000004
2022-12-19,region_6,0.869,0.219,0.1,51.1,43.5,0,12,353,0,30.50000000000002,32.60000000000003
2022-12-20,region_6,0.869,0.219,0.5,48.3,42.5,0,12,354,0,0.8000000000000214,33.00000000000003
2022-12-21,region_6,0.869,0.219,1.9,46.0,42.6,0,12,355,0,2.5000000000000213,33.500000000000036
2022-12-22,region_6,0.869,0.219,1.6,43.6,40.3,0,12,356,0,4.000000000000021,34.70000000000003
2022-12-23,region_6,0.869,0.219,1.3,42.3,39.6,0,12,357,0,4.800000000000021,35.80000000000003
2022-12-24,region_6,0.869,0.219,50.3,41.2,41.3,0,12,358,0,53.20000000000002,55.900000000000034
2022-12-25,region_6,0.869,0.219,0.0,77.8,42.8,0,12,359,0,51.600000000000016,55.70000000000003
2022-12-26,region_6,0.869,0.219,14.2,75.9,42.9,0,12,360,0,64.50000000000001,69.80000000000004
2022-12-27,region_6,0.869,0.219,0.4,81.6,50.5,0,12,361,0,14.600000000000021,69.70000000000003
2022-12-28,region_6,0.869,0.219,0.4,75.9,49.1,0,12,362,0,15.000000000000021,68.20000000000003
2022-12-29,region_6,0.869,0.219,4.7,72.9,46.2,0,12,363,0,5.500000000000021,71.30000000000004
2022-12-30,region_6,0.869,0.219,2.7,73.1,47.9,0,12,364,0,7.800000000000021,72.70000000000005
2022-12-31,region_6,0.869,0.219,0.2,71.3,46.5,0,12,365,0,7.600000000000022,22.600000000000033
2023-01-01,region_6,0.869,0.219,0.0,66.2,44.8,0,1,1,0,2.9000000000000217,22.600000000000033
2023-01-02,region_6,0.869,0.219,3.3,63.7,44.5,0,1,2,0,3.5000000000000213,11.700000000000035
2023-01-03,region_6,0.869,0.219,0.0,65.0,44.6,0,1,3,0,3.300000000000021,11.300000000000036
2023-01-04,region_6,0.869,0.219,22.0,56.8,42.6,0,1,4,0,25.300000000000022,32.900000000000034
2023-01-05,region_6,0.869,0.219,4.3,73.3,49.2,0,1,5,0,26.300000000000022,32.500000000000036
2023-01-06,region_6,0.869,0.219,4.5,73.7,50.2,0,1,6,0,30.800000000000022,34.30000000000003
2023-01-07,region_6,0.869,0.219,0.5,70.0,49.2,0,1,7,0,9.300000000000022,34.60000000000003
2023-01-08,region_6,0.869,0.219,0.1,67.7,47.2,0,1,8,0,5.100000000000021,34.70000000000003
2023-01-09,region_6,0.869,0.219,0.6,67.9,49.0,0,1,9,0,1.2000000000000213,32.000000000000036
2023-01-10,region_6,0.869,0.219,1.5,62.8,46.4,0,1,10,0,2.2000000000000215,33.500000000000036
2023-01-11,region_6,0.869,0.219,0.3,60.3,45.4,0,1,11,0,2.4000000000000212,11.800000000000034
2023-01-12,region_6,0.869,0.219,0.4,58.2,43.7,0,1,12,0,2.2000000000000215,7.900000000000036
2023-01-13,region_6,0.869,0.219,0.6,53.4,43.5,0,1,13,0,1.3000000000000214,4.0000000000000355
2023-01-14,region_6,0.869,0.219,1.4,54.1,44.6,0,1,14,0,2.4000000000000212,4.900000000000036
2023-01-15,region_6,0.869,0.219,0.9,51.8,42.6,0,1,15,0,2.9000000000000212,5.700000000000036
2023-01-16,region_6,0.869,0.219,0.0,48.8,41.1,0,1,16,0,2.300000000000021,5.100000000000035
2023-01-17,region_6,0.869,0.219,0.1,46.1,41.1,0,1,17,0,1.0000000000000213,3.7000000000000353
2023-01-18,region_6,0.869,0.219,0.0,45.6,38.9,0,1,18,0,0.10000000000002132,3.4000000000000354
2023-01-19,region_6,0.869,0.219,0.4,42.5,40.0,0,1,19,0,0.5000000000000213,3.4000000000000354
2023-01-20,region_6,0.869,0.219,0.0,42.6,38.2,0,1,20,0,0.40000000000002134,2.8000000000000353
2023-01-21,region_6,0.869,0.219,0.1,37.5,38.4,0,1,21,0,0.5000000000000213,1.5000000000000355
2023-01-22,region_6,0.869,0.219,6.0,37.5,36.5,0,1,22,0,6.100000000000021,6.600000000000035
2023-01-23,region_6,0.869,0.219,0.4,37.8,37.4,0,1,23,0,6.500000000000021,7.0000000000000355
2023-01-24,region_6,0.869,0.219,0.6,36.2,35.7,0,1,24,0,7.000000000000021,7.5000000000000355
2023-01-25,region_6,0.869,0.219,1.5,35.4,34.3,0,1,25,0,2.5000000000000213,9.000000000000036
2023-01-26,region_6,0.869,0.219,0.0,38.2,35.6,0,1,26,0,2.1000000000000214,8.600000000000035
2023-01-27,region_6,0.869,0.219,0.4,31.3,32.8,0,1,27,0,1.9000000000000212,9.000000000000036
2023-01-28,region_6,0.869,0.219,0.3,30.2,33.3,0,1,28,0,0.7000000000000213,9.200000000000035
2023-01-29,region_6,0.869,0.219,17.3,30.7,29.6,0,1,29,0,18.00000000000002,20.500000000000036
2023-01-30,region_6,0.869,0.219,7.4,47.2,32.8,0,1,30,0,25.00000000000002,27.500000000000036
2023-01-31,region_6,0.869,0.219,0.5,47.7,31.2,0,1,31,0,25.200000000000024,27.400000000000034
2023-02-01,region_6,0.869,0.219,7.1,44.6,32.7,0,2,32,0,15.000000000000021,33.000000000000036
2023-02-02,region_6,0.869,0.219,1.0,48.3,33.4,0,2,33,0,8.600000000000021,34.000000000000036
2023-02-03,region_6,0.869,0.219,11.1,47.9,32.6,0,2,34,0,19.20000000000002,44.70000000000004
2023-02-04,region_6,0.869,0.219,0.8,51.4,33.3,0,2,35,0,12.900000000000022,45.20000000000003
2023-02-05,region_6,0.869,0.219,1.3,54.2,33.2,0,2,36,0,13.20000000000002,29.200000000000035
2023-02-06,region_6,0.869,0.219,0.5,46.5,30.8,0,2,37,0,2.6000000000000214,22.300000000000033
2023-02-07,region_6,0.869,0.219,0.3,46.0,31.6,0,2,38,0,2.1000000000000214,22.100000000000033
2023-02-08,region_6,0.869,0.219,0.6,46.7,31.3,0,2,39,0,1.4000000000000212,15.600000000000035
2023-02-09,region_6,0.869,0.219,0.6,43.3,28.8,0,2,40,0,1.5000000000000213,15.200000000000035
2023-02-10,region_6,0.869,0.219,0.4,41.2,28.2,0,2,41,0,1.6000000000000212,4.5000000000000355
2023-02-11,region_6,0.869,0.219,0.5,39.6,29.0,0,2,42,0,1.5000000000000213,4.200000000000036
2023-02-12,region_6,0.869,0.219,2.2,39.4,28.3,0,2,43,0,3.1000000000000214,5.100000000000035
2023-02-13,region_6,0.869,0.219,0.6,38.2,28.8,0,2,44,0,3.3000000000000216,5.200000000000036
2023-02-14,region_6,0.869,0.219,0.2,36.6,26.7,0,2,45,0,3.0000000000000213,5.100000000000036
2023-02-15,region_6,0.869,0.219,1.0,33.0,26.2,0,2,46,0,1.8000000000000214,5.5000000000000355
2023-02-16,region_6,0.869,0.219,0.2,32.4,25.1,0,2,47,0,1.4000000000000214,5.100000000000036
2023-02-17,region_6,0.869,0.219,1.8,33.5,24.5,0,2,48,0,3.0000000000000213,6.500000000000036
2023-02-18,region_6,0.869,0.219,9.2,33.1,23.9,0,2,49,0,11.20000000000002,15.200000000000035
2023-02-19,region_6,0.869,0.219,0.3,35.4,25.3,0,2,50,0,11.300000000000022,13.300000000000036
2023-02-20,region_6,0.869,0.219,0.1,34.4,25.1,0,2,51,0,9.600000000000021,12.800000000000036
2023-02-21,region_6,0.869,0.219,0.2,34.1,23.8,0,2,52,0,0.6000000000000213,12.800000000000034
2023-02-22,region_6,0.869,0.219,0.3,29.6,23.7,0,2,53,0,0.6000000000000214,12.100000000000035
2023-02-23,region_6,0.869,0.219,0.2,32.0,21.6,0,2,54,0,0.7000000000000214,12.100000000000035
2023-02-24,region_6,0.869,0.219,1.6,31.8,24.1,0,2,55,0,2.1000000000000214,11.900000000000034
2023-02-25,region_6,0.869,0.219,1.7,27.6,21.0,0,2,56,0,3.5000000000000213,4.400000000000036
2023-02-26,region_6,0.869,0.219,0.2,31.2,22.3,0,2,57,0,3.5000000000000213,4.300000000000036
2023-02-27,region_6,0.869,0.219,0.0,28.1,20.0,0,2,58,0,1.9000000000000212,4.200000000000036
2023-02-28,region_6,0.869,0.219,3.8,25.5,21.0,0,2,59,0,4.000000000000021,7.800000000000036
2023-03-01,region_6,0.869,0.219,0.6,28.6,20.5,0,3,60,0,4.400000000000021,8.100000000000035
2023-03-02,region_6,0.869,0.219,1.4,22.2,18.3,0,3,61,0,5.800000000000021,9.300000000000036
2023-03-03,region_6,0.869,0.219,0.2,23.3,18.8,0,3,62,0,2.2000000000000215,7.900000000000035
2023-03-04,region_6,0.869,0.219,0.8,22.5,19.7,0,3,63,0,2.4000000000000212,7.0000000000000355
2023-03-05,region_6,0.869,0.219,0.1,23.5,19.6,0,3,64,0,1.1000000000000214,6.900000000000035
2023-03-06,region_6,0.869,0.219,1.4,23.2,18.7,0,3,65,0,2.300000000000021,8.300000000000034
2023-03-07,region_6,0.869,0.219,0.1,21.9,18.7,0,3,66,0,1.6000000000000214,4.600000000000036
2023-03-08,region_6,0.869,0.219,0.1,20.4,18.4,0,3,67,0,1.6000000000000212,4.100000000000035
2023-03-09,region_6,0.869,0.219,0.3,20.5,18.4,0,3,68,0,0.5000000000000213,3.0000000000000355
2023-03-10,region_6,0.869,0.219,1.3,19.2,15.4,0,3,69,0,1.7000000000000215,4.100000000000035
2023-03-11,region_6,0.869,0.219,24.0,18.7,17.5,0,3,70,0,25.600000000000023,27.300000000000036
2023-03-12,region_6,0.869,0.219,1.5,37.5,17.9,0,3,71,0,26.800000000000022,28.700000000000035
2023-03-13,region_6,0.869,0.219,2.9,38.4,17.3,0,3,72,0,28.40000000000002,30.200000000000035
2023-03-14,region_6,0.869,0.219,0.1,39.4,15.7,0,3,73,0,4.500000000000021,30.200000000000035
2023-03-15,region_6,0.869,0.219,0.4,36.7,16.0,0,3,74,0,3.4000000000000212,30.500000000000036
2023-03-16,region_6,0.869,0.219,1.1,31.6,14.5,0,3,75,0,1.6000000000000214,31.300000000000036
2023-03-17,region_6,0.869,0.219,0.3,35.6,16.1,0,3,76,0,1.8000000000000214,30.300000000000036
2023-03-18,region_6,0.869,0.219,0.4,28.7,14.7,0,3,77,0,1.8000000000000214,6.700000000000036
2023-03-19,region_6,0.869,0.219,0.0,29.9,15.1,0,3,78,0,0.7000000000000213,5.200000000000036
2023-03-20,region_6,0.869,0.219,15.5,27.7,13.3,0,3,79,0,15.900000000000022,17.800000000000036
2023-03-21,region_6,0.869,0.219,0.4,39.3,15.1,0,3,80,0,15.900000000000022,18.100000000000033
2023-03-22,region_6,0.869,0.219,0.2,35.7,12.9,0,3,81,0,16.100000000000023,17.900000000000038
2023-03-23,region_6,0.869,0.219,0.4,34.0,13.7,0,3,82,0,1.0000000000000213,17.200000000000035
2023-03-24,region_6,0.869,0.219,0.8,32.0,15.1,0,3,83,0,1.4000000000000212,17.70000000000004
2023-03-25,region_6,0.869,0.219,12.3,30.0,13.2,0,3,84,0,13.500000000000021,29.600000000000037
2023-03-26,region_6,0.869,0.219,2.1,37.4,13.1,0,3,85,0,15.20000000000002,31.70000000000004
2023-03-27,region_6,0.869,0.219,16.8,39.5,17.5,0,3,86,0,31.20000000000002,33.00000000000004
2023-03-28,region_6,0.869,0.219,0.2,48.5,16.3,0,3,87,0,19.10000000000002,32.80000000000004
2023-03-29,region_6,0.869,0.219,15.3,45.9,17.0,0,3,88,0,32.30000000000002,47.900000000000034
2023-03-30,region_6,0.869,0.219,3.6,57.9,16.5,0,3,89,0,19.10000000000002,51.10000000000004
2023-03-31,region_6,0.869,0.219,0.7,58.3,17.2,0,3,90,0,19.60000000000002,51.00000000000004
2023-04-01,region_6,0.869,0.219,0.9,54.1,18.4,0,4,91,0,5.200000000000018,39.60000000000004
2023-04-02,region_6,0.869,0.219,2.0,52.2,17.6,0,4,92,0,3.600000000000018,39.500000000000036
2023-04-03,region_6,0.869,0.219,1.3,54.3,15.1,0,4,93,0,4.200000000000018,24.000000000000036
2023-04-04,region_6,0.869,0.219,1.1,51.2,19.2,0,4,94,0,4.400000000000018,24.900000000000038
2023-04-05,region_6,0.869,0.219,0.3,48.2,16.4,0,4,95,0,2.700000000000018,9.900000000000036
2023-04-06,region_6,0.869,0.219,3.5,44.5,15.4,0,4,96,0,4.900000000000018,9.800000000000036
2023-04-07,region_6,0.869,0.219,3.1,46.8,17.4,0,4,97,0,6.900000000000018,12.200000000000035
2023-04-08,region_6,0.869,0.219,10.1,44.6,15.5,0,4,98,0,16.700000000000017,21.400000000000034
2023-04-09,region_6,0.869,0.219,1.1,48.8,15.0,0,4,99,0,14.300000000000018,20.500000000000036
2023-04-10,region_6,0.869,0.219,7.5,51.1,16.5,0,4,100,0,18.700000000000017,26.700000000000035
2023-04-11,region_6,0.869,0.219,0.0,54.4,17.1,0,4,101,0,8.60000000000002,25.600000000000033
2023-04-12,region_6,0.869,0.219,0.2,46.7,18.6,0,4,102,0,7.70000000000002,25.500000000000036
2023-04-13,region_6,0.869,0.219,0.9,46.1,16.8,0,4,103,0,1.1000000000000196,22.900000000000038
2023-04-14,region_6,0.869,0.219,0.4,45.0,16.8,0,4,104,0,1.5000000000000195,20.200000000000035
2023-04-15,region_6,0.869,0.219,2.0,42.0,19.5,0,4,105,0,3.3000000000000194,12.100000000000035
2023-04-16,region_6,0.869,0.219,0.4,42.8,15.8,0,4,106,0,2.8000000000000194,11.400000000000036
2023-04-17,region_6,0.869,0.219,0.1,41.4,15.6,0,4,107,0,2.5000000000000195,4.0000000000000355
2023-04-18,region_6,0.869,0.219,2.8,39.0,15.2,0,4,108,0,3.3000000000000194,6.800000000000035
2023-04-19,region_6,0.869,0.219,7.6,37.4,16.3,0,4,109,0,10.50000000000002,14.200000000000035
2023-04-20,region_6,0.869,0.219,0.1,42.3,16.0,0,4,110,0,10.50000000000002,13.400000000000034
2023-04-21,region_6,0.869,0.219,1.9,39.9,15.0,0,4,111,0,9.60000000000002,14.900000000000034
2023-04-22,region_6,0.869,0.219,4.1,38.5,16.5,0,4,112,0,6.100000000000019,17.000000000000036
2023-04-23,region_6,0.869,0.219,11.4,39.7,14.3,0,4,113,0,17.40000000000002,28.000000000000036
2023-04-24,region_6,0.869,0.219,0.1,48.3,16.6,0,4,114,0,15.60000000000002,28.000000000000036
2023-04-25,region_6,0.869,0.219,28.4,43.2,14.1,0,4,115,0,39.90000000000002,53.60000000000004
2023-04-26,region_6,0.869,0.219,1.0,66.7,21.3,0,4,116,0,29.50000000000002,47.000000000000036
2023-04-27,region_6,0.869,0.219,1.2,69.3,18.1,0,4,117,0,30.60000000000002,48.10000000000004
2023-04-28,region_6,0.869,0.219,0.0,62.6,19.7,0,4,118,0,2.2000000000000215,46.20000000000004
2023-04-29,region_6,0.869,0.219,38.3,57.2,19.9,0,4,119,0,39.50000000000002,80.40000000000003
2023-04-30,region_6,0.869,0.219,1.5,93.5,26.3,0,4,120,0,39.80000000000002,70.50000000000003
2023-05-01,region_6,0.869,0.219,0.4,86.6,27.1,0,5,121,0,40.20000000000002,70.80000000000004
2023-05-02,region_6,0.869,0.219,1.6,80.2,26.7,0,5,122,0,3.5000000000000213,44.000000000000036
2023-05-03,region_6,0.869,0.219,26.9,80.0,27.4,0,5,123,0,28.90000000000002,69.90000000000003
2023-05-04,region_6,0.869,0.219,0.6,92.6,36.9,0,5,124,0,29.100000000000023,69.30000000000003
2023-05-05,region_6,0.869,0.219,7.2,87.1,36.9,0,5,125,0,34.70000000000002,76.50000000000003
2023-05-06,region_6,0.869,0.219,19.3,87.8,40.3,0,5,126,0,27.100000000000023,57.500000000000036
2023-05-07,region_6,0.869,0.219,3.2,97.1,49.9,0,5,127,0,29.70000000000002,59.20000000000004
2023-05-08,region_6,0.869,0.219,2.3,96.6,51.8,0,5,128,0,24.800000000000022,61.10000000000004
2023-05-09,region_6,0.869,0.219,0.7,92.7,49.6,0,5,129,0,6.2000000000000215,60.20000000000004
2023-05-10,region_6,0.869,0.219,41.8,89.2,50.9,0,5,130,0,44.80000000000002,75.10000000000004
2023-05-11,region_6,0.869,0.219,1.3,100.0,68.1,0,5,131,0,43.80000000000002,75.80000000000004
2023-05-12,region_6,0.869,0.219,14.6,95.0,67.5,0,5,132,0,57.70000000000002,83.20000000000005
2023-05-13,region_6,0.869,0.219,43.1,100.0,75.8,0,5,133,0,59.00000000000002,107.00000000000003
2023-05-14,region_6,0.869,0.219,22.1,99.7,100.0,0,5,134,0,79.80000000000003,125.90000000000003
2023-05-15,region_6,0.869,0.219,0.8,100.0,100.0,0,5,135,1,66.00000000000001,124.40000000000003
2023-05-16,region_6,0.869,0.219,5.8,95.2,98.8,0,5,136,1,28.700000000000024,129.50000000000003
2023-05-17,region_6,0.869,0.219,42.1,96.1,98.2,1,5,137,1,48.700000000000024,129.80000000000004
2023-05-18,region_6,0.869,0.219,5.1,100.0,99.1,0,5,138,1,53.00000000000003,133.60000000000002
2023-05-19,region_6,0.869,0.219,1.3,100.0,99.3,0,5,139,1,48.50000000000002,120.30000000000004
2023-05-20,region_6,0.869,0.219,0.6,97.1,98.7,0,5,140,1,7.000000000000021,77.80000000000004
2023-05-21,region_6,0.869,0.219,7.4,92.0,96.9,0,5,141,1,9.300000000000022,63.10000000000004
2023-05-22,region_6,0.869,0.219,10.0,91.1,100.0,0,5,142,1,18.00000000000002,72.30000000000004
2023-05-23,region_6,0.869,0.219,8.8,94.1,100.0,0,5,143,1,26.200000000000024,75.30000000000004
2023-05-24,region_6,0.869,0.219,3.8,96.6,99.3,0,5,144,1,22.600000000000023,37.000000000000036
2023-05-25,region_6,0.869,0.219,3.9,93.8,99.7,0,5,145,1,16.50000000000002,35.80000000000003
2023-05-26,region_6,0.869,0.219,16.8,93.8,99.8,0,5,146,1,24.50000000000002,51.30000000000004
2023-05-27,region_6,0.869,0.219,3.9,98.3,97.6,0,5,147,1,24.60000000000002,54.60000000000004
2023-05-28,region_6,0.869,0.219,0.4,98.8,98.7,0,5,148,1,21.100000000000023,47.60000000000004
2023-05-29,region_6,0.869,0.219,8.0,92.8,99.6,0,5,149,1,12.300000000000022,45.60000000000004
2023-05-30,region_6,0.869,0.219,66.8,92.8,100.0,1,5,150,1,75.20000000000002,103.60000000000002
2023-05-31,region_6,0.869,0.219,81.8,100.0,100.0,1,5,151,1,156.60000000000002,181.60000000000002
2023-06-01,region_6,0.869,0.219,12.5,99.3,100.0,0,6,152,1,161.10000000000002,190.20000000000005
2023-06-02,region_6,0.869,0.219,25.6,98.6,100.0,0,6,153,1,119.9,199.00000000000003
2023-06-03,region_6,0.869,0.219,0.4,100.0,99.5,0,6,154,1,38.500000000000014,195.50000000000006
2023-06-04,region_6,0.869,0.219,13.1,98.0,98.9,0,6,155,1,39.100000000000016,208.20000000000005
2023-06-05,region_6,0.869,0.219,1.7,96.2,100.0,0,6,156,1,15.200000000000014,201.90000000000003
2023-06-06,region_6,0.869,0.219,22.9,93.8,100.0,0,6,157,1,37.70000000000001,158.00000000000003
2023-06-07,region_6,0.869,0.219,5.9,100.0,98.8,0,6,158,1,30.500000000000007,82.10000000000004
2023-06-08,region_6,0.869,0.219,17.3,99.0,100.0,0,6,159,1,46.10000000000001,86.90000000000003
2023-06-09,region_6,0.869,0.219,3.4,97.8,99.5,0,6,160,1,26.600000000000012,64.70000000000005
2023-06-10,region_6,0.869,0.219,25.1,96.3,100.0,0,6,161,1,45.80000000000001,89.40000000000003
2023-06-11,region_6,0.869,0.219,4.0,100.0,98.7,0,6,162,1,32.500000000000014,80.30000000000004
2023-06-12,region_6,0.869,0.219,0.6,98.6,99.4,0,6,163,1,29.700000000000017,79.20000000000003
2023-06-13,region_6,0.869,0.219,0.1,92.5,97.7,0,6,164,1,4.700000000000014,56.40000000000005
2023-06-14,region_6,0.869,0.219,0.3,89.0,97.2,0,6,165,1,1.0000000000000142,50.80000000000004
2023-06-15,region_6,0.869,0.219,17.3,79.8,92.9,0,6,166,1,17.700000000000014,50.80000000000004
2023-06-16,region_6,0.869,0.219,55.6,90.1,98.0,1,6,167,1,73.20000000000002,103.00000000000006
2023-06-17,region_6,0.869,0.219,4.4,100.0,100.0,0,6,168,1,77.30000000000001,82.30000000000005
2023-06-18,region_6,0.869,0.219,1.7,96.1,99.3,0,6,169,1,61.70000000000002,80.00000000000004
2023-06-19,region_6,0.869,0.219,4.9,95.8,98.6,0,6,170,1,11.000000000000007,84.30000000000005
2023-06-20,region_6,0.869,0.219,84.9,93.6,100.0,1,6,171,1,91.50000000000001,169.10000000000008
2023-06-21,region_6,0.869,0.219,5.6,99.2,100.0,0,6,172,1,95.4,174.40000000000006
2023-06-22,region_6,0.869,0.219,7.9,99.6,98.7,0,6,173,1,98.40000000000002,165.00000000000006
2023-06-23,region_6,0.869,0.219,43.8,95.7,100.0,1,6,174,1,57.30000000000001,153.20000000000005
2023-06-24,region_6,0.869,0.219,0.2,100.0,100.0,0,6,175,1,51.90000000000001,149.00000000000006
2023-06-25,region_6,0.869,0.219,1.0,96.9,98.7,0,6,176,1,45.000000000000014,148.30000000000007
2023-06-26,region_6,0.869,0.219,27.1,92.6,96.7,0,6,177,1,28.300000000000015,170.50000000000006
2023-06-27,region_6,0.869,0.219,11.8,99.0,100.0,0,6,178,1,39.90000000000002,97.40000000000006
2023-06-28,region_6,0.869,0.219,0.4,100.0,99.0,0,6,179,1,39.30000000000002,92.20000000000006
2023-06-29,region_6,0.869,0.219,2.6,97.2,98.2,0,6,180,1,14.800000000000015,86.90000000000006
2023-06-30,region_6,0.869,0.219,11.5,90.8,96.9,0,6,181,1,14.500000000000014,54.60000000000006
2023-07-01,region_6,0.869,0.219,7.7,94.8,100.0,0,7,182,1,21.800000000000015,62.10000000000006
2023-07-02,region_6,0.869,0.219,33.0,94.7,100.0,0,7,183,1,52.20000000000002,94.10000000000005
2023-07-03,region_6,0.869,0.219,9.2,99.7,99.6,0,7,184,1,49.90000000000002,76.20000000000006
2023-07-04,region_6,0.869,0.219,12.7,100.0,100.0,0,7,185,1,54.90000000000001,77.10000000000007
2023-07-05,region_6,0.869,0.219,2.2,99.7,100.0,0,7,186,1,24.100000000000012,78.90000000000006
2023-07-06,region_6,0.869,0.219,1.3,96.5,100.0,0,7,187,1,16.200000000000014,77.60000000000007
2023-07-07,region_6,0.869,0.219,51.0,93.1,99.8,0,7,188,1,54.500000000000014,117.10000000000005
2023-07-08,region_6,0.869,0.219,3.0,100.0,99.6,0,7,189,1,55.30000000000001,112.40000000000006
2023-07-09,region_6,0.869,0.219,2.7,96.5,100.0,0,7,190,1,56.70000000000002,82.10000000000007
2023-07-10,region_6,0.869,0.219,5.8,93.2,99.1,0,7,191,1,11.500000000000014,78.70000000000006
2023-07-11,region_6,0.869,0.219,10.0,94.4,99.7,0,7,192,1,18.500000000000014,76.00000000000006
2023-07-12,region_6,0.869,0.219,51.2,97.7,100.0,0,7,193,1,67.00000000000001,125.00000000000006
2023-07-13,region_6,0.869,0.219,0.9,100.0,100.0,0,7,194,1,62.100000000000016,124.60000000000007
2023-07-14,region_6,0.869,0.219,3.1,96.2,97.5,0,7,195,1,55.20000000000001,76.70000000000006
2023-07-15,region_6,0.869,0.219,19.4,91.2,97.2,0,7,196,1,23.400000000000006,93.10000000000005
2023-07-16,region_6,0.869,0.219,66.5,99.8,100.0,0,7,197,1,89.0,156.90000000000003
2023-07-17,region_6,0.869,0.219,4.6,100.0,99.7,0,7,198,1,90.5,155.70000000000005
2023-07-18,region_6,0.869,0.219,88.2,100.0,99.2,0,7,199,1,159.3,233.90000000000003
2023-07-19,region_6,0.869,0.219,58.2,100.0,100.0,0,7,200,1,151.0,240.90000000000003
2023-07-20,region_6,0.869,0.219,3.3,99.4,98.4,0,7,201,1,149.70000000000002,243.30000000000004
2023-07-21,region_6,0.869,0.219,3.7,98.2,100.0,0,7,202,1,65.2,243.90000000000003
2023-07-22,region_6,0.869,0.219,17.2,95.0,98.8,0,7,203,1,24.2,241.70000000000005
2023-07-23,region_6,0.869,0.219,9.6,100.0,99.3,0,7,204,1,30.5,184.80000000000004
2023-07-24,region_6,0.869,0.219,45.8,100.0,100.0,0,7,205,1,72.6,226.00000000000006
2023-07-25,region_6,0.869,0.219,22.3,98.2,100.0,0,7,206,1,77.69999999999999,160.10000000000005
2023-07-26,region_6,0.869,0.219,38.0,100.0,100.0,0,7,207,1,106.1,139.90000000000003
2023-07-27,region_6,0.869,0.219,0.6,100.0,100.0,0,7,208,1,60.9,137.20000000000002
2023-07-28,region_6,0.869,0.219,89.9,94.3,98.8,1,7,209,1,128.5,223.40000000000003
2023-07-29,region_6,0.869,0.219,47.9,99.2,98.2,0,7,210,1,138.4,254.10000000000005
2023-07-30,region_6,0.869,0.219,3.8,100.0,99.7,0,7,211,1,141.6,248.3
2023-07-31,region_6,0.869,0.219,8.2,95.9,97.9,0,7,212,1,59.9,210.70000000000005
2023-08-01,region_6,0.869,0.219,3.8,98.4,100.0,0,8,213,1,15.8,192.20000000000002
2023-08-02,region_6,0.869,0.219,4.8,96.3,98.9,0,8,214,1,16.799999999999997,159.00000000000006
2023-08-03,region_6,0.869,0.219,49.2,96.8,100.0,1,8,215,1,57.8,207.60000000000002
2023-08-04,region_6,0.869,0.219,4.1,100.0,100.0,0,8,216,1,58.1,121.80000000000004
2023-08-05,region_6,0.869,0.219,0.4,97.7,98.9,0,8,217,1,53.699999999999996,74.30000000000004
2023-08-06,region_6,0.869,0.219,14.1,92.6,97.5,0,8,218,1,18.599999999999994,84.60000000000004
2023-08-07,region_6,0.869,0.219,9.0,97.0,100.0,0,8,219,1,23.499999999999993,85.40000000000003
2023-08-08,region_6,0.869,0.219,2.2,100.0,100.0,0,8,220,1,25.299999999999994,83.80000000000004
2023-08-09,region_6,0.869,0.219,18.3,95.1,98.7,0,8,221,1,29.499999999999993,97.30000000000004
2023-08-10,region_6,0.869,0.219,53.2,100.0,100.0,1,8,222,1,73.69999999999999,101.30000000000004
2023-08-11,region_6,0.869,0.219,7.2,100.0,98.6,0,8,223,1,78.69999999999999,104.40000000000005
2023-08-12,region_6,0.869,0.219,0.0,98.3,100.0,0,8,224,1,60.4,104.00000000000004
2023-08-13,region_6,0.869,0.219,1.1,95.7,98.5,0,8,225,1,8.299999999999994,91.00000000000006
2023-08-14,region_6,0.869,0.219,3.7,91.6,95.0,0,8,226,1,4.799999999999994,85.70000000000006
2023-08-15,region_6,0.869,0.219,5.4,90.2,96.1,0,8,227,1,10.199999999999994,88.90000000000005
2023-08-16,region_6,0.869,0.219,43.9,87.6,98.0,0,8,228,1,52.99999999999999,114.50000000000006
2023-08-17,region_6,0.869,0.219,1.9,100.0,100.0,0,8,229,1,51.19999999999999,63.20000000000004
2023-08-18,region_6,0.869,0.219,75.9,96.0,99.8,0,8,230,1,121.69999999999999,131.90000000000003
2023-08-19,region_6,0.869,0.219,0.2,100.0,100.0,0,8,231,1,77.99999999999999,132.10000000000002
2023-08-20,region_6,0.869,0.219,1.5,96.0,96.9,0,8,232,1,77.6,132.50000000000003
2023-08-21,region_6,0.869,0.219,1.4,93.9,98.0,0,8,233,1,3.0999999999999854,130.20000000000002
2023-08-22,region_6,0.869,0.219,68.6,90.7,95.2,0,8,234,1,71.49999999999999,193.40000000000003
2023-08-23,region_6,0.869,0.219,16.6,100.0,100.0,0,8,235,1,86.6,166.10000000000005
2023-08-24,region_6,0.869,0.219,10.7,100.0,99.0,0,8,236,1,95.89999999999998,174.90000000000003
2023-08-25,region_6,0.869,0.219,17.8,100.0,99.1,0,8,237,1,45.09999999999999,116.80000000000001
2023-08-26,region_6,0.869,0.219,94.1,100.0,99.9,1,8,238,1,122.59999999999998,210.7
2023-08-27,region_6,0.869,0.219,1.3,98.3,100.0,0,8,239,1,113.19999999999997,210.5
2023-08-28,region_6,0.869,0.219,6.0,95.3,98.9,0,8,240,1,101.39999999999998,215.1
2023-08-29,region_6,0.869,0.219,72.0,95.8,100.0,0,8,241,1,79.29999999999998,218.5
2023-08-30,region_6,0.869,0.219,5.5,100.0,99.8,0,8,242,1,83.49999999999999,207.4
2023-08-31,region_6,0.869,0.219,6.7,98.5,100.0,0,8,243,1,84.19999999999999,203.4
2023-09-01,region_6,0.869,0.219,1.5,97.4,100.0,0,9,244,1,13.699999999999985,187.1
2023-09-02,region_6,0.869,0.219,23.3,95.5,98.1,0,9,245,1,31.499999999999986,116.30000000000001
2023-09-03,region_6,0.869,0.219,3.1,99.6,99.9,0,9,246,1,27.899999999999988,118.10000000000001
2023-09-04,region_6,0.869,0.219,3.8,95.3,99.3,0,9,247,1,30.199999999999985,115.90000000000002
2023-09-05,region_6,0.869,0.219,2.6,94.5,98.5,0,9,248,1,9.499999999999986,46.500000000000014
2023-09-06,region_6,0.869,0.219,4.1,92.1,98.9,0,9,249,1,10.499999999999986,45.100000000000016
2023-09-07,region_6,0.869,0.219,13.1,91.3,98.9,0,9,250,1,19.799999999999983,51.500000000000014
2023-09-08,region_6,0.869,0.219,4.9,92.4,100.0,0,9,251,1,22.099999999999984,54.90000000000001
2023-09-09,region_6,0.869,0.219,7.5,89.9,99.4,0,9,252,1,25.499999999999986,39.100000000000016
2023-09-10,region_6,0.869,0.219,37.5,94.7,98.7,0,9,253,1,49.899999999999984,73.50000000000001
2023-09-11,region_6,0.869,0.219,4.6,100.0,99.2,0,9,254,1,49.59999999999999,74.30000000000001
2023-09-12,region_6,0.869,0.219,71.9,99.3,99.7,1,9,255,1,114.0,143.60000000000002
2023-09-13,region_6,0.869,0.219,1.0,98.1,100.0,0,9,256,1,77.5,140.50000000000003
2023-09-14,region_6,0.869,0.219,2.9,95.7,100.0,0,9,257,1,75.80000000000001,130.3
2023-09-15,region_6,0.869,0.219,5.9,92.8,98.2,0,9,258,1,9.8,131.3
2023-09-16,region_6,0.869,0.219,7.0,92.6,97.9,0,9,259,1,15.8,130.8
2023-09-17,region_6,0.869,0.219,0.0,93.1,100.0,0,9,260,1,12.9,93.30000000000001
2023-09-18,region_6,0.869,0.219,4.1,86.2,97.9,0,9,261,1,11.1,92.80000000000003
2023-09-19,region_6,0.869,0.219,15.6,87.3,96.9,0,9,262,1,19.7,36.500000000000014
2023-09-20,region_6,0.869,0.219,0.1,94.2,100.0,0,9,263,1,19.8,35.600000000000016
2023-09-21,region_6,0.869,0.219,26.0,88.5,98.4,0,9,264,1,41.7,58.70000000000002
2023-09-22,region_6,0.869,0.219,3.2,100.0,100.0,0,9,265,1,29.3,56.000000000000014
2023-09-23,region_6,0.869,0.219,0.9,96.5,99.3,0,9,266,0,30.100000000000005,49.90000000000001
2023-09-24,region_6,0.869,0.219,1.6,93.5,97.4,0,9,267,0,5.700000000000004,51.50000000000002
2023-09-25,region_6,0.869,0.219,52.1,92.2,96.7,0,9,268,0,54.60000000000001,99.50000000000003
2023-09-26,region_6,0.869,0.219,2.7,100.0,100.0,0,9,269,0,56.400000000000006,86.60000000000002
2023-09-27,region_6,0.869,0.219,8.4,95.1,99.1,0,9,270,0,63.2,94.90000000000002
2023-09-28,region_6,0.869,0.219,26.0,98.8,100.0,0,9,271,0,37.1,94.90000000000002
2023-09-29,region_6,0.869,0.219,2.8,96.4,100.0,0,9,272,0,37.199999999999996,94.50000000000001
2023-09-30,region_6,0.869,0.219,3.6,97.9,100.0,0,9,273,0,32.4,97.20000000000003
2023-10-01,region_6,0.869,0.219,2.6,97.3,99.9,0,10,274,0,9.0,98.20000000000002
2023-10-02,region_6,0.869,0.219,0.3,91.1,98.5,0,10,275,0,6.5,46.40000000000001
2023-10-03,region_6,0.869,0.219,20.8,89.0,95.6,0,10,276,0,23.7,64.50000000000001
2023-10-04,region_6,0.869,0.219,45.6,95.2,99.9,0,10,277,0,66.7,101.70000000000002
2023-10-05,region_6,0.869,0.219,16.0,98.5,100.0,0,10,278,0,82.4,91.70000000000002
2023-10-06,region_6,0.869,0.219,1.4,100.0,99.9,0,10,279,0,63.0,90.30000000000003
2023-10-07,region_6,0.869,0.219,1.1,95.9,98.2,0,10,280,0,18.499999999999993,87.80000000000001
2023-10-08,region_6,0.869,0.219,3.4,95.3,97.7,0,10,281,0,5.899999999999993,88.60000000000002
2023-10-09,region_6,0.869,0.219,34.0,89.7,98.5,0,10,282,0,38.49999999999999,122.30000000000001
2023-10-10,region_6,0.869,0.219,9.5,100.0,100.0,0,10,283,0,46.89999999999999,111.0
2023-10-11,region_6,0.869,0.219,1.0,100.0,100.0,0,10,284,0,44.49999999999999,66.4
2023-10-12,region_6,0.869,0.219,4.0,95.5,97.7,0,10,285,0,14.499999999999993,54.40000000000001
2023-10-13,region_6,0.869,0.219,0.2,91.2,98.2,0,10,286,0,5.199999999999993,53.20000000000002
2023-10-14,region_6,0.869,0.219,34.8,91.3,96.2,0,10,287,0,38.99999999999999,86.9
2023-10-15,region_6,0.869,0.219,4.4,98.2,99.3,0,10,288,0,39.39999999999999,87.9
2023-10-16,region_6,0.869,0.219,0.7,97.9,99.3,0,10,289,0,39.89999999999999,54.600000000000016
2023-10-17,region_6,0.869,0.219,6.6,93.4,98.8,0,10,290,0,11.699999999999992,51.70000000000002
2023-10-18,region_6,0.869,0.219,8.2,94.7,99.6,0,10,291,0,15.499999999999991,58.90000000000001
2023-10-19,region_6,0.869,0.219,16.7,94.7,98.9,0,10,292,0,31.499999999999993,71.60000000000001
2023-10-20,region_6,0.869,0.219,8.0,100.0,100.0,0,10,293,0,32.89999999999999,79.4
2023-10-21,region_6,0.869,0.219,11.5,99.5,99.5,0,10,294,0,36.19999999999999,56.10000000000001
2023-10-22,region_6,0.869,0.219,0.8,100.0,100.0,0,10,295,0,20.29999999999999,52.500000000000014
2023-10-23,region_6,0.869,0.219,0.1,96.0,97.8,0,10,296,0,12.39999999999999,51.90000000000001
2023-10-24,region_6,0.869,0.219,1.0,90.0,97.2,0,10,297,0,1.8999999999999893,46.30000000000001
2023-10-25,region_6,0.869,0.219,9.9,88.0,93.6,0,10,298,0,10.99999999999999,48.000000000000014
2023-10-26,region_6,0.869,0.219,0.5,93.9,98.8,0,10,299,0,11.39999999999999,31.800000000000015
2023-10-27,region_6,0.869,0.219,1.5,88.8,95.7,0,10,300,0,11.89999999999999,25.300000000000015
2023-10-28,region_6,0.869,0.219,1.1,84.8,94.8,0,10,301,0,3.0999999999999894,14.900000000000015
2023-10-29,region_6,0.869,0.219,0.2,80.2,92.1,0,10,302,0,2.7999999999999896,14.300000000000015
2023-10-30,region_6,0.869,0.219,0.5,71.9,91.0,0,10,303,0,1.7999999999999894,14.700000000000015
2023-10-31,region_6,0.869,0.219,0.4,72.0,89.7,0,10,304,0,1.0999999999999894,14.100000000000014
2023-11-01,region_6,0.869,0.219,0.1,69.0,86.4,0,11,305,0,0.9999999999999895,4.300000000000014
2023-11-02,region_6,0.869,0.219,0.3,65.2,84.3,0,11,306,0,0.7999999999999894,4.100000000000014
2023-11-03,region_6,0.869,0.219,1.2,61.5,84.5,0,11,307,0,1.5999999999999894,3.800000000000014
2023-11-04,region_6,0.869,0.219,0.0,61.6,81.3,0,11,308,0,1.4999999999999891,2.7000000000000144
2023-11-05,region_6,0.869,0.219,6.7,55.7,80.2,0,11,309,0,7.89999999999999,9.200000000000014
2023-11-06,region_6,0.869,0.219,28.0,59.0,79.8,0,11,310,0,34.69999999999999,36.70000000000002
2023-11-07,region_6,0.869,0.219,0.3,80.0,84.8,0,11,311,0,34.999999999999986,36.600000000000016
2023-11-08,region_6,0.869,0.219,1.2,78.5,85.6,0,11,312,0,29.499999999999986,37.70000000000002
2023-11-09,region_6,0.869,0.219,0.3,72.0,81.8,0,11,313,0,1.7999999999999858,37.70000000000002
2023-11-10,region_6,0.869,0.219,0.7,64.8,80.6,0,11,314,0,2.199999999999986,37.20000000000002
2023-11-11,region_6,0.869,0.219,1.1,65.8,77.7,0,11,315,0,2.099999999999986,38.30000000000001
2023-11-12,region_6,0.869,0.219,3.0,64.4,78.7,0,11,316,0,4.799999999999986,34.600000000000016
2023-11-13,region_6,0.869,0.219,0.2,62.0,75.1,0,11,317,0,4.299999999999986,6.800000000000014
2023-11-14,region_6,0.869,0.219,1.4,61.0,74.5,0,11,318,0,4.599999999999985,7.900000000000015
2023-11-15,region_6,0.869,0.219,5.0,57.2,72.6,0,11,319,0,6.599999999999985,11.700000000000014
2023-11-16,region_6,0.869,0.219,0.5,57.9,72.8,0,11,320,0,6.899999999999985,11.900000000000013
2023-11-17,region_6,0.869,0.219,1.2,55.6,71.2,0,11,321,0,6.699999999999986,12.400000000000015
2023-11-18,region_6,0.869,0.219,0.7,51.9,69.8,0,11,322,0,2.3999999999999857,12.000000000000014
2023-11-19,region_6,0.869,0.219,0.3,50.2,70.0,0,11,323,0,2.1999999999999855,9.300000000000015
2023-11-20,region_6,0.869,0.219,0.4,48.1,68.0,0,11,324,0,1.3999999999999857,9.500000000000014
2023-11-21,region_6,0.869,0.219,0.3,45.1,64.2,0,11,325,0,0.9999999999999858,8.400000000000015
2023-11-22,region_6,0.869,0.219,0.2,42.2,65.9,0,11,326,0,0.8999999999999857,3.6000000000000143
2023-11-23,region_6,0.869,0.219,0.6,43.2,64.0,0,11,327,0,1.0999999999999859,3.7000000000000144
2023-11-24,region_6,0.869,0.219,0.1,40.1,60.9,0,11,328,0,0.8999999999999858,2.600000000000014
2023-11-25,region_6,0.869,0.219,0.0,38.4,60.5,0,11,329,0,0.6999999999999859,1.9000000000000143
2023-11-26,region_6,0.869,0.219,0.9,35.5,61.0,0,11,330,0,0.9999999999999859,2.500000000000014
2023-11-27,region_6,0.869,0.219,0.1,36.6,59.0,0,11,331,0,0.9999999999999859,2.2000000000000144
2023-11-28,region_6,0.869,0.219,0.2,33.8,58.9,0,11,332,0,1.199999999999986,2.1000000000000143
2023-11-29,region_6,0.869,0.219,1.3,33.2,57.0,0,11,333,0,1.5999999999999859,3.2000000000000144
2023-11-30,region_6,0.869,0.219,0.0,31.5,51.8,0,11,334,0,1.499999999999986,2.6000000000000143
2023-12-01,region_6,0.869,0.219,0.7,28.3,54.4,0,12,335,0,1.999999999999986,3.2000000000000144
2023-12-02,region_6,0.869,0.219,0.2,28.8,52.0,0,12,336,0,0.8999999999999859,3.400000000000014
2023-12-03,region_6,0.869,0.219,0.3,26.2,50.6,0,12,337,0,1.199999999999986,2.800000000000014
2023-12-04,region_6,0.869,0.219,8.8,27.3,48.5,0,12,338,0,9.299999999999986,11.500000000000014
2023-12-05,region_6,0.869,0.219,4.2,31.6,48.8,0,12,339,0,13.299999999999986,15.500000000000014
2023-12-06,region_6,0.869,0.219,7.7,34.3,50.7,0,12,340,0,20.69999999999999,21.900000000000013
2023-12-07,region_6,0.869,0.219,0.0,37.4,49.7,0,12,341,0,11.899999999999986,21.900000000000013
2023-12-08,region_6,0.869,0.219,0.7,35.3,46.0,0,12,342,0,8.399999999999986,21.900000000000016
2023-12-09,region_6,0.869,0.219,31.7,34.7,44.8,0,12,343,0,32.399999999999984,53.40000000000002
2023-12-10,region_6,0.869,0.219,1.6,58.2,48.4,0,12,344,0,33.999999999999986,54.70000000000001
2023-12-11,region_6,0.869,0.219,1.7,52.8,45.6,0,12,345,0,34.99999999999998,47.600000000000016
2023-12-12,region_6,0.869,0.219,0.0,52.2,45.6,0,12,346,0,3.2999999999999856,43.40000000000001
2023-12-13,region_6,0.869,0.219,0.4,50.2,44.5,0,12,347,0,2.099999999999986,36.100000000000016
2023-12-14,region_6,0.869,0.219,0.2,47.3,45.0,0,12,348,0,0.5999999999999859,36.30000000000002
2023-12-15,region_6,0.869,0.219,1.6,45.1,43.2,0,12,349,0,2.199999999999986,37.20000000000002
2023-12-16,region_6,0.869,0.219,15.9,46.0,40.4,0,12,350,0,17.699999999999985,21.400000000000013
2023-12-17,region_6,0.869,0.219,0.9,53.1,43.2,0,12,351,0,18.399999999999988,20.700000000000014
2023-12-18,region_6,0.869,0.219,0.0,50.2,43.3,0,12,352,0,16.799999999999986,19.000000000000014
2023-12-19,region_6,0.869,0.219,0.3,46.9,41.3,0,12,353,0,1.1999999999999857,19.300000000000015
2023-12-20,region_6,0.869,0.219,0.8,43.4,40.9,0,12,354,0,1.0999999999999859,19.700000000000017
2023-12-21,region_6,0.869,0.219,1.1,45.8,40.9,0,12,355,0,2.199999999999986,20.600000000000016
2023-12-22,region_6,0.869,0.219,7.6,42.5,37.5,0,12,356,0,9.499999999999986,26.600000000000016
2023-12-23,region_6,0.869,0.219,0.8,43.7,38.6,0,12,357,0,9.499999999999986,11.500000000000014
2023-12-24,region_6,0.869,0.219,0.4,44.6,41.2,0,12,358,0,8.799999999999985,11.000000000000012
2023-12-25,region_6,0.869,0.219,3.5,42.4,37.7,0,12,359,0,4.699999999999986,14.500000000000014
2023-12-26,region_6,0.869,0.219,34.9,41.4,37.7,0,12,360,0,38.79999999999998,49.100000000000016
2023-12-27,region_6,0.869,0.219,1.0,71.0,41.2,0,12,361,0,39.399999999999984,49.30000000000001
2023-12-28,region_6,0.869,0.219,0.1,68.8,40.1,0,12,362,0,35.999999999999986,48.30000000000002
2023-12-29,region_6,0.869,0.219,0.7,64.1,39.0,0,12,363,0,1.7999999999999856,41.40000000000001
2023-12-30,region_6,0.869,0.219,2.0,60.8,40.0,0,12,364,0,2.7999999999999856,42.600000000000016
2023-12-31,region_6,0.869,0.219,0.9,61.3,39.7,0,12,365,0,3.5999999999999854,43.100000000000016
2024-01-01,region_6,0.869,0.219,0.1,58.5,37.7,0,1,1,0,2.999999999999986,39.70000000000001
2024-01-02,region_6,0.869,0.219,0.4,53.0,37.0,0,1,2,0,1.3999999999999857,5.200000000000014
2024-01-03,region_6,0.869,0.219,0.4,50.6,36.3,0,1,3,0,0.8999999999999858,4.600000000000014
2024-01-04,region_6,0.869,0.219,0.6,47.0,33.7,0,1,4,0,1.3999999999999857,5.100000000000015
2024-01-05,region_6,0.869,0.219,0.5,45.8,35.4,0,1,5,0,1.4999999999999858,4.900000000000015
2024-01-06,region_6,0.869,0.219,0.2,45.6,33.4,0,1,6,0,1.2999999999999858,3.1000000000000143
2024-01-07,region_6,0.869,0.219,0.5,42.4,35.0,0,1,7,0,1.1999999999999857,2.7000000000000144
2024-01-08,region_6,0.869,0.219,0.1,42.4,33.3,0,1,8,0,0.7999999999999857,2.7000000000000144
2024-01-09,region_6,0.869,0.219,0.0,38.6,31.9,0,1,9,0,0.5999999999999857,2.3000000000000145
2024-01-10,region_6,0.869,0.219,0.2,35.5,31.9,0,1,10,0,0.2999999999999857,2.1000000000000143
2024-01-11,region_6,0.869,0.219,1.2,34.0,32.2,0,1,11,0,1.3999999999999857,2.7000000000000144
2024-01-12,region_6,0.869,0.219,0.4,35.7,28.0,0,1,12,0,1.7999999999999856,2.6000000000000143
2024-01-13,region_6,0.869,0.219,0.7,34.7,30.2,0,1,13,0,2.2999999999999856,3.1000000000000143
2024-01-14,region_6,0.869,0.219,0.1,28.6,27.6,0,1,14,0,1.1999999999999857,2.700000000000014
2024-01-15,region_6,0.869,0.219,0.0,30.0,28.8,0,1,15,0,0.7999999999999857,2.6000000000000143
2024-01-16,region_6,0.869,0.219,0.9,30.5,29.3,0,1,16,0,0.9999999999999858,3.500000000000014
2024-01-17,region_6,0.869,0.219,0.1,27.8,27.0,0,1,17,0,0.9999999999999858,3.400000000000014
2024-01-18,region_6,0.869,0.219,0.3,26.4,27.4,0,1,18,0,1.2999999999999858,2.500000000000014
2024-01-19,region_6,0.869,0.219,2.1,29.4,26.5,0,1,19,0,2.499999999999986,4.200000000000014
2024-01-20,region_6,0.869,0.219,1.4,25.6,25.9,0,1,20,0,3.7999999999999856,4.900000000000015
2024-01-21,region_6,0.869,0.219,0.4,28.9,24.9,0,1,21,0,3.8999999999999857,5.200000000000014
2024-01-22,region_6,0.869,0.219,2.0,23.8,23.7,0,1,22,0,3.7999999999999856,7.2000000000000135
2024-01-23,region_6,0.869,0.219,0.1,25.8,24.4,0,1,23,0,2.499999999999986,6.400000000000015
2024-01-24,region_6,0.869,0.219,0.3,23.3,24.1,0,1,24,0,2.3999999999999857,6.600000000000014
2024-01-25,region_6,0.869,0.219,4.9,26.1,23.9,0,1,25,0,5.2999999999999865,11.200000000000014
2024-01-26,region_6,0.869,0.219,27.7,24.6,22.5,0,1,26,0,32.899999999999984,36.80000000000001
2024-01-27,region_6,0.869,0.219,0.4,45.5,23.3,0,1,27,0,32.99999999999999,35.80000000000002
2024-01-28,region_6,0.869,0.219,1.2,42.6,23.3,0,1,28,0,29.299999999999986,36.600000000000016
2024-01-29,region_6,0.869,0.219,0.4,44.2,23.5,0,1,29,0,1.9999999999999893,35.00000000000002
2024-01-30,region_6,0.869,0.219,3.4,40.8,21.7,0,1,30,0,4.999999999999989,38.30000000000002
2024-01-31,region_6,0.869,0.219,0.2,39.1,21.3,0,1,31,0,3.9999999999999893,38.20000000000001
2024-02-01,region_6,0.869,0.219,0.3,38.3,22.9,0,2,32,0,3.8999999999999893,33.600000000000016
2024-02-02,region_6,0.869,0.219,0.2,36.0,20.1,0,2,33,0,0.6999999999999893,6.100000000000014
2024-02-03,region_6,0.869,0.219,5.2,35.9,19.7,0,2,34,0,5.6999999999999895,10.900000000000013
2024-02-04,region_6,0.869,0.219,0.3,35.6,21.7,0,2,35,0,5.6999999999999895,10.000000000000014
2024-02-05,region_6,0.869,0.219,0.7,31.6,19.0,0,2,36,0,6.1999999999999895,10.300000000000015
2024-02-06,region_6,0.869,0.219,0.2,35.3,20.2,0,2,37,0,1.1999999999999893,7.100000000000014
2024-02-07,region_6,0.869,0.219,0.2,34.7,19.3,0,2,38,0,1.0999999999999894,7.100000000000015
2024-02-08,region_6,0.869,0.219,0.8,31.6,17.8,0,2,39,0,1.1999999999999895,7.600000000000015
2024-02-09,region_6,0.869,0.219,1.0,30.2,17.9,0,2,40,0,1.9999999999999893,8.400000000000015
2024-02-10,region_6,0.869,0.219,1.2,27.3,20.0,0,2,41,0,2.9999999999999893,4.400000000000015
2024-02-11,region_6,0.869,0.219,0.0,28.3,19.2,0,2,42,0,2.1999999999999895,4.100000000000014
2024-02-12,region_6,0.869,0.219,0.2,26.9,18.7,0,2,43,0,1.3999999999999895,3.6000000000000143
2024-02-13,region_6,0.869,0.219,0.3,26.6,19.5,0,2,44,0,0.49999999999998956,3.700000000000014
2024-02-14,region_6,0.869,0.219,0.5,23.7,18.4,0,2,45,0,0.9999999999999896,4.000000000000014
2024-02-15,region_6,0.869,0.219,1.2,26.0,18.0,0,2,46,0,1.9999999999999896,4.400000000000014
2024-02-16,region_6,0.869,0.219,0.0,24.0,16.4,0,2,47,0,1.6999999999999895,3.4000000000000137
2024-02-17,region_6,0.869,0.219,8.0,23.8,15.5,0,2,48,0,9.199999999999989,10.200000000000014
2024-02-18,region_6,0.869,0.219,0.1,27.7,14.9,0,2,49,0,8.099999999999989,10.300000000000013
2024-02-19,region_6,0.869,0.219,0.0,24.1,13.9,0,2,50,0,8.099999999999989,10.100000000000014
2024-02-20,region_6,0.869,0.219,0.4,24.6,15.1,0,2,51,0,0.49999999999998934,10.200000000000014
2024-02-21,region_6,0.869,0.219,0.5,23.8,15.2,0,2,52,0,0.8999999999999894,10.200000000000014
2024-02-22,region_6,0.869,0.219,0.2,24.1,14.2,0,2,53,0,1.0999999999999894,9.200000000000014
2024-02-23,region_6,0.869,0.219,0.4,20.5,14.2,0,2,54,0,1.0999999999999894,9.600000000000014
2024-02-24,region_6,0.869,0.219,1.1,24.0,14.0,0,2,55,0,1.6999999999999895,2.7000000000000144
2024-02-25,region_6,0.869,0.219,0.4,20.4,12.6,0,2,56,0,1.8999999999999897,3.000000000000014
2024-02-26,region_6,0.869,0.219,0.7,19.1,13.1,0,2,57,0,2.1999999999999895,3.7000000000000144
2024-02-27,region_6,0.869,0.219,0.2,18.1,12.2,0,2,58,0,1.2999999999999894,3.500000000000014
2024-02-28,region_6,0.869,0.219,0.2,18.3,12.6,0,2,59,0,1.0999999999999894,3.2000000000000144
2024-02-29,region_6,0.869,0.219,0.0,16.8,12.7,0,2,60,0,0.39999999999998936,3.000000000000014
2024-03-01,region_6,0.869,0.219,0.1,16.7,12.5,0,3,61,0,0.2999999999999894,2.7000000000000144
2024-03-02,region_6,0.869,0.219,0.3,17.5,11.6,0,3,62,0,0.3999999999999893,1.9000000000000141
2024-03-03,region_6,0.869,0.219,21.2,14.7,12.3,0,3,63,0,21.599999999999987,22.700000000000014
2024-03-04,region_6,0.869,0.219,0.9,30.7,11.2,0,3,64,0,22.399999999999984,22.900000000000013
2024-03-05,region_6,0.869,0.219,0.1,29.8,10.8,0,3,65,0,22.19999999999999,22.800000000000015
2024-03-06,region_6,0.869,0.219,0.2,27.2,10.1,0,3,66,0,1.1999999999999893,22.80000000000001
2024-03-07,region_6,0.869,0.219,20.7,23.1,11.4,0,3,67,0,20.99999999999999,43.500000000000014
2024-03-08,region_6,0.869,0.219,0.3,40.8,11.4,0,3,68,0,21.19999999999999,43.70000000000001
2024-03-09,region_6,0.869,0.219,0.7,39.1,11.3,0,3,69,0,21.69999999999999,44.10000000000001
2024-03-10,region_6,0.869,0.219,0.3,35.8,10.3,0,3,70,0,1.2999999999999894,23.200000000000014
2024-03-11,region_6,0.869,0.219,0.6,32.8,11.7,0,3,71,0,1.5999999999999892,22.900000000000013
2024-03-12,region_6,0.869,0.219,0.6,35.9,10.5,0,3,72,0,1.4999999999999893,23.400000000000013
2024-03-13,region_6,0.869,0.219,6.1,33.2,9.7,0,3,73,0,7.299999999999989,29.30000000000001
2024-03-14,region_6,0.869,0.219,2.6,35.7,10.4,0,3,74,0,9.29999999999999,11.200000000000014
2024-03-15,region_6,0.869,0.219,5.2,35.4,10.7,0,3,75,0,13.89999999999999,16.100000000000016
2024-03-16,region_6,0.869,0.219,0.8,39.2,12.3,0,3,76,0,8.599999999999989,16.200000000000014
2024-03-17,region_6,0.869,0.219,0.6,39.3,11.7,0,3,77,0,6.59999999999999,16.500000000000014
2024-03-18,region_6,0.869,0.219,0.5,36.6,9.4,0,3,78,0,1.8999999999999884,16.400000000000013
2024-03-19,region_6,0.869,0.219,0.6,34.3,10.5,0,3,79,0,1.6999999999999884,16.400000000000013
2024-03-20,region_6,0.869,0.219,0.5,34.2,10.5,0,3,80,0,1.5999999999999885,10.800000000000015
2024-03-21,region_6,0.869,0.219,10.1,34.0,10.3,0,3,81,0,11.199999999999989,18.300000000000015
2024-03-22,region_6,0.869,0.219,0.3,36.5,9.5,0,3,82,0,10.89999999999999,13.400000000000015
2024-03-23,region_6,0.869,0.219,1.4,37.6,9.9,0,3,83,0,11.799999999999988,14.000000000000012
2024-03-24,region_6,0.869,0.219,2.2,33.6,9.7,0,3,84,0,3.8999999999999897,15.600000000000014
2024-03-25,region_6,0.869,0.219,1.9,35.7,9.7,0,3,85,0,5.499999999999989,17.000000000000014
2024-03-26,region_6,0.869,0.219,29.9,33.4,9.6,0,3,86,0,33.999999999999986,46.30000000000001
2024-03-27,region_6,0.869,0.219,2.1,50.6,11.8,0,3,87,0,33.899999999999984,47.90000000000001
2024-03-28,region_6,0.869,0.219,1.4,50.4,13.2,0,3,88,0,33.399999999999984,39.20000000000001
2024-03-29,region_6,0.869,0.219,2.2,50.1,10.8,0,3,89,0,5.699999999999986,41.100000000000016
2024-03-30,region_6,0.869,0.219,1.3,48.9,14.3,0,3,90,0,4.899999999999986,41.000000000000014
2024-03-31,region_6,0.869,0.219,0.6,48.4,12.9,0,3,91,0,4.099999999999986,39.40000000000001
2024-04-01,region_6,0.869,0.219,27.3,43.5,12.9,0,4,92,0,29.19999999999999,64.80000000000001
2024-04-02,region_6,0.869,0.219,16.7,62.0,14.7,0,4,93,0,44.59999999999998,51.600000000000016
2024-04-03,region_6,0.869,0.219,0.7,71.5,17.6,0,4,94,0,44.69999999999998,50.20000000000002
2024-04-04,region_6,0.869,0.219,1.2,69.5,16.1,0,4,95,0,18.599999999999984,50.000000000000014
2024-04-05,region_6,0.869,0.219,0.8,64.3,18.0,0,4,96,0,2.699999999999986,48.600000000000016
2024-04-06,region_6,0.869,0.219,0.2,63.0,18.3,0,4,97,0,2.199999999999986,47.500000000000014
2024-04-07,region_6,0.869,0.219,1.8,58.2,17.6,0,4,98,0,2.7999999999999856,48.70000000000002
2024-04-08,region_6,0.869,0.219,0.3,59.1,17.7,0,4,99,0,2.2999999999999856,21.700000000000014
2024-04-09,region_6,0.869,0.219,0.3,53.8,17.4,0,4,100,0,2.3999999999999857,5.300000000000014
2024-04-10,region_6,0.869,0.219,3.3,50.4,17.9,0,4,101,0,3.8999999999999857,7.900000000000014
2024-04-11,region_6,0.869,0.219,6.9,51.8,18.9,0,4,102,0,10.499999999999986,13.600000000000014
2024-04-12,region_6,0.869,0.219,1.3,57.0,17.7,0,4,103,0,11.499999999999986,14.100000000000016
2024-04-13,region_6,0.869,0.219,10.2,53.0,18.3,0,4,104,0,18.399999999999984,24.100000000000016
2024-04-14,region_6,0.869,0.219,1.9,62.6,17.6,0,4,105,0,13.399999999999986,24.200000000000014
2024-04-15,region_6,0.869,0.219,13.0,58.4,18.3,0,4,106,0,25.099999999999987,36.90000000000002
2024-04-16,region_6,0.869,0.219,1.2,66.6,21.0,0,4,107,0,16.099999999999987,37.80000000000001
2024-04-17,region_6,0.869,0.219,1.1,65.0,19.9,0,4,108,0,15.299999999999986,35.600000000000016
2024-04-18,region_6,0.869,0.219,0.4,60.0,21.6,0,4,109,0,2.699999999999986,29.100000000000016
2024-04-19,region_6,0.869,0.219,5.2,58.2,20.8,0,4,110,0,6.699999999999986,33.000000000000014
2024-04-20,region_6,0.869,0.219,7.1,56.2,22.3,0,4,111,0,12.699999999999985,29.900000000000013
2024-04-21,region_6,0.869,0.219,3.3,61.0,23.8,0,4,112,0,15.599999999999984,31.300000000000015
2024-04-22,region_6,0.869,0.219,7.3,60.1,24.2,0,4,113,0,17.699999999999985,25.600000000000016
2024-04-23,region_6,0.869,0.219,30.6,64.4,23.7,0,4,114,0,41.19999999999999,55.000000000000014
2024-04-24,region_6,0.869,0.219,2.2,80.0,29.5,0,4,115,0,40.099999999999994,56.100000000000016
2024-04-25,region_6,0.869,0.219,0.6,78.3,29.3,0,4,116,0,33.399999999999984,56.30000000000002
2024-04-26,region_6,0.869,0.219,0.1,71.0,28.7,0,4,117,0,2.899999999999986,51.20000000000002
2024-04-27,region_6,0.869,0.219,1.1,69.5,27.7,0,4,118,0,1.7999999999999858,45.200000000000024
2024-04-28,region_6,0.869,0.219,1.3,66.6,28.1,0,4,119,0,2.499999999999986,43.20000000000002
2024-04-29,region_6,0.869,0.219,0.5,63.3,29.2,0,4,120,0,2.899999999999986,36.40000000000002
2024-04-30,region_6,0.869,0.219,0.5,61.5,27.9,0,4,121,0,2.2999999999999856,6.3000000000000185
2024-05-01,region_6,0.869,0.219,40.5,58.1,28.1,0,5,122,0,41.499999999999986,44.600000000000016
2024-05-02,region_6,0.869,0.219,1.9,82.6,37.5,0,5,123,0,42.899999999999984,45.90000000000001
2024-05-03,region_6,0.869,0.219,0.2,80.8,36.4,0,5,124,0,42.59999999999999,46.000000000000014
2024-05-04,region_6,0.869,0.219,1.6,75.3,34.6,0,5,125,0,3.699999999999986,46.50000000000002
2024-05-05,region_6,0.869,0.219,1.3,72.6,33.6,0,5,126,0,3.099999999999986,46.500000000000014
2024-05-06,region_6,0.869,0.219,55.6,68.1,33.9,0,5,127,0,58.499999999999986,101.60000000000002
2024-05-07,region_6,0.869,0.219,1.7,100.0,48.2,0,5,128,0,58.59999999999999,102.80000000000001
2024-05-08,region_6,0.869,0.219,1.1,97.0,51.0,0,5,129,0,58.399999999999984,63.40000000000001
2024-05-09,region_6,0.869,0.219,2.0,91.0,48.6,0,5,130,0,4.799999999999986,63.500000000000014
2024-05-10,region_6,0.869,0.219,57.5,87.4,47.3,0,5,131,0,60.59999999999999,120.80000000000001
2024-05-11,region_6,0.869,0.219,16.5,100.0,77.2,0,5,132,0,75.99999999999999,135.70000000000002
2024-05-12,region_6,0.869,0.219,19.6,98.8,83.6,0,5,133,0,93.6,154.0
2024-05-13,region_6,0.869,0.219,1.5,99.9,94.7,0,5,134,0,37.59999999999999,99.9
2024-05-14,region_6,0.869,0.219,1.7,94.7,95.6,0,5,135,1,22.799999999999986,99.9
2024-05-15,region_6,0.869,0.219,75.4,93.4,95.2,0,5,136,1,78.6,174.20000000000002
2024-05-16,region_6,0.869,0.219,29.3,98.9,99.0,0,5,137,1,106.39999999999999,201.50000000000003
2024-05-17,region_6,0.869,0.219,23.3,100.0,99.9,0,5,138,1,128.0,167.3
2024-05-18,region_6,0.869,0.219,6.0,99.7,98.9,0,5,139,1,58.59999999999999,156.8
2024-05-19,region_6,0.869,0.219,2.0,96.9,100.0,0,5,140,1,31.299999999999986,139.20000000000002
2024-05-20,region_6,0.869,0.219,2.9,94.9,100.0,0,5,141,1,10.899999999999986,140.60000000000002
2024-05-21,region_6,0.869,0.219,5.7,94.6,99.6,0,5,142,1,10.599999999999985,144.6
2024-05-22,region_6,0.869,0.219,9.2,94.6,98.5,0,5,143,1,17.799999999999983,78.40000000000002
2024-05-23,region_6,0.869,0.219,0.3,96.4,99.7,0,5,144,1,15.199999999999985,49.40000000000002
2024-05-24,region_6,0.869,0.219,11.4,89.5,99.5,0,5,145,1,20.899999999999984,37.500000000000014
2024-05-25,region_6,0.869,0.219,9.4,94.5,100.0,0,5,146,1,21.099999999999987,40.90000000000001
2024-05-26,region_6,0.869,0.219,49.5,100.0,100.0,1,5,147,1,70.29999999999998,88.4
2024-05-27,region_6,0.869,0.219,10.1,99.5,100.0,0,5,148,1,68.99999999999999,95.60000000000001
2024-05-28,region_6,0.869,0.219,3.7,100.0,98.8,0,5,149,1,63.299999999999976,93.60000000000002
2024-05-29,region_6,0.869,0.219,0.9,97.7,99.4,0,5,150,1,14.699999999999978,85.30000000000001
2024-05-30,region_6,0.869,0.219,12.4,91.3,97.0,0,5,151,1,16.99999999999998,97.40000000000002
2024-05-31,region_6,0.869,0.219,14.7,95.1,100.0,0,5,152,1,27.99999999999998,100.70000000000002
2024-06-01,region_6,0.869,0.219,13.6,99.6,100.0,0,6,153,1,40.699999999999974,104.9
2024-06-02,region_6,0.869,0.219,0.9,99.2,100.0,0,6,154,1,29.199999999999978,56.30000000000001
2024-06-03,region_6,0.869,0.219,2.7,95.3,99.2,0,6,155,1,17.199999999999978,48.90000000000001
2024-06-04,region_6,0.869,0.219,2.1,92.5,97.1,0,6,156,1,5.699999999999979,47.30000000000002
2024-06-05,region_6,0.869,0.219,6.1,89.5,95.5,0,6,157,1,10.899999999999977,52.50000000000001
2024-06-06,region_6,0.869,0.219,7.6,88.6,99.8,0,6,158,1,15.79999999999998,47.70000000000001
2024-06-07,region_6,0.869,0.219,6.9,89.7,99.4,0,6,159,1,20.599999999999977,39.90000000000001
2024-06-08,region_6,0.869,0.219,13.0,93.7,100.0,0,6,160,1,27.49999999999998,39.30000000000001
2024-06-09,region_6,0.869,0.219,10.0,96.8,100.0,0,6,161,1,29.899999999999977,48.40000000000002
2024-06-10,region_6,0.869,0.219,1.0,99.9,100.0,0,6,162,1,23.99999999999998,46.70000000000002
2024-06-11,region_6,0.869,0.219,67.4,94.4,96.9,0,6,163,1,78.39999999999998,112.00000000000003
2024-06-12,region_6,0.869,0.219,1.8,99.6,100.0,0,6,164,1,70.19999999999997,107.70000000000003
2024-06-13,region_6,0.869,0.219,6.5,95.3,100.0,0,6,165,1,75.69999999999997,106.60000000000002
2024-06-14,region_6,0.869,0.219,16.8,95.1,99.5,0,6,166,1,25.099999999999973,116.50000000000003
2024-06-15,region_6,0.869,0.219,19.5,100.0,98.8,0,6,167,1,42.79999999999997,123.00000000000003
2024-06-16,region_6,0.869,0.219,60.8,100.0,98.5,1,6,168,1,97.09999999999997,173.80000000000004
2024-06-17,region_6,0.869,0.219,112.1,100.0,100.0,1,6,169,1,192.39999999999998,284.90000000000003
2024-06-18,region_6,0.869,0.219,6.7,100.0,99.3,0,6,170,1,179.59999999999997,224.20000000000002
2024-06-19,region_6,0.869,0.219,32.7,98.5,100.0,0,6,171,1,151.49999999999997,255.10000000000002
2024-06-20,region_6,0.869,0.219,80.1,99.6,100.0,0,6,172,1,119.49999999999997,328.70000000000005
2024-06-21,region_6,0.869,0.219,71.1,98.5,100.0,0,6,173,1,183.89999999999998,383.0
2024-06-22,region_6,0.869,0.219,47.8,97.5,100.0,0,6,174,1,198.99999999999997,411.3
2024-06-23,region_6,0.869,0.219,1.3,100.0,99.5,0,6,175,1,120.19999999999996,351.80000000000007
2024-06-24,region_6,0.869,0.219,1.5,95.6,98.0,0,6,176,1,50.599999999999966,241.20000000000002
2024-06-25,region_6,0.869,0.219,7.6,92.7,97.3,0,6,177,1,10.39999999999997,242.10000000000002
2024-06-26,region_6,0.869,0.219,7.7,91.7,99.5,0,6,178,1,16.79999999999997,217.10000000000002
2024-06-27,region_6,0.869,0.219,55.7,98.7,99.7,0,6,179,1,70.99999999999997,192.70000000000002
2024-06-28,region_6,0.869,0.219,1.7,100.0,100.0,0,6,180,1,65.09999999999997,123.30000000000003
2024-06-29,region_6,0.869,0.219,34.1,94.3,97.4,0,6,181,1,91.49999999999997,109.60000000000004
2024-06-30,region_6,0.869,0.219,0.5,98.1,100.0,0,6,182,1,36.299999999999976,108.80000000000004
2024-07-01,region_6,0.869,0.219,22.4,94.5,96.5,0,7,183,1,56.99999999999997,129.70000000000005
2024-07-02,region_6,0.869,0.219,17.5,99.7,100.0,0,7,184,1,40.39999999999997,139.60000000000002
2024-07-03,region_6,0.869,0.219,1.5,100.0,100.0,0,7,185,1,41.39999999999997,133.40000000000003
2024-07-04,region_6,0.869,0.219,21.6,96.3,96.5,0,7,186,1,40.59999999999997,99.30000000000003
2024-07-05,region_6,0.869,0.219,4.6,99.6,100.0,0,7,187,1,27.699999999999974,102.20000000000003
2024-07-06,region_6,0.869,0.219,7.2,96.1,100.0,0,7,188,1,33.39999999999997,75.30000000000003
2024-07-07,region_6,0.869,0.219,66.7,98.8,99.8,0,7,189,1,78.49999999999997,141.50000000000003
2024-07-08,region_6,0.869,0.219,0.3,100.0,99.3,0,7,190,1,74.19999999999997,119.40000000000002
2024-07-09,region_6,0.869,0.219,44.4,94.3,97.8,0,7,191,1,111.39999999999998,146.30000000000004
2024-07-10,region_6,0.869,0.219,2.6,98.0,100.0,0,7,192,1,47.29999999999997,147.40000000000003
2024-07-11,region_6,0.869,0.219,17.5,96.8,97.6,0,7,193,1,64.49999999999997,143.3
2024-07-12,region_6,0.869,0.219,0.2,100.0,99.8,0,7,194,1,20.299999999999972,138.90000000000003
2024-07-13,region_6,0.869,0.219,0.3,95.6,98.1,0,7,195,1,17.99999999999997,132.0
2024-07-14,region_6,0.869,0.219,35.2,92.2,96.6,0,7,196,1,35.699999999999974,100.50000000000003
2024-07-15,region_6,0.869,0.219,56.1,99.9,100.0,1,7,197,1,91.59999999999997,156.30000000000004
2024-07-16,region_6,0.869,0.219,169.9,100.0,100.0,0,7,198,1,261.2,281.80000000000007
2024-07-17,region_6,0.869,0.219,25.7,98.8,100.0,0,7,199,1,251.69999999999996,304.9000000000001
2024-07-18,region_6,0.869,0.219,2.7,99.5,99.6,0,7,200,1,198.29999999999995,290.1000000000001
2024-07-19,region_6,0.869,0.219,34.8,97.6,98.4,0,7,201,1,63.19999999999994,324.70000000000005
2024-07-20,region_6,0.869,0.219,58.3,98.1,99.9,1,7,202,1,95.79999999999994,382.70000000000005
2024-07-21,region_6,0.869,0.219,44.5,100.0,99.6,1,7,203,1,137.59999999999994,392.0
2024-07-22,region_6,0.869,0.219,96.3,98.7,99.5,1,7,204,1,199.09999999999994,432.20000000000005
2024-07-23,region_6,0.869,0.219,11.6,100.0,100.0,0,7,205,1,152.39999999999995,273.90000000000003
2024-07-24,region_6,0.869,0.219,0.1,100.0,100.0,0,7,206,1,107.99999999999994,248.3
2024-07-25,region_6,0.869,0.219,3.8,91.8,99.0,0,7,207,1,15.499999999999943,249.4
2024-07-26,region_6,0.869,0.219,0.5,94.7,98.4,0,7,208,1,4.3999999999999435,215.10000000000002
2024-07-27,region_6,0.869,0.219,30.1,87.1,97.1,0,7,209,1,34.39999999999995,186.9
2024-07-28,region_6,0.869,0.219,56.3,99.8,99.8,1,7,210,1,86.89999999999995,198.70000000000002
2024-07-29,region_6,0.869,0.219,81.5,98.0,99.3,1,7,211,1,167.89999999999995,183.90000000000003
2024-07-30,region_6,0.869,0.219,58.7,99.1,100.0,1,7,212,1,196.49999999999994,231.00000000000006
2024-07-31,region_6,0.869,0.219,47.7,100.0,99.6,0,7,213,1,187.89999999999995,278.6
2024-08-01,region_6,0.869,0.219,4.0,98.2,99.1,0,8,214,1,110.39999999999995,278.80000000000007
2024-08-02,region_6,0.869,0.219,107.2,98.7,100.0,0,8,215,1,158.89999999999995,385.50000000000006
2024-08-03,region_6,0.869,0.219,0.5,99.9,98.9,0,8,216,1,111.69999999999995,355.90000000000003
2024-08-04,region_6,0.869,0.219,64.8,96.2,97.8,0,8,217,1,172.49999999999994,364.4000000000001
2024-08-05,region_6,0.869,0.219,2.5,96.9,100.0,0,8,218,1,67.79999999999994,285.4000000000001
2024-08-06,region_6,0.869,0.219,3.8,98.6,100.0,0,8,219,1,71.09999999999994,230.50000000000003
2024-08-07,region_6,0.869,0.219,24.1,96.2,99.4,0,8,220,1,30.399999999999945,206.90000000000003
2024-08-08,region_6,0.869,0.219,3.6,100.0,100.0,0,8,221,1,31.499999999999947,206.50000000000003
2024-08-09,region_6,0.869,0.219,49.5,99.7,98.9,0,8,222,1,77.19999999999995,148.8
2024-08-10,region_6,0.869,0.219,102.9,100.0,100.0,0,8,223,1,155.99999999999994,251.20000000000005
2024-08-11,region_6,0.869,0.219,40.6,100.0,99.9,0,8,224,1,192.99999999999994,227.00000000000003
2024-08-12,region_6,0.869,0.219,19.0,100.0,100.0,0,8,225,1,162.49999999999994,243.50000000000006
2024-08-13,region_6,0.869,0.219,81.1,98.4,100.0,0,8,226,1,140.69999999999993,320.80000000000007
2024-08-14,region_6,0.869,0.219,73.2,99.5,100.0,0,8,227,1,173.29999999999995,369.90000000000003
2024-08-15,region_6,0.869,0.219,6.6,100.0,100.0,0,8,228,1,160.89999999999995,372.90000000000003
2024-08-16,region_6,0.869,0.219,2.5,98.9,100.0,0,8,229,1,82.29999999999994,325.90000000000003
2024-08-17,region_6,0.869,0.219,6.1,97.1,100.0,0,8,230,1,15.199999999999942,229.10000000000002
2024-08-18,region_6,0.869,0.219,69.4,96.1,100.0,0,8,231,1,77.99999999999994,257.90000000000003
2024-08-19,region_6,0.869,0.219,9.1,100.0,99.4,0,8,232,1,84.59999999999994,248.00000000000003
2024-08-20,region_6,0.869,0.219,35.1,98.0,99.0,0,8,233,1,113.59999999999995,202.00000000000006
2024-08-21,region_6,0.869,0.219,0.4,97.8,98.8,0,8,234,1,44.599999999999945,129.20000000000005
2024-08-22,region_6,0.869,0.219,11.5,95.5,99.6,0,8,235,1,46.99999999999994,134.10000000000005
2024-08-23,region_6,0.869,0.219,8.9,98.4,99.3,0,8,236,1,20.799999999999944,140.50000000000006
2024-08-24,region_6,0.869,0.219,1.1,98.6,99.5,0,8,237,1,21.499999999999947,135.50000000000006
2024-08-25,region_6,0.869,0.219,2.3,95.1,98.7,0,8,238,1,12.299999999999944,68.40000000000003
2024-08-26,region_6,0.869,0.219,2.6,92.4,98.1,0,8,239,1,5.999999999999943,61.900000000000034
2024-08-27,region_6,0.869,0.219,34.3,89.9,97.0,0,8,240,1,39.19999999999994,61.10000000000003
2024-08-28,region_6,0.869,0.219,15.3,100.0,100.0,0,8,241,1,52.199999999999946,76.00000000000003
2024-08-29,region_6,0.869,0.219,4.3,99.2,100.0,0,8,242,1,53.89999999999994,68.80000000000003
2024-08-30,region_6,0.869,0.219,1.1,97.7,100.0,0,8,243,1,20.699999999999942,61.00000000000003
2024-08-31,region_6,0.869,0.219,47.6,92.4,98.1,0,8,244,1,52.99999999999994,107.50000000000003
2024-09-01,region_6,0.869,0.219,58.0,98.8,99.2,1,9,245,1,106.69999999999995,163.20000000000005
2024-09-02,region_6,0.869,0.219,7.1,99.3,100.0,0,9,246,1,112.69999999999993,167.70000000000005
2024-09-03,region_6,0.869,0.219,18.4,97.9,100.0,0,9,247,1,83.49999999999994,151.80000000000004
2024-09-04,region_6,0.869,0.219,39.6,97.1,100.0,0,9,248,1,65.09999999999994,176.10000000000002
2024-09-05,region_6,0.869,0.219,69.4,97.8,99.3,0,9,249,1,127.39999999999995,241.20000000000005
2024-09-06,region_6,0.869,0.219,1.4,100.0,100.0,0,9,250,1,110.39999999999995,241.50000000000006
2024-09-07,region_6,0.869,0.219,5.1,96.0,98.8,0,9,251,1,75.89999999999995,199.00000000000003
2024-09-08,region_6,0.869,0.219,0.0,96.0,100.0,0,9,252,1,6.499999999999943,141.00000000000003
2024-09-09,region_6,0.869,0.219,0.9,89.9,97.5,0,9,253,1,5.999999999999943,134.80000000000004
2024-09-10,region_6,0.869,0.219,2.9,85.2,93.9,0,9,254,1,3.799999999999943,119.30000000000003
2024-09-11,region_6,0.869,0.219,15.0,86.6,94.4,0,9,255,1,18.799999999999944,94.70000000000003
2024-09-12,region_6,0.869,0.219,1.3,93.1,99.7,0,9,256,1,19.199999999999946,26.60000000000003
2024-09-13,region_6,0.869,0.219,2.4,89.7,97.9,0,9,257,1,18.699999999999942,27.60000000000003
2024-09-14,region_6,0.869,0.219,0.2,82.4,96.1,0,9,258,1,3.8999999999999435,22.700000000000028
2024-09-15,region_6,0.869,0.219,2.2,83.3,97.1,0,9,259,1,4.799999999999944,24.90000000000003
2024-09-16,region_6,0.869,0.219,3.3,78.8,94.9,0,9,260,1,5.699999999999943,27.300000000000033
2024-09-17,region_6,0.869,0.219,2.9,75.9,93.2,0,9,261,1,8.399999999999944,27.30000000000003
2024-09-18,region_6,0.869,0.219,30.8,75.5,91.1,0,9,262,1,36.99999999999994,43.10000000000003
2024-09-19,region_6,0.869,0.219,3.9,90.7,97.4,0,9,263,1,37.599999999999945,45.70000000000003
2024-09-20,region_6,0.869,0.219,52.9,88.7,98.2,0,9,264,1,87.59999999999994,96.20000000000002
2024-09-21,region_6,0.869,0.219,31.4,100.0,100.0,0,9,265,1,88.19999999999993,127.40000000000002
2024-09-22,region_6,0.869,0.219,4.4,99.6,98.1,0,9,266,0,88.69999999999993,129.60000000000002
2024-09-23,region_6,0.869,0.219,9.7,96.5,100.0,0,9,267,0,45.49999999999994,136.00000000000003
2024-09-24,region_6,0.869,0.219,54.8,99.5,100.0,1,9,268,0,68.89999999999995,187.9
2024-09-25,region_6,0.869,0.219,12.2,100.0,99.3,0,9,269,0,76.69999999999993,169.30000000000004
2024-09-26,region_6,0.869,0.219,3.4,98.8,100.0,0,9,270,0,70.39999999999995,168.8
2024-09-27,region_6,0.869,0.219,0.8,98.1,100.0,0,9,271,0,16.39999999999994,116.70000000000002
2024-09-28,region_6,0.869,0.219,5.8,90.4,99.3,0,9,272,0,9.999999999999943,91.10000000000002
2024-09-29,region_6,0.869,0.219,38.3,91.7,98.5,0,9,273,0,44.89999999999994,125.00000000000001
2024-09-30,region_6,0.869,0.219,8.0,100.0,100.0,0,9,274,0,52.099999999999945,123.30000000000003
2024-10-01,region_6,0.869,0.219,0.7,98.3,100.0,0,10,275,0,46.99999999999994,69.20000000000003
2024-10-02,region_6,0.869,0.219,0.7,93.9,99.2,0,10,276,0,9.399999999999944,57.700000000000024
2024-10-03,region_6,0.869,0.219,5.2,91.7,97.5,0,10,277,0,6.599999999999943,59.50000000000002
2024-10-04,region_6,0.869,0.219,31.2,90.5,95.6,0,10,278,0,37.099999999999945,89.90000000000002
2024-10-05,region_6,0.869,0.219,11.8,100.0,100.0,0,10,279,0,48.19999999999994,95.90000000000002
2024-10-06,region_6,0.869,0.219,8.7,100.0,99.6,0,10,280,0,51.699999999999946,66.30000000000003
2024-10-07,region_6,0.869,0.219,3.1,97.9,98.2,0,10,281,0,23.59999999999994,61.40000000000003
2024-10-08,region_6,0.869,0.219,0.1,95.3,99.1,0,10,282,0,11.899999999999938,60.800000000000026
2024-10-09,region_6,0.869,0.219,1.1,93.9,96.9,0,10,283,0,4.29999999999994,61.200000000000024
2024-10-10,region_6,0.869,0.219,24.5,86.8,94.9,0,10,284,0,25.69999999999994,80.50000000000003
2024-10-11,region_6,0.869,0.219,2.0,100.0,100.0,0,10,285,0,27.599999999999937,51.300000000000026
2024-10-12,region_6,0.869,0.219,1.3,95.9,97.9,0,10,286,0,27.79999999999994,40.80000000000003
2024-10-13,region_6,0.869,0.219,1.1,95.3,97.5,0,10,287,0,4.39999999999994,33.20000000000003
2024-10-14,region_6,0.869,0.219,1.1,88.1,95.3,0,10,288,0,3.4999999999999396,31.200000000000028
2024-10-15,region_6,0.869,0.219,2.9,86.6,95.1,0,10,289,0,5.09999999999994,34.00000000000003
2024-10-16,region_6,0.869,0.219,17.5,81.9,93.3,0,10,290,0,21.49999999999994,50.40000000000003
2024-10-17,region_6,0.869,0.219,12.1,90.2,97.9,0,10,291,0,32.499999999999936,38.00000000000003
2024-10-18,region_6,0.869,0.219,0.6,97.1,99.6,0,10,292,0,30.19999999999994,36.60000000000003
2024-10-19,region_6,0.869,0.219,26.2,93.8,99.0,0,10,293,0,38.899999999999935,61.50000000000003
2024-10-20,region_6,0.869,0.219,0.3,100.0,100.0,0,10,294,0,27.099999999999937,60.700000000000024
2024-10-21,region_6,0.869,0.219,1.3,98.3,98.5,0,10,295,0,27.79999999999994,60.90000000000003
2024-10-22,region_6,0.869,0.219,3.3,93.6,95.0,0,10,296,0,4.89999999999994,61.300000000000026
2024-10-23,region_6,0.869,0.219,18.3,91.1,96.2,0,10,297,0,22.89999999999994,62.10000000000002
2024-10-24,region_6,0.869,0.219,0.6,100.0,100.0,0,10,298,0,22.199999999999942,50.60000000000002
2024-10-25,region_6,0.869,0.219,0.4,94.6,98.8,0,10,299,0,19.29999999999994,50.40000000000002
2024-10-26,region_6,0.869,0.219,0.5,89.5,96.4,0,10,300,0,1.4999999999999396,24.700000000000028
2024-10-27,region_6,0.869,0.219,19.9,86.5,94.2,0,10,301,0,20.799999999999937,44.300000000000026
2024-10-28,region_6,0.869,0.219,1.4,99.2,99.6,0,10,302,0,21.799999999999937,44.40000000000003
2024-10-29,region_6,0.869,0.219,2.6,93.1,96.3,0,10,303,0,23.899999999999938,43.700000000000024
2024-10-30,region_6,0.869,0.219,29.7,90.9,98.1,0,10,304,0,33.69999999999994,55.10000000000002
2024-10-31,region_6,0.869,0.219,6.0,99.5,100.0,0,10,305,0,38.29999999999994,60.50000000000003
2024-11-01,region_6,0.869,0.219,0.8,99.0,100.0,0,11,306,0,36.499999999999936,60.90000000000003
2024-11-02,region_6,0.869,0.219,1.0,94.9,98.6,0,11,307,0,7.799999999999939,61.40000000000003
2024-11-03,region_6,0.869,0.219,4.2,92.5,97.4,0,11,308,0,5.99999999999994,45.70000000000003
2024-11-04,region_6,0.869,0.219,1.4,87.6,97.4,0,11,309,0,6.599999999999939,45.70000000000003
2024-11-05,region_6,0.869,0.219,1.1,87.5,94.2,0,11,310,0,6.69999999999994,44.20000000000003
2024-11-06,region_6,0.869,0.219,0.4,82.9,95.6,0,11,311,0,2.8999999999999395,14.900000000000029
2024-11-07,region_6,0.869,0.219,1.2,78.7,92.6,0,11,312,0,2.69999999999994,10.100000000000028
2024-11-08,region_6,0.869,0.219,6.1,76.9,91.7,0,11,313,0,7.699999999999939,15.400000000000027
2024-11-09,region_6,0.869,0.219,1.2,76.1,90.7,0,11,314,0,8.499999999999938,15.600000000000026
2024-11-10,region_6,0.869,0.219,1.0,73.4,89.0,0,11,315,0,8.299999999999939,12.400000000000027
2024-11-11,region_6,0.869,0.219,3.6,70.2,86.9,0,11,316,0,5.799999999999939,14.600000000000026
2024-11-12,region_6,0.869,0.219,0.3,67.9,86.9,0,11,317,0,4.899999999999939,13.800000000000027
2024-11-13,region_6,0.869,0.219,3.1,66.4,83.8,0,11,318,0,6.99999999999994,16.50000000000003
2024-11-14,region_6,0.869,0.219,10.4,63.7,83.1,0,11,319,0,13.79999999999994,25.700000000000028
2024-11-15,region_6,0.869,0.219,1.3,67.7,85.9,0,11,320,0,14.79999999999994,20.90000000000003
2024-11-16,region_6,0.869,0.219,2.2,65.1,81.9,0,11,321,0,13.89999999999994,21.900000000000027
2024-11-17,region_6,0.869,0.219,1.7,60.6,81.8,0,11,322,0,5.19999999999994,22.600000000000026
2024-11-18,region_6,0.869,0.219,0.1,61.9,79.2,0,11,323,0,3.9999999999999396,19.10000000000003
2024-11-19,region_6,0.869,0.219,0.5,58.4,77.1,0,11,324,0,2.2999999999999394,19.30000000000003
2024-11-20,region_6,0.869,0.219,0.6,55.6,76.4,0,11,325,0,1.1999999999999396,16.800000000000026
2024-11-21,region_6,0.869,0.219,25.4,54.7,76.0,0,11,326,0,26.49999999999994,31.800000000000026
2024-11-22,region_6,0.869,0.219,19.7,72.1,76.0,0,11,327,0,45.69999999999994,50.200000000000024
2024-11-23,region_6,0.869,0.219,2.1,79.1,82.2,0,11,328,0,47.19999999999994,50.10000000000003
2024-11-24,region_6,0.869,0.219,1.4,76.5,82.1,0,11,329,0,23.19999999999994,49.800000000000026
2024-11-25,region_6,0.869,0.219,0.4,76.6,77.8,0,11,330,0,3.8999999999999395,50.10000000000002
2024-11-26,region_6,0.869,0.219,2.2,70.1,78.7,0,11,331,0,3.9999999999999396,51.800000000000026
2024-11-27,region_6,0.869,0.219,0.4,70.8,77.7,0,11,332,0,2.9999999999999396,51.60000000000002
2024-11-28,region_6,0.869,0.219,18.5,67.7,77.5,0,11,333,0,21.09999999999994,44.70000000000003
2024-11-29,region_6,0.869,0.219,0.8,78.7,78.5,0,11,334,0,19.699999999999942,25.80000000000003
2024-11-30,region_6,0.869,0.219,10.4,74.2,77.7,0,11,335,0,29.69999999999994,34.10000000000003
2024-12-01,region_6,0.869,0.219,0.8,82.2,80.3,0,12,336,0,11.999999999999941,33.50000000000003
2024-12-02,region_6,0.869,0.219,6.6,72.4,79.4,0,12,337,0,17.79999999999994,39.70000000000003
2024-12-03,region_6,0.869,0.219,0.4,80.3,79.0,0,12,338,0,7.799999999999939,37.90000000000003
2024-12-04,region_6,0.869,0.219,0.1,74.6,80.0,0,12,339,0,7.099999999999939,37.60000000000003
2024-12-05,region_6,0.869,0.219,1.2,67.7,77.4,0,12,340,0,1.6999999999999396,20.30000000000003
2024-12-06,region_6,0.869,0.219,0.8,65.9,74.6,0,12,341,0,2.0999999999999392,20.30000000000003
2024-12-07,region_6,0.869,0.219,0.7,65.3,75.3,0,12,342,0,2.69999999999994,10.600000000000028
2024-12-08,region_6,0.869,0.219,0.4,64.5,74.7,0,12,343,0,1.8999999999999395,10.200000000000028
2024-12-09,region_6,0.869,0.219,0.4,59.8,71.5,0,12,344,0,1.4999999999999396,4.000000000000028
2024-12-10,region_6,0.869,0.219,0.5,56.6,70.6,0,12,345,0,1.2999999999999396,4.100000000000028
2024-12-11,region_6,0.869,0.219,0.1,54.5,68.1,0,12,346,0,0.9999999999999396,4.100000000000028
2024-12-12,region_6,0.869,0.219,16.9,49.5,66.7,0,12,347,0,17.49999999999994,19.800000000000026
2024-12-13,region_6,0.869,0.219,0.2,58.4,68.7,0,12,348,0,17.19999999999994,19.200000000000024
2024-12-14,region_6,0.869,0.219,0.3,55.6,66.6,0,12,349,0,17.399999999999938,18.800000000000026
2024-12-15,region_6,0.869,0.219,1.2,53.7,64.6,0,12,350,0,1.6999999999999396,19.600000000000026
2024-12-16,region_6,0.869,0.219,1.7,52.7,62.8,0,12,351,0,3.19999999999994,20.900000000000023
2024-12-17,region_6,0.869,0.219,0.4,49.5,64.0,0,12,352,0,3.29999999999994,20.800000000000026
2024-12-18,region_6,0.869,0.219,0.6,48.0,62.5,0,12,353,0,2.69999999999994,21.300000000000026
2024-12-19,region_6,0.869,0.219,8.7,46.6,61.0,0,12,354,0,9.699999999999939,13.100000000000028
2024-12-20,region_6,0.869,0.219,0.5,49.1,61.9,0,12,355,0,9.799999999999939,13.400000000000029
2024-12-21,region_6,0.869,0.219,0.0,51.2,60.0,0,12,356,0,9.199999999999939,13.100000000000028
2024-12-22,region_6,0.869,0.219,0.3,48.0,56.3,0,12,357,0,0.7999999999999396,12.20000000000003
2024-12-23,region_6,0.869,0.219,1.1,43.9,56.2,0,12,358,0,1.3999999999999397,11.600000000000028
2024-12-24,region_6,0.869,0.219,0.7,44.5,55.3,0,12,359,0,2.0999999999999397,11.900000000000027
2024-12-25,region_6,0.869,0.219,0.6,41.9,51.2,0,12,360,0,2.3999999999999395,11.900000000000027
2024-12-26,region_6,0.869,0.219,0.6,40.0,51.3,0,12,361,0,1.8999999999999395,3.8000000000000282
2024-12-27,region_6,0.869,0.219,0.5,38.8,50.7,0,12,362,0,1.6999999999999396,3.8000000000000282
2024-12-28,region_6,0.869,0.219,0.1,39.3,51.3,0,12,363,0,1.1999999999999398,3.9000000000000283
2024-12-29,region_6,0.869,0.219,0.4,35.2,50.3,0,12,364,0,0.9999999999999396,4.000000000000028
